ISO-10303-21;
HEADER;
FILE_DESCRIPTION(('Open CASCADE Model'),'2;1');
FILE_NAME('Open CASCADE Shape Model','2026-09-15T14:27:16',('Author'),(
    'Open CASCADE'),'Open CASCADE STEP processor 7.8','Open CASCADE 7.8'
  ,'Unknown');
FILE_SCHEMA(('AUTOMOTIVE_DESIGN { 1 0 10303 214 1 1 1 1 }'));
ENDSEC;
DATA;
#1 = APPLICATION_PROTOCOL_DEFINITION('international standard',
  'automotive_design',2000,#2);
#2 = APPLICATION_CONTEXT(
  'core data for automotive mechanical design processes');
#3 = SHAPE_DEFINITION_REPRESENTATION(#4,#10);
#4 = PRODUCT_DEFINITION_SHAPE('','',#5);
#5 = PRODUCT_DEFINITION('design','',#6,#9);
#6 = PRODUCT_DEFINITION_FORMATION('','',#7);
#7 = PRODUCT('Open CASCADE STEP translator 7.8 5',
  'Open CASCADE STEP translator 7.8 5','',(#8));
#8 = PRODUCT_CONTEXT('',#2,'mechanical');
#9 = PRODUCT_DEFINITION_CONTEXT('part definition',#2,'design');
#10 = ADVANCED_BREP_SHAPE_REPRESENTATION('',(#11,#15),#2923);
#11 = AXIS2_PLACEMENT_3D('',#12,#13,#14);
#12 = CARTESIAN_POINT('',(0.,0.,0.));
#13 = DIRECTION('',(0.,0.,1.));
#14 = DIRECTION('',(1.,0.,-0.));
#15 = MANIFOLD_SOLID_BREP('',#16);
#16 = CLOSED_SHELL('',(#17,#583,#659,#708,#757,#784,#852,#1258,#1351,
    #1444,#1862,#1887,#1959,#2351,#2356,#2422,#2452,#2484,#2514,#2519,
    #2593,#2641,#2689,#2737,#2764,#2827,#2866,#2896));
#17 = ADVANCED_FACE('',(#18,#137),#32,.T.);
#18 = FACE_BOUND('',#19,.T.);
#19 = EDGE_LOOP('',(#20,#55,#83,#111));
#20 = ORIENTED_EDGE('',*,*,#21,.T.);
#21 = EDGE_CURVE('',#22,#24,#26,.T.);
#22 = VERTEX_POINT('',#23);
#23 = CARTESIAN_POINT('',(-58.,-38.,0.));
#24 = VERTEX_POINT('',#25);
#25 = CARTESIAN_POINT('',(-58.,38.,0.));
#26 = SURFACE_CURVE('',#27,(#31,#43),.PCURVE_S1.);
#27 = LINE('',#28,#29);
#28 = CARTESIAN_POINT('',(-58.,-38.,0.));
#29 = VECTOR('',#30,1.);
#30 = DIRECTION('',(0.,1.,0.));
#31 = PCURVE('',#32,#37);
#32 = PLANE('',#33);
#33 = AXIS2_PLACEMENT_3D('',#34,#35,#36);
#34 = CARTESIAN_POINT('',(-50.,-30.,0.));
#35 = DIRECTION('',(0.,0.,-1.));
#36 = DIRECTION('',(0.857492925713,0.514495755428,0.));
#37 = DEFINITIONAL_REPRESENTATION('',(#38),#42);
#38 = LINE('',#39,#40);
#39 = CARTESIAN_POINT('',(-10.97590944912,2.74397736228));
#40 = VECTOR('',#41,1.);
#41 = DIRECTION('',(0.514495755428,-0.857492925713));
#42 = ( GEOMETRIC_REPRESENTATION_CONTEXT(2) 
PARAMETRIC_REPRESENTATION_CONTEXT() REPRESENTATION_CONTEXT('2D SPACE',''
  ) );
#43 = PCURVE('',#44,#49);
#44 = PLANE('',#45);
#45 = AXIS2_PLACEMENT_3D('',#46,#47,#48);
#46 = CARTESIAN_POINT('',(-58.,-38.,0.));
#47 = DIRECTION('',(1.,0.,0.));
#48 = DIRECTION('',(0.,0.,1.));
#49 = DEFINITIONAL_REPRESENTATION('',(#50),#54);
#50 = LINE('',#51,#52);
#51 = CARTESIAN_POINT('',(0.,0.));
#52 = VECTOR('',#53,1.);
#53 = DIRECTION('',(0.,-1.));
#54 = ( GEOMETRIC_REPRESENTATION_CONTEXT(2) 
PARAMETRIC_REPRESENTATION_CONTEXT() REPRESENTATION_CONTEXT('2D SPACE',''
  ) );
#55 = ORIENTED_EDGE('',*,*,#56,.T.);
#56 = EDGE_CURVE('',#24,#57,#59,.T.);
#57 = VERTEX_POINT('',#58);
#58 = CARTESIAN_POINT('',(58.,38.,0.));
#59 = SURFACE_CURVE('',#60,(#64,#71),.PCURVE_S1.);
#60 = LINE('',#61,#62);
#61 = CARTESIAN_POINT('',(-58.,38.,0.));
#62 = VECTOR('',#63,1.);
#63 = DIRECTION('',(1.,0.,0.));
#64 = PCURVE('',#32,#65);
#65 = DEFINITIONAL_REPRESENTATION('',(#66),#70);
#66 = LINE('',#67,#68);
#67 = CARTESIAN_POINT('',(28.125767963371,-62.42548499187));
#68 = VECTOR('',#69,1.);
#69 = DIRECTION('',(0.857492925713,0.514495755428));
#70 = ( GEOMETRIC_REPRESENTATION_CONTEXT(2) 
PARAMETRIC_REPRESENTATION_CONTEXT() REPRESENTATION_CONTEXT('2D SPACE',''
  ) );
#71 = PCURVE('',#72,#77);
#72 = PLANE('',#73);
#73 = AXIS2_PLACEMENT_3D('',#74,#75,#76);
#74 = CARTESIAN_POINT('',(-58.,38.,0.));
#75 = DIRECTION('',(0.,1.,0.));
#76 = DIRECTION('',(0.,0.,1.));
#77 = DEFINITIONAL_REPRESENTATION('',(#78),#82);
#78 = LINE('',#79,#80);
#79 = CARTESIAN_POINT('',(0.,0.));
#80 = VECTOR('',#81,1.);
#81 = DIRECTION('',(0.,1.));
#82 = ( GEOMETRIC_REPRESENTATION_CONTEXT(2) 
PARAMETRIC_REPRESENTATION_CONTEXT() REPRESENTATION_CONTEXT('2D SPACE',''
  ) );
#83 = ORIENTED_EDGE('',*,*,#84,.F.);
#84 = EDGE_CURVE('',#85,#57,#87,.T.);
#85 = VERTEX_POINT('',#86);
#86 = CARTESIAN_POINT('',(58.,-38.,0.));
#87 = SURFACE_CURVE('',#88,(#92,#99),.PCURVE_S1.);
#88 = LINE('',#89,#90);
#89 = CARTESIAN_POINT('',(58.,-38.,0.));
#90 = VECTOR('',#91,1.);
#91 = DIRECTION('',(0.,1.,0.));
#92 = PCURVE('',#32,#93);
#93 = DEFINITIONAL_REPRESENTATION('',(#94),#98);
#94 = LINE('',#95,#96);
#95 = CARTESIAN_POINT('',(88.493269933535,62.425484991873));
#96 = VECTOR('',#97,1.);
#97 = DIRECTION('',(0.514495755428,-0.857492925713));
#98 = ( GEOMETRIC_REPRESENTATION_CONTEXT(2) 
PARAMETRIC_REPRESENTATION_CONTEXT() REPRESENTATION_CONTEXT('2D SPACE',''
  ) );
#99 = PCURVE('',#100,#105);
#100 = PLANE('',#101);
#101 = AXIS2_PLACEMENT_3D('',#102,#103,#104);
#102 = CARTESIAN_POINT('',(58.,-38.,0.));
#103 = DIRECTION('',(1.,0.,0.));
#104 = DIRECTION('',(0.,0.,1.));
#105 = DEFINITIONAL_REPRESENTATION('',(#106),#110);
#106 = LINE('',#107,#108);
#107 = CARTESIAN_POINT('',(0.,0.));
#108 = VECTOR('',#109,1.);
#109 = DIRECTION('',(0.,-1.));
#110 = ( GEOMETRIC_REPRESENTATION_CONTEXT(2) 
PARAMETRIC_REPRESENTATION_CONTEXT() REPRESENTATION_CONTEXT('2D SPACE',''
  ) );
#111 = ORIENTED_EDGE('',*,*,#112,.F.);
#112 = EDGE_CURVE('',#22,#85,#113,.T.);
#113 = SURFACE_CURVE('',#114,(#118,#125),.PCURVE_S1.);
#114 = LINE('',#115,#116);
#115 = CARTESIAN_POINT('',(-58.,-38.,0.));
#116 = VECTOR('',#117,1.);
#117 = DIRECTION('',(1.,0.,0.));
#118 = PCURVE('',#32,#119);
#119 = DEFINITIONAL_REPRESENTATION('',(#120),#124);
#120 = LINE('',#121,#122);
#121 = CARTESIAN_POINT('',(-10.97590944912,2.74397736228));
#122 = VECTOR('',#123,1.);
#123 = DIRECTION('',(0.857492925713,0.514495755428));
#124 = ( GEOMETRIC_REPRESENTATION_CONTEXT(2) 
PARAMETRIC_REPRESENTATION_CONTEXT() REPRESENTATION_CONTEXT('2D SPACE',''
  ) );
#125 = PCURVE('',#126,#131);
#126 = PLANE('',#127);
#127 = AXIS2_PLACEMENT_3D('',#128,#129,#130);
#128 = CARTESIAN_POINT('',(-58.,-38.,0.));
#129 = DIRECTION('',(0.,1.,0.));
#130 = DIRECTION('',(0.,0.,1.));
#131 = DEFINITIONAL_REPRESENTATION('',(#132),#136);
#132 = LINE('',#133,#134);
#133 = CARTESIAN_POINT('',(0.,0.));
#134 = VECTOR('',#135,1.);
#135 = DIRECTION('',(0.,1.));
#136 = ( GEOMETRIC_REPRESENTATION_CONTEXT(2) 
PARAMETRIC_REPRESENTATION_CONTEXT() REPRESENTATION_CONTEXT('2D SPACE',''
  ) );
#137 = FACE_BOUND('',#138,.T.);
#138 = EDGE_LOOP('',(#139,#168,#239,#286,#333,#404,#431,#481,#535));
#139 = ORIENTED_EDGE('',*,*,#140,.F.);
#140 = EDGE_CURVE('',#141,#143,#145,.T.);
#141 = VERTEX_POINT('',#142);
#142 = CARTESIAN_POINT('',(33.879311068144,-27.5,0.));
#143 = VERTEX_POINT('',#144);
#144 = CARTESIAN_POINT('',(-33.87931106816,-27.5,0.));
#145 = SURFACE_CURVE('',#146,(#150,#157),.PCURVE_S1.);
#146 = LINE('',#147,#148);
#147 = CARTESIAN_POINT('',(-52.75,-27.5,0.));
#148 = VECTOR('',#149,1.);
#149 = DIRECTION('',(-1.,0.,0.));
#150 = PCURVE('',#32,#151);
#151 = DEFINITIONAL_REPRESENTATION('',(#152),#156);
#152 = LINE('',#153,#154);
#153 = CARTESIAN_POINT('',(-1.071866157141,-3.558595641707));
#154 = VECTOR('',#155,1.);
#155 = DIRECTION('',(-0.857492925713,-0.514495755428));
#156 = ( GEOMETRIC_REPRESENTATION_CONTEXT(2) 
PARAMETRIC_REPRESENTATION_CONTEXT() REPRESENTATION_CONTEXT('2D SPACE',''
  ) );
#157 = PCURVE('',#158,#163);
#158 = PLANE('',#159);
#159 = AXIS2_PLACEMENT_3D('',#160,#161,#162);
#160 = CARTESIAN_POINT('',(-47.5,-27.5,-1.));
#161 = DIRECTION('',(0.,1.,0.));
#162 = DIRECTION('',(0.,0.,1.));
#163 = DEFINITIONAL_REPRESENTATION('',(#164),#167);
#164 = B_SPLINE_CURVE_WITH_KNOTS('',1,(#165,#166),.UNSPECIFIED.,.F.,.F.,
  (2,2),(-100.25,-5.25),.PIECEWISE_BEZIER_KNOTS.);
#165 = CARTESIAN_POINT('',(1.,95.));
#166 = CARTESIAN_POINT('',(1.,0.));
#167 = ( GEOMETRIC_REPRESENTATION_CONTEXT(2) 
PARAMETRIC_REPRESENTATION_CONTEXT() REPRESENTATION_CONTEXT('2D SPACE',''
  ) );
#168 = ORIENTED_EDGE('',*,*,#169,.F.);
#169 = EDGE_CURVE('',#170,#141,#172,.T.);
#170 = VERTEX_POINT('',#171);
#171 = CARTESIAN_POINT('',(47.376667915619,-27.4285972143,
    1.110223024625E-15));
#172 = SURFACE_CURVE('',#173,(#186,#202),.PCURVE_S1.);
#173 = B_SPLINE_CURVE_WITH_KNOTS('',6,(#174,#175,#176,#177,#178,#179,
    #180,#181,#182,#183,#184,#185),.UNSPECIFIED.,.F.,.F.,(7,5,7),(0.,0.5
    ,1.),.UNSPECIFIED.);
#174 = CARTESIAN_POINT('',(47.376667915619,-27.4285972143,0.));
#175 = CARTESIAN_POINT('',(39.489377985932,-27.47502303448,0.));
#176 = CARTESIAN_POINT('',(31.59718592304,-27.51579117355,0.));
#177 = CARTESIAN_POINT('',(23.700842200463,-27.54837505189,0.));
#178 = CARTESIAN_POINT('',(15.801544760814,-27.57077015911,0.));
#179 = CARTESIAN_POINT('',(7.900772053652,-27.58196721271,0.));
#180 = CARTESIAN_POINT('',(-7.900772053653,-27.58196721271,0.));
#181 = CARTESIAN_POINT('',(-15.80154476081,-27.57077015911,0.));
#182 = CARTESIAN_POINT('',(-23.70084220046,-27.54837505189,0.));
#183 = CARTESIAN_POINT('',(-31.59718592303,-27.51579117355,0.));
#184 = CARTESIAN_POINT('',(-39.48937798593,-27.47502303448,0.));
#185 = CARTESIAN_POINT('',(-47.37666791561,-27.4285972143,0.));
#186 = PCURVE('',#32,#187);
#187 = DEFINITIONAL_REPRESENTATION('',(#188),#201);
#188 = B_SPLINE_CURVE_WITH_KNOTS('',6,(#189,#190,#191,#192,#193,#194,
    #195,#196,#197,#198,#199,#200),.UNSPECIFIED.,.F.,.F.,(7,5,7),(0.,0.5
    ,1.),.UNSPECIFIED.);
#189 = CARTESIAN_POINT('',(84.822779685837,47.894922622372));
#190 = CARTESIAN_POINT('',(78.035598480665,43.876755244091));
#191 = CARTESIAN_POINT('',(71.247124583861,39.851214317563));
#192 = CARTESIAN_POINT('',(64.459301435655,35.81651943407));
#193 = CARTESIAN_POINT('',(57.674187575447,31.771568076527));
#194 = CARTESIAN_POINT('',(50.893570034845,27.716255448342));
#195 = CARTESIAN_POINT('',(37.343857747496,19.586428075932));
#196 = CARTESIAN_POINT('',(30.574761879994,15.511912659256));
#197 = CARTESIAN_POINT('',(23.812692395001,11.428554009675));
#198 = CARTESIAN_POINT('',(17.058397781,7.337978235848));
#199 = CARTESIAN_POINT('',(10.311873953215,3.24252052762));
#200 = CARTESIAN_POINT('',(3.572464522885,-0.855266475399));
#201 = ( GEOMETRIC_REPRESENTATION_CONTEXT(2) 
PARAMETRIC_REPRESENTATION_CONTEXT() REPRESENTATION_CONTEXT('2D SPACE',''
  ) );
#202 = PCURVE('',#203,#224);
#203 = B_SPLINE_SURFACE_WITH_KNOTS('',9,1,(
    (#204,#205)
    ,(#206,#207)
    ,(#208,#209)
    ,(#210,#211)
    ,(#212,#213)
    ,(#214,#215)
    ,(#216,#217)
    ,(#218,#219)
    ,(#220,#221)
    ,(#222,#223
    )),.UNSPECIFIED.,.F.,.F.,.F.,(10,10),(2,2),(0.,95.),(0.,1.),
  .PIECEWISE_BEZIER_KNOTS.);
#204 = CARTESIAN_POINT('',(-47.5,-27.5,-1.));
#205 = CARTESIAN_POINT('',(-32.45348570554,-18.78886014531,121.));
#206 = CARTESIAN_POINT('',(-36.94444444444,-27.5,-1.));
#207 = CARTESIAN_POINT('',(-28.08611722942,-26.33249660406,121.));
#208 = CARTESIAN_POINT('',(-26.38888888888,-27.5,-1.));
#209 = CARTESIAN_POINT('',(-21.74608693739,-32.73406802137,
    120.99999999999));
#210 = CARTESIAN_POINT('',(-15.83333333333,-27.5,-1.));
#211 = CARTESIAN_POINT('',(-13.7747083063,-37.40400924725,
    121.00000000001));
#212 = CARTESIAN_POINT('',(-5.277777777778,-27.5,-1.));
#213 = CARTESIAN_POINT('',(-4.718860513469,-39.87186851073,
    120.99999999998));
#214 = CARTESIAN_POINT('',(5.277777777778,-27.5,-1.));
#215 = CARTESIAN_POINT('',(4.718860513469,-39.87186851074,
    121.00000000001));
#216 = CARTESIAN_POINT('',(15.833333333333,-27.5,-1.));
#217 = CARTESIAN_POINT('',(13.774708306299,-37.40400924725,
    120.99999999999));
#218 = CARTESIAN_POINT('',(26.388888888889,-27.5,-1.));
#219 = CARTESIAN_POINT('',(21.746086937393,-32.73406802137,121.));
#220 = CARTESIAN_POINT('',(36.944444444444,-27.5,-1.));
#221 = CARTESIAN_POINT('',(28.086117229423,-26.33249660406,
    120.99999999999));
#222 = CARTESIAN_POINT('',(47.5,-27.5,-1.));
#223 = CARTESIAN_POINT('',(32.453485705542,-18.78886014531,121.));
#224 = DEFINITIONAL_REPRESENTATION('',(#225),#238);
#225 = B_SPLINE_CURVE_WITH_KNOTS('',6,(#226,#227,#228,#229,#230,#231,
    #232,#233,#234,#235,#236,#237),.UNSPECIFIED.,.F.,.F.,(7,5,7),(0.,0.5
    ,1.),.UNSPECIFIED.);
#226 = CARTESIAN_POINT('',(95.,8.196721311475E-03));
#227 = CARTESIAN_POINT('',(87.074626095545,8.196721311475E-03));
#228 = CARTESIAN_POINT('',(79.154095839112,8.196721311475E-03));
#229 = CARTESIAN_POINT('',(71.237663242327,8.196721311475E-03));
#230 = CARTESIAN_POINT('',(63.324141253393,8.196721311475E-03));
#231 = CARTESIAN_POINT('',(55.412070106387,8.196721311475E-03));
#232 = CARTESIAN_POINT('',(39.587929893612,8.196721311475E-03));
#233 = CARTESIAN_POINT('',(31.675858746614,8.196721311475E-03));
#234 = CARTESIAN_POINT('',(23.762336757664,8.196721311475E-03));
#235 = CARTESIAN_POINT('',(15.845904160893,8.196721311476E-03));
#236 = CARTESIAN_POINT('',(7.925373904455,8.196721311475E-03));
#237 = CARTESIAN_POINT('',(0.,8.196721311475E-03));
#238 = ( GEOMETRIC_REPRESENTATION_CONTEXT(2) 
PARAMETRIC_REPRESENTATION_CONTEXT() REPRESENTATION_CONTEXT('2D SPACE',''
  ) );
#239 = ORIENTED_EDGE('',*,*,#240,.F.);
#240 = EDGE_CURVE('',#241,#170,#243,.T.);
#241 = VERTEX_POINT('',#242);
#242 = CARTESIAN_POINT('',(47.418032786885,-7.280150981149E-17,
    1.110223024625E-15));
#243 = SURFACE_CURVE('',#244,(#251,#261),.PCURVE_S1.);
#244 = B_SPLINE_CURVE_WITH_KNOTS('',5,(#245,#246,#247,#248,#249,#250),
  .UNSPECIFIED.,.F.,.F.,(6,6),(0.,1.),.PIECEWISE_BEZIER_KNOTS.);
#245 = CARTESIAN_POINT('',(47.418032786885,0.,0.));
#246 = CARTESIAN_POINT('',(47.418032786885,-5.486455647004,0.));
#247 = CARTESIAN_POINT('',(47.41380134278,-10.97291136415,0.));
#248 = CARTESIAN_POINT('',(47.40533727912,-16.45899377457,0.));
#249 = CARTESIAN_POINT('',(47.392836576708,-21.94433032555,0.));
#250 = CARTESIAN_POINT('',(47.376667915619,-27.4285972143,0.));
#251 = PCURVE('',#32,#252);
#252 = DEFINITIONAL_REPRESENTATION('',(#253),#260);
#253 = B_SPLINE_CURVE_WITH_KNOTS('',5,(#254,#255,#256,#257,#258,#259),
  .UNSPECIFIED.,.F.,.F.,(6,6),(0.,1.),.PIECEWISE_BEZIER_KNOTS.);
#254 = CARTESIAN_POINT('',(98.970146614413,24.396376599576));
#255 = CARTESIAN_POINT('',(96.147388471688,29.100973504118));
#256 = CARTESIAN_POINT('',(93.321001859487,33.803393408777));
#257 = CARTESIAN_POINT('',(90.491177870689,38.503315540761));
#258 = CARTESIAN_POINT('',(87.658276234235,43.200521270045));
#259 = CARTESIAN_POINT('',(84.822779685837,47.894922622372));
#260 = ( GEOMETRIC_REPRESENTATION_CONTEXT(2) 
PARAMETRIC_REPRESENTATION_CONTEXT() REPRESENTATION_CONTEXT('2D SPACE',''
  ) );
#261 = PCURVE('',#262,#277);
#262 = B_SPLINE_SURFACE_WITH_KNOTS('',6,1,(
    (#263,#264)
    ,(#265,#266)
    ,(#267,#268)
    ,(#269,#270)
    ,(#271,#272)
    ,(#273,#274)
    ,(#275,#276
    )),.UNSPECIFIED.,.F.,.F.,.F.,(7,7),(2,2),(0.,27.5),(0.,1.),
  .PIECEWISE_BEZIER_KNOTS.);
#263 = CARTESIAN_POINT('',(47.5,-27.5,-1.));
#264 = CARTESIAN_POINT('',(32.453485705542,-18.78886014531,121.));
#265 = CARTESIAN_POINT('',(47.5,-22.91666666666,-1.));
#266 = CARTESIAN_POINT('',(34.09687143194,-15.95028479971,121.));
#267 = CARTESIAN_POINT('',(47.5,-18.33333333333,-1.));
#268 = CARTESIAN_POINT('',(35.442322542124,-12.93922157793,121.));
#269 = CARTESIAN_POINT('',(47.5,-13.75,-1.));
#270 = CARTESIAN_POINT('',(36.467209798993,-9.794755727931,121.));
#271 = CARTESIAN_POINT('',(47.5,-9.166666666667,-1.));
#272 = CARTESIAN_POINT('',(37.155736869577,-6.55994663863,121.));
#273 = CARTESIAN_POINT('',(47.5,-4.583333333333,-1.));
#274 = CARTESIAN_POINT('',(37.5,-3.279973572813,121.));
#275 = CARTESIAN_POINT('',(47.5,0.,-1.));
#276 = CARTESIAN_POINT('',(37.5,-8.881784197001E-15,121.));
#277 = DEFINITIONAL_REPRESENTATION('',(#278),#285);
#278 = B_SPLINE_CURVE_WITH_KNOTS('',5,(#279,#280,#281,#282,#283,#284),
  .UNSPECIFIED.,.F.,.F.,(6,6),(0.,1.),.PIECEWISE_BEZIER_KNOTS.);
#279 = CARTESIAN_POINT('',(27.5,8.196721311475E-03));
#280 = CARTESIAN_POINT('',(22.00072611342,8.196721311475E-03));
#281 = CARTESIAN_POINT('',(16.501452195648,8.196721311475E-03));
#282 = CARTESIAN_POINT('',(11.0018103823,8.196721311475E-03));
#283 = CARTESIAN_POINT('',(5.501432913829,8.196721311475E-03));
#284 = CARTESIAN_POINT('',(0.,8.196721311475E-03));
#285 = ( GEOMETRIC_REPRESENTATION_CONTEXT(2) 
PARAMETRIC_REPRESENTATION_CONTEXT() REPRESENTATION_CONTEXT('2D SPACE',''
  ) );
#286 = ORIENTED_EDGE('',*,*,#287,.F.);
#287 = EDGE_CURVE('',#288,#241,#290,.T.);
#288 = VERTEX_POINT('',#289);
#289 = CARTESIAN_POINT('',(47.376667915619,27.428597214306,
    1.110223024625E-15));
#290 = SURFACE_CURVE('',#291,(#298,#308),.PCURVE_S1.);
#291 = B_SPLINE_CURVE_WITH_KNOTS('',5,(#292,#293,#294,#295,#296,#297),
  .UNSPECIFIED.,.F.,.F.,(6,6),(0.,1.),.PIECEWISE_BEZIER_KNOTS.);
#292 = CARTESIAN_POINT('',(47.376667915619,27.428597214306,0.));
#293 = CARTESIAN_POINT('',(47.392836576708,21.944330325551,0.));
#294 = CARTESIAN_POINT('',(47.40533727912,16.458993774573,0.));
#295 = CARTESIAN_POINT('',(47.41380134278,10.972911364154,0.));
#296 = CARTESIAN_POINT('',(47.418032786885,5.486455647004,0.));
#297 = CARTESIAN_POINT('',(47.418032786885,0.,0.));
#298 = PCURVE('',#32,#299);
#299 = DEFINITIONAL_REPRESENTATION('',(#300),#307);
#300 = B_SPLINE_CURVE_WITH_KNOTS('',5,(#301,#302,#303,#304,#305,#306),
  .UNSPECIFIED.,.F.,.F.,(6,6),(0.,1.),.PIECEWISE_BEZIER_KNOTS.);
#301 = CARTESIAN_POINT('',(113.04657337402,0.855266475399));
#302 = CARTESIAN_POINT('',(110.23880585062,5.566305242728));
#303 = CARTESIAN_POINT('',(107.42734274194,10.276374088674));
#304 = CARTESIAN_POINT('',(104.61203450256,14.985005670312));
#305 = CARTESIAN_POINT('',(101.79290475713,19.691779695034));
#306 = CARTESIAN_POINT('',(98.970146614413,24.396376599576));
#307 = ( GEOMETRIC_REPRESENTATION_CONTEXT(2) 
PARAMETRIC_REPRESENTATION_CONTEXT() REPRESENTATION_CONTEXT('2D SPACE',''
  ) );
#308 = PCURVE('',#309,#324);
#309 = B_SPLINE_SURFACE_WITH_KNOTS('',6,1,(
    (#310,#311)
    ,(#312,#313)
    ,(#314,#315)
    ,(#316,#317)
    ,(#318,#319)
    ,(#320,#321)
    ,(#322,#323
    )),.UNSPECIFIED.,.F.,.F.,.F.,(7,7),(2,2),(27.5,55.),(0.,1.),
  .PIECEWISE_BEZIER_KNOTS.);
#310 = CARTESIAN_POINT('',(47.5,0.,-1.));
#311 = CARTESIAN_POINT('',(37.5,1.7763568394E-15,121.));
#312 = CARTESIAN_POINT('',(47.5,4.583333333333,-1.));
#313 = CARTESIAN_POINT('',(37.5,3.279973572813,121.));
#314 = CARTESIAN_POINT('',(47.5,9.166666666667,-1.));
#315 = CARTESIAN_POINT('',(37.155736869577,6.55994663863,120.99999999999
    ));
#316 = CARTESIAN_POINT('',(47.5,13.75,-1.));
#317 = CARTESIAN_POINT('',(36.467209798994,9.794755727931,121.));
#318 = CARTESIAN_POINT('',(47.5,18.333333333333,-1.));
#319 = CARTESIAN_POINT('',(35.442322542124,12.939221577938,
    120.99999999999));
#320 = CARTESIAN_POINT('',(47.5,22.916666666667,-1.));
#321 = CARTESIAN_POINT('',(34.09687143194,15.950284799718,121.));
#322 = CARTESIAN_POINT('',(47.5,27.5,-1.));
#323 = CARTESIAN_POINT('',(32.453485705542,18.788860145314,121.));
#324 = DEFINITIONAL_REPRESENTATION('',(#325),#332);
#325 = B_SPLINE_CURVE_WITH_KNOTS('',5,(#326,#327,#328,#329,#330,#331),
  .UNSPECIFIED.,.F.,.F.,(6,6),(0.,1.),.PIECEWISE_BEZIER_KNOTS.);
#326 = CARTESIAN_POINT('',(55.,8.196721311475E-03));
#327 = CARTESIAN_POINT('',(49.498567086171,8.196721311475E-03));
#328 = CARTESIAN_POINT('',(43.9981896177,8.196721311475E-03));
#329 = CARTESIAN_POINT('',(38.498547804352,8.196721311475E-03));
#330 = CARTESIAN_POINT('',(32.99927388658,8.196721311475E-03));
#331 = CARTESIAN_POINT('',(27.5,8.196721311475E-03));
#332 = ( GEOMETRIC_REPRESENTATION_CONTEXT(2) 
PARAMETRIC_REPRESENTATION_CONTEXT() REPRESENTATION_CONTEXT('2D SPACE',''
  ) );
#333 = ORIENTED_EDGE('',*,*,#334,.F.);
#334 = EDGE_CURVE('',#335,#288,#337,.T.);
#335 = VERTEX_POINT('',#336);
#336 = CARTESIAN_POINT('',(33.879311068139,27.5,0.));
#337 = SURFACE_CURVE('',#338,(#351,#367),.PCURVE_S1.);
#338 = B_SPLINE_CURVE_WITH_KNOTS('',6,(#339,#340,#341,#342,#343,#344,
    #345,#346,#347,#348,#349,#350),.UNSPECIFIED.,.F.,.F.,(7,5,7),(0.,0.5
    ,1.),.UNSPECIFIED.);
#339 = CARTESIAN_POINT('',(-47.37666791561,27.428597214306,0.));
#340 = CARTESIAN_POINT('',(-39.48937798593,27.47502303448,0.));
#341 = CARTESIAN_POINT('',(-31.59718592304,27.515791173554,0.));
#342 = CARTESIAN_POINT('',(-23.70084220046,27.548375051891,0.));
#343 = CARTESIAN_POINT('',(-15.80154476081,27.570770159119,0.));
#344 = CARTESIAN_POINT('',(-7.900772053651,27.581967212714,0.));
#345 = CARTESIAN_POINT('',(7.900772053653,27.581967212714,0.));
#346 = CARTESIAN_POINT('',(15.801544760807,27.570770159119,0.));
#347 = CARTESIAN_POINT('',(23.70084220047,27.548375051892,0.));
#348 = CARTESIAN_POINT('',(31.597185923035,27.515791173553,0.));
#349 = CARTESIAN_POINT('',(39.489377985932,27.47502303448,0.));
#350 = CARTESIAN_POINT('',(47.376667915619,27.428597214306,0.));
#351 = PCURVE('',#32,#352);
#352 = DEFINITIONAL_REPRESENTATION('',(#353),#366);
#353 = B_SPLINE_CURVE_WITH_KNOTS('',6,(#354,#355,#356,#357,#358,#359,
    #360,#361,#362,#363,#364,#365),.UNSPECIFIED.,.F.,.F.,(7,5,7),(0.,0.5
    ,1.),.UNSPECIFIED.);
#354 = CARTESIAN_POINT('',(31.796258211069,-47.89492262237));
#355 = CARTESIAN_POINT('',(38.583439416242,-43.87675524409));
#356 = CARTESIAN_POINT('',(45.371913313045,-39.85121431756));
#357 = CARTESIAN_POINT('',(52.15973646125,-35.81651943406));
#358 = CARTESIAN_POINT('',(58.944850321459,-31.77156807652));
#359 = CARTESIAN_POINT('',(65.725467862062,-27.71625544834));
#360 = CARTESIAN_POINT('',(79.275180149411,-19.58642807593));
#361 = CARTESIAN_POINT('',(86.04427601691,-15.51191265925));
#362 = CARTESIAN_POINT('',(92.806345501909,-11.42855400967));
#363 = CARTESIAN_POINT('',(99.560640115903,-7.337978235849));
#364 = CARTESIAN_POINT('',(106.30716394369,-3.24252052762));
#365 = CARTESIAN_POINT('',(113.04657337402,0.855266475399));
#366 = ( GEOMETRIC_REPRESENTATION_CONTEXT(2) 
PARAMETRIC_REPRESENTATION_CONTEXT() REPRESENTATION_CONTEXT('2D SPACE',''
  ) );
#367 = PCURVE('',#368,#389);
#368 = B_SPLINE_SURFACE_WITH_KNOTS('',9,1,(
    (#369,#370)
    ,(#371,#372)
    ,(#373,#374)
    ,(#375,#376)
    ,(#377,#378)
    ,(#379,#380)
    ,(#381,#382)
    ,(#383,#384)
    ,(#385,#386)
    ,(#387,#388
    )),.UNSPECIFIED.,.F.,.F.,.F.,(10,10),(2,2),(0.,95.),(0.,1.),
  .PIECEWISE_BEZIER_KNOTS.);
#369 = CARTESIAN_POINT('',(47.5,27.5,-1.));
#370 = CARTESIAN_POINT('',(32.453485705542,18.788860145314,121.));
#371 = CARTESIAN_POINT('',(36.944444444444,27.5,-1.));
#372 = CARTESIAN_POINT('',(28.086117229423,26.332496604065,
    120.99999999999));
#373 = CARTESIAN_POINT('',(26.388888888889,27.5,-1.));
#374 = CARTESIAN_POINT('',(21.746086937393,32.734068021377,121.));
#375 = CARTESIAN_POINT('',(15.833333333333,27.5,-1.));
#376 = CARTESIAN_POINT('',(13.774708306299,37.404009247249,
    120.99999999998));
#377 = CARTESIAN_POINT('',(5.277777777778,27.5,-1.));
#378 = CARTESIAN_POINT('',(4.71886051347,39.871868510747,121.00000000002
    ));
#379 = CARTESIAN_POINT('',(-5.277777777778,27.5,-1.));
#380 = CARTESIAN_POINT('',(-4.71886051347,39.871868510733,
    120.99999999997));
#381 = CARTESIAN_POINT('',(-15.83333333333,27.5,-1.));
#382 = CARTESIAN_POINT('',(-13.77470830629,37.404009247258,
    121.00000000001));
#383 = CARTESIAN_POINT('',(-26.38888888888,27.5,-1.));
#384 = CARTESIAN_POINT('',(-21.74608693739,32.734068021373,
    120.99999999999));
#385 = CARTESIAN_POINT('',(-36.94444444444,27.5,-1.));
#386 = CARTESIAN_POINT('',(-28.08611722942,26.332496604066,121.));
#387 = CARTESIAN_POINT('',(-47.5,27.5,-1.));
#388 = CARTESIAN_POINT('',(-32.45348570554,18.788860145314,121.));
#389 = DEFINITIONAL_REPRESENTATION('',(#390),#403);
#390 = B_SPLINE_CURVE_WITH_KNOTS('',6,(#391,#392,#393,#394,#395,#396,
    #397,#398,#399,#400,#401,#402),.UNSPECIFIED.,.F.,.F.,(7,5,7),(0.,0.5
    ,1.),.UNSPECIFIED.);
#391 = CARTESIAN_POINT('',(95.,8.196721311475E-03));
#392 = CARTESIAN_POINT('',(87.074626095543,8.196721311475E-03));
#393 = CARTESIAN_POINT('',(79.154095839117,8.196721311476E-03));
#394 = CARTESIAN_POINT('',(71.237663242321,8.196721311475E-03));
#395 = CARTESIAN_POINT('',(63.324141253397,8.196721311475E-03));
#396 = CARTESIAN_POINT('',(55.412070106387,8.196721311475E-03));
#397 = CARTESIAN_POINT('',(39.587929893611,8.196721311475E-03));
#398 = CARTESIAN_POINT('',(31.675858746615,8.196721311475E-03));
#399 = CARTESIAN_POINT('',(23.762336757664,8.196721311476E-03));
#400 = CARTESIAN_POINT('',(15.845904160893,8.196721311475E-03));
#401 = CARTESIAN_POINT('',(7.925373904454,8.196721311475E-03));
#402 = CARTESIAN_POINT('',(0.,8.196721311475E-03));
#403 = ( GEOMETRIC_REPRESENTATION_CONTEXT(2) 
PARAMETRIC_REPRESENTATION_CONTEXT() REPRESENTATION_CONTEXT('2D SPACE',''
  ) );
#404 = ORIENTED_EDGE('',*,*,#405,.T.);
#405 = EDGE_CURVE('',#335,#406,#408,.T.);
#406 = VERTEX_POINT('',#407);
#407 = CARTESIAN_POINT('',(-33.87931106817,27.5,0.));
#408 = SURFACE_CURVE('',#409,(#413,#420),.PCURVE_S1.);
#409 = LINE('',#410,#411);
#410 = CARTESIAN_POINT('',(-52.75,27.5,0.));
#411 = VECTOR('',#412,1.);
#412 = DIRECTION('',(-1.,0.,0.));
#413 = PCURVE('',#32,#414);
#414 = DEFINITIONAL_REPRESENTATION('',(#415),#419);
#415 = LINE('',#416,#417);
#416 = CARTESIAN_POINT('',(27.225400391373,-50.72070655589));
#417 = VECTOR('',#418,1.);
#418 = DIRECTION('',(-0.857492925713,-0.514495755428));
#419 = ( GEOMETRIC_REPRESENTATION_CONTEXT(2) 
PARAMETRIC_REPRESENTATION_CONTEXT() REPRESENTATION_CONTEXT('2D SPACE',''
  ) );
#420 = PCURVE('',#421,#426);
#421 = PLANE('',#422);
#422 = AXIS2_PLACEMENT_3D('',#423,#424,#425);
#423 = CARTESIAN_POINT('',(-47.5,27.5,-1.));
#424 = DIRECTION('',(0.,1.,0.));
#425 = DIRECTION('',(0.,0.,1.));
#426 = DEFINITIONAL_REPRESENTATION('',(#427),#430);
#427 = B_SPLINE_CURVE_WITH_KNOTS('',1,(#428,#429),.UNSPECIFIED.,.F.,.F.,
  (2,2),(-100.25,-5.25),.PIECEWISE_BEZIER_KNOTS.);
#428 = CARTESIAN_POINT('',(1.,95.));
#429 = CARTESIAN_POINT('',(1.,0.));
#430 = ( GEOMETRIC_REPRESENTATION_CONTEXT(2) 
PARAMETRIC_REPRESENTATION_CONTEXT() REPRESENTATION_CONTEXT('2D SPACE',''
  ) );
#431 = ORIENTED_EDGE('',*,*,#432,.F.);
#432 = EDGE_CURVE('',#433,#406,#435,.T.);
#433 = VERTEX_POINT('',#434);
#434 = CARTESIAN_POINT('',(-47.37666791561,27.428597214306,
    1.110223024625E-15));
#435 = SURFACE_CURVE('',#436,(#449,#465),.PCURVE_S1.);
#436 = B_SPLINE_CURVE_WITH_KNOTS('',6,(#437,#438,#439,#440,#441,#442,
    #443,#444,#445,#446,#447,#448),.UNSPECIFIED.,.F.,.F.,(7,5,7),(0.,0.5
    ,1.),.UNSPECIFIED.);
#437 = CARTESIAN_POINT('',(-47.37666791561,27.428597214306,0.));
#438 = CARTESIAN_POINT('',(-39.48937798593,27.47502303448,0.));
#439 = CARTESIAN_POINT('',(-31.59718592304,27.515791173554,0.));
#440 = CARTESIAN_POINT('',(-23.70084220046,27.548375051891,0.));
#441 = CARTESIAN_POINT('',(-15.80154476081,27.570770159119,0.));
#442 = CARTESIAN_POINT('',(-7.900772053651,27.581967212714,0.));
#443 = CARTESIAN_POINT('',(7.900772053653,27.581967212714,0.));
#444 = CARTESIAN_POINT('',(15.801544760807,27.570770159119,0.));
#445 = CARTESIAN_POINT('',(23.70084220047,27.548375051892,0.));
#446 = CARTESIAN_POINT('',(31.597185923035,27.515791173553,0.));
#447 = CARTESIAN_POINT('',(39.489377985932,27.47502303448,0.));
#448 = CARTESIAN_POINT('',(47.376667915619,27.428597214306,0.));
#449 = PCURVE('',#32,#450);
#450 = DEFINITIONAL_REPRESENTATION('',(#451),#464);
#451 = B_SPLINE_CURVE_WITH_KNOTS('',6,(#452,#453,#454,#455,#456,#457,
    #458,#459,#460,#461,#462,#463),.UNSPECIFIED.,.F.,.F.,(7,5,7),(0.,0.5
    ,1.),.UNSPECIFIED.);
#452 = CARTESIAN_POINT('',(31.796258211069,-47.89492262237));
#453 = CARTESIAN_POINT('',(38.583439416242,-43.87675524409));
#454 = CARTESIAN_POINT('',(45.371913313045,-39.85121431756));
#455 = CARTESIAN_POINT('',(52.15973646125,-35.81651943406));
#456 = CARTESIAN_POINT('',(58.944850321459,-31.77156807652));
#457 = CARTESIAN_POINT('',(65.725467862062,-27.71625544834));
#458 = CARTESIAN_POINT('',(79.275180149411,-19.58642807593));
#459 = CARTESIAN_POINT('',(86.04427601691,-15.51191265925));
#460 = CARTESIAN_POINT('',(92.806345501909,-11.42855400967));
#461 = CARTESIAN_POINT('',(99.560640115903,-7.337978235849));
#462 = CARTESIAN_POINT('',(106.30716394369,-3.24252052762));
#463 = CARTESIAN_POINT('',(113.04657337402,0.855266475399));
#464 = ( GEOMETRIC_REPRESENTATION_CONTEXT(2) 
PARAMETRIC_REPRESENTATION_CONTEXT() REPRESENTATION_CONTEXT('2D SPACE',''
  ) );
#465 = PCURVE('',#368,#466);
#466 = DEFINITIONAL_REPRESENTATION('',(#467),#480);
#467 = B_SPLINE_CURVE_WITH_KNOTS('',6,(#468,#469,#470,#471,#472,#473,
    #474,#475,#476,#477,#478,#479),.UNSPECIFIED.,.F.,.F.,(7,5,7),(0.,0.5
    ,1.),.UNSPECIFIED.);
#468 = CARTESIAN_POINT('',(95.,8.196721311475E-03));
#469 = CARTESIAN_POINT('',(87.074626095543,8.196721311475E-03));
#470 = CARTESIAN_POINT('',(79.154095839117,8.196721311476E-03));
#471 = CARTESIAN_POINT('',(71.237663242321,8.196721311475E-03));
#472 = CARTESIAN_POINT('',(63.324141253397,8.196721311475E-03));
#473 = CARTESIAN_POINT('',(55.412070106387,8.196721311475E-03));
#474 = CARTESIAN_POINT('',(39.587929893611,8.196721311475E-03));
#475 = CARTESIAN_POINT('',(31.675858746615,8.196721311475E-03));
#476 = CARTESIAN_POINT('',(23.762336757664,8.196721311476E-03));
#477 = CARTESIAN_POINT('',(15.845904160893,8.196721311475E-03));
#478 = CARTESIAN_POINT('',(7.925373904454,8.196721311475E-03));
#479 = CARTESIAN_POINT('',(0.,8.196721311475E-03));
#480 = ( GEOMETRIC_REPRESENTATION_CONTEXT(2) 
PARAMETRIC_REPRESENTATION_CONTEXT() REPRESENTATION_CONTEXT('2D SPACE',''
  ) );
#481 = ORIENTED_EDGE('',*,*,#482,.F.);
#482 = EDGE_CURVE('',#483,#433,#485,.T.);
#483 = VERTEX_POINT('',#484);
#484 = CARTESIAN_POINT('',(-47.37666791561,-27.4285972143,
    1.110223024625E-15));
#485 = SURFACE_CURVE('',#486,(#494,#505),.PCURVE_S1.);
#486 = B_SPLINE_CURVE_WITH_KNOTS('',6,(#487,#488,#489,#490,#491,#492,
    #493),.UNSPECIFIED.,.F.,.F.,(7,7),(0.,1.),.PIECEWISE_BEZIER_KNOTS.);
#487 = CARTESIAN_POINT('',(-47.37666791561,-27.4285972143,0.));
#488 = CARTESIAN_POINT('',(-47.4036156832,-18.28815270209,0.));
#489 = CARTESIAN_POINT('',(-47.42078172919,-9.144854918695,0.));
#490 = CARTESIAN_POINT('',(-47.42669612151,4.675371201301E-12,0.));
#491 = CARTESIAN_POINT('',(-47.42078172919,9.144854918689,0.));
#492 = CARTESIAN_POINT('',(-47.4036156832,18.288152702099,0.));
#493 = CARTESIAN_POINT('',(-47.37666791561,27.428597214306,0.));
#494 = PCURVE('',#32,#495);
#495 = DEFINITIONAL_REPRESENTATION('',(#496),#504);
#496 = B_SPLINE_CURVE_WITH_KNOTS('',6,(#497,#498,#499,#500,#501,#502,
    #503),.UNSPECIFIED.,.F.,.F.,(7,7),(0.,1.),.PIECEWISE_BEZIER_KNOTS.);
#497 = CARTESIAN_POINT('',(3.572464522885,-0.855266475399));
#498 = CARTESIAN_POINT('',(8.252076907066,-8.70699749453));
#499 = CARTESIAN_POINT('',(12.94154504424,-16.55614251927));
#500 = CARTESIAN_POINT('',(17.641462534338,-24.40083384847));
#501 = CARTESIAN_POINT('',(22.351523123576,-32.23943931816));
#502 = CARTESIAN_POINT('',(27.070430786746,-40.07092062732));
#503 = CARTESIAN_POINT('',(31.796258211069,-47.89492262237));
#504 = ( GEOMETRIC_REPRESENTATION_CONTEXT(2) 
PARAMETRIC_REPRESENTATION_CONTEXT() REPRESENTATION_CONTEXT('2D SPACE',''
  ) );
#505 = PCURVE('',#506,#525);
#506 = B_SPLINE_SURFACE_WITH_KNOTS('',8,1,(
    (#507,#508)
    ,(#509,#510)
    ,(#511,#512)
    ,(#513,#514)
    ,(#515,#516)
    ,(#517,#518)
    ,(#519,#520)
    ,(#521,#522)
    ,(#523,#524
  )),.UNSPECIFIED.,.F.,.F.,.F.,(9,9),(2,2),(0.,55.),(0.,1.),
  .PIECEWISE_BEZIER_KNOTS.);
#507 = CARTESIAN_POINT('',(-47.5,27.5,-1.));
#508 = CARTESIAN_POINT('',(-32.45348570554,18.788860145314,121.));
#509 = CARTESIAN_POINT('',(-47.5,20.625,-1.));
#510 = CARTESIAN_POINT('',(-34.91856429513,14.53099712692,121.));
#511 = CARTESIAN_POINT('',(-47.5,13.75,-1.));
#512 = CARTESIAN_POINT('',(-36.74521188557,9.903516076615,121.));
#513 = CARTESIAN_POINT('',(-47.5,6.875,-1.));
#514 = CARTESIAN_POINT('',(-37.8687704658,5.018099622783,120.99999999999
    ));
#515 = CARTESIAN_POINT('',(-47.5,-1.110223024625E-16,-1.));
#516 = CARTESIAN_POINT('',(-38.24802631558,-1.136868377216E-13,121.));
#517 = CARTESIAN_POINT('',(-47.5,-6.875,-1.));
#518 = CARTESIAN_POINT('',(-37.8687704658,-5.018099622783,
    120.99999999999));
#519 = CARTESIAN_POINT('',(-47.5,-13.75,-1.));
#520 = CARTESIAN_POINT('',(-36.74521188557,-9.903516076615,121.));
#521 = CARTESIAN_POINT('',(-47.5,-20.625,-1.));
#522 = CARTESIAN_POINT('',(-34.91856429513,-14.53099712692,121.));
#523 = CARTESIAN_POINT('',(-47.5,-27.5,-1.));
#524 = CARTESIAN_POINT('',(-32.45348570554,-18.78886014531,121.));
#525 = DEFINITIONAL_REPRESENTATION('',(#526),#534);
#526 = B_SPLINE_CURVE_WITH_KNOTS('',6,(#527,#528,#529,#530,#531,#532,
    #533),.UNSPECIFIED.,.F.,.F.,(7,7),(0.,1.),.PIECEWISE_BEZIER_KNOTS.);
#527 = CARTESIAN_POINT('',(55.,8.196721311475E-03));
#528 = CARTESIAN_POINT('',(45.830945446948,8.196721311475E-03));
#529 = CARTESIAN_POINT('',(36.664704235574,8.196721311475E-03));
#530 = CARTESIAN_POINT('',(27.499999999998,8.196721311476E-03));
#531 = CARTESIAN_POINT('',(18.335295764429,8.196721311475E-03));
#532 = CARTESIAN_POINT('',(9.16905455305,8.196721311475E-03));
#533 = CARTESIAN_POINT('',(0.,8.196721311475E-03));
#534 = ( GEOMETRIC_REPRESENTATION_CONTEXT(2) 
PARAMETRIC_REPRESENTATION_CONTEXT() REPRESENTATION_CONTEXT('2D SPACE',''
  ) );
#535 = ORIENTED_EDGE('',*,*,#536,.F.);
#536 = EDGE_CURVE('',#143,#483,#537,.T.);
#537 = SURFACE_CURVE('',#538,(#551,#567),.PCURVE_S1.);
#538 = B_SPLINE_CURVE_WITH_KNOTS('',6,(#539,#540,#541,#542,#543,#544,
    #545,#546,#547,#548,#549,#550),.UNSPECIFIED.,.F.,.F.,(7,5,7),(0.,0.5
    ,1.),.UNSPECIFIED.);
#539 = CARTESIAN_POINT('',(47.376667915619,-27.4285972143,0.));
#540 = CARTESIAN_POINT('',(39.489377985932,-27.47502303448,0.));
#541 = CARTESIAN_POINT('',(31.59718592304,-27.51579117355,0.));
#542 = CARTESIAN_POINT('',(23.700842200463,-27.54837505189,0.));
#543 = CARTESIAN_POINT('',(15.801544760814,-27.57077015911,0.));
#544 = CARTESIAN_POINT('',(7.900772053652,-27.58196721271,0.));
#545 = CARTESIAN_POINT('',(-7.900772053653,-27.58196721271,0.));
#546 = CARTESIAN_POINT('',(-15.80154476081,-27.57077015911,0.));
#547 = CARTESIAN_POINT('',(-23.70084220046,-27.54837505189,0.));
#548 = CARTESIAN_POINT('',(-31.59718592303,-27.51579117355,0.));
#549 = CARTESIAN_POINT('',(-39.48937798593,-27.47502303448,0.));
#550 = CARTESIAN_POINT('',(-47.37666791561,-27.4285972143,0.));
#551 = PCURVE('',#32,#552);
#552 = DEFINITIONAL_REPRESENTATION('',(#553),#566);
#553 = B_SPLINE_CURVE_WITH_KNOTS('',6,(#554,#555,#556,#557,#558,#559,
    #560,#561,#562,#563,#564,#565),.UNSPECIFIED.,.F.,.F.,(7,5,7),(0.,0.5
    ,1.),.UNSPECIFIED.);
#554 = CARTESIAN_POINT('',(84.822779685837,47.894922622372));
#555 = CARTESIAN_POINT('',(78.035598480665,43.876755244091));
#556 = CARTESIAN_POINT('',(71.247124583861,39.851214317563));
#557 = CARTESIAN_POINT('',(64.459301435655,35.81651943407));
#558 = CARTESIAN_POINT('',(57.674187575447,31.771568076527));
#559 = CARTESIAN_POINT('',(50.893570034845,27.716255448342));
#560 = CARTESIAN_POINT('',(37.343857747496,19.586428075932));
#561 = CARTESIAN_POINT('',(30.574761879994,15.511912659256));
#562 = CARTESIAN_POINT('',(23.812692395001,11.428554009675));
#563 = CARTESIAN_POINT('',(17.058397781,7.337978235848));
#564 = CARTESIAN_POINT('',(10.311873953215,3.24252052762));
#565 = CARTESIAN_POINT('',(3.572464522885,-0.855266475399));
#566 = ( GEOMETRIC_REPRESENTATION_CONTEXT(2) 
PARAMETRIC_REPRESENTATION_CONTEXT() REPRESENTATION_CONTEXT('2D SPACE',''
  ) );
#567 = PCURVE('',#203,#568);
#568 = DEFINITIONAL_REPRESENTATION('',(#569),#582);
#569 = B_SPLINE_CURVE_WITH_KNOTS('',6,(#570,#571,#572,#573,#574,#575,
    #576,#577,#578,#579,#580,#581),.UNSPECIFIED.,.F.,.F.,(7,5,7),(0.,0.5
    ,1.),.UNSPECIFIED.);
#570 = CARTESIAN_POINT('',(95.,8.196721311475E-03));
#571 = CARTESIAN_POINT('',(87.074626095545,8.196721311475E-03));
#572 = CARTESIAN_POINT('',(79.154095839112,8.196721311475E-03));
#573 = CARTESIAN_POINT('',(71.237663242327,8.196721311475E-03));
#574 = CARTESIAN_POINT('',(63.324141253393,8.196721311475E-03));
#575 = CARTESIAN_POINT('',(55.412070106387,8.196721311475E-03));
#576 = CARTESIAN_POINT('',(39.587929893612,8.196721311475E-03));
#577 = CARTESIAN_POINT('',(31.675858746614,8.196721311475E-03));
#578 = CARTESIAN_POINT('',(23.762336757664,8.196721311475E-03));
#579 = CARTESIAN_POINT('',(15.845904160893,8.196721311476E-03));
#580 = CARTESIAN_POINT('',(7.925373904455,8.196721311475E-03));
#581 = CARTESIAN_POINT('',(0.,8.196721311475E-03));
#582 = ( GEOMETRIC_REPRESENTATION_CONTEXT(2) 
PARAMETRIC_REPRESENTATION_CONTEXT() REPRESENTATION_CONTEXT('2D SPACE',''
  ) );
#583 = ADVANCED_FACE('',(#584),#44,.F.);
#584 = FACE_BOUND('',#585,.F.);
#585 = EDGE_LOOP('',(#586,#609,#610,#633));
#586 = ORIENTED_EDGE('',*,*,#587,.F.);
#587 = EDGE_CURVE('',#22,#588,#590,.T.);
#588 = VERTEX_POINT('',#589);
#589 = CARTESIAN_POINT('',(-58.,-38.,5.));
#590 = SURFACE_CURVE('',#591,(#595,#602),.PCURVE_S1.);
#591 = LINE('',#592,#593);
#592 = CARTESIAN_POINT('',(-58.,-38.,0.));
#593 = VECTOR('',#594,1.);
#594 = DIRECTION('',(0.,0.,1.));
#595 = PCURVE('',#44,#596);
#596 = DEFINITIONAL_REPRESENTATION('',(#597),#601);
#597 = LINE('',#598,#599);
#598 = CARTESIAN_POINT('',(0.,0.));
#599 = VECTOR('',#600,1.);
#600 = DIRECTION('',(1.,0.));
#601 = ( GEOMETRIC_REPRESENTATION_CONTEXT(2) 
PARAMETRIC_REPRESENTATION_CONTEXT() REPRESENTATION_CONTEXT('2D SPACE',''
  ) );
#602 = PCURVE('',#126,#603);
#603 = DEFINITIONAL_REPRESENTATION('',(#604),#608);
#604 = LINE('',#605,#606);
#605 = CARTESIAN_POINT('',(0.,0.));
#606 = VECTOR('',#607,1.);
#607 = DIRECTION('',(1.,0.));
#608 = ( GEOMETRIC_REPRESENTATION_CONTEXT(2) 
PARAMETRIC_REPRESENTATION_CONTEXT() REPRESENTATION_CONTEXT('2D SPACE',''
  ) );
#609 = ORIENTED_EDGE('',*,*,#21,.T.);
#610 = ORIENTED_EDGE('',*,*,#611,.T.);
#611 = EDGE_CURVE('',#24,#612,#614,.T.);
#612 = VERTEX_POINT('',#613);
#613 = CARTESIAN_POINT('',(-58.,38.,5.));
#614 = SURFACE_CURVE('',#615,(#619,#626),.PCURVE_S1.);
#615 = LINE('',#616,#617);
#616 = CARTESIAN_POINT('',(-58.,38.,0.));
#617 = VECTOR('',#618,1.);
#618 = DIRECTION('',(0.,0.,1.));
#619 = PCURVE('',#44,#620);
#620 = DEFINITIONAL_REPRESENTATION('',(#621),#625);
#621 = LINE('',#622,#623);
#622 = CARTESIAN_POINT('',(0.,-76.));
#623 = VECTOR('',#624,1.);
#624 = DIRECTION('',(1.,0.));
#625 = ( GEOMETRIC_REPRESENTATION_CONTEXT(2) 
PARAMETRIC_REPRESENTATION_CONTEXT() REPRESENTATION_CONTEXT('2D SPACE',''
  ) );
#626 = PCURVE('',#72,#627);
#627 = DEFINITIONAL_REPRESENTATION('',(#628),#632);
#628 = LINE('',#629,#630);
#629 = CARTESIAN_POINT('',(0.,0.));
#630 = VECTOR('',#631,1.);
#631 = DIRECTION('',(1.,0.));
#632 = ( GEOMETRIC_REPRESENTATION_CONTEXT(2) 
PARAMETRIC_REPRESENTATION_CONTEXT() REPRESENTATION_CONTEXT('2D SPACE',''
  ) );
#633 = ORIENTED_EDGE('',*,*,#634,.F.);
#634 = EDGE_CURVE('',#588,#612,#635,.T.);
#635 = SURFACE_CURVE('',#636,(#640,#647),.PCURVE_S1.);
#636 = LINE('',#637,#638);
#637 = CARTESIAN_POINT('',(-58.,-38.,5.));
#638 = VECTOR('',#639,1.);
#639 = DIRECTION('',(0.,1.,0.));
#640 = PCURVE('',#44,#641);
#641 = DEFINITIONAL_REPRESENTATION('',(#642),#646);
#642 = LINE('',#643,#644);
#643 = CARTESIAN_POINT('',(5.,0.));
#644 = VECTOR('',#645,1.);
#645 = DIRECTION('',(0.,-1.));
#646 = ( GEOMETRIC_REPRESENTATION_CONTEXT(2) 
PARAMETRIC_REPRESENTATION_CONTEXT() REPRESENTATION_CONTEXT('2D SPACE',''
  ) );
#647 = PCURVE('',#648,#653);
#648 = PLANE('',#649);
#649 = AXIS2_PLACEMENT_3D('',#650,#651,#652);
#650 = CARTESIAN_POINT('',(-58.,-38.,5.));
#651 = DIRECTION('',(0.,0.,1.));
#652 = DIRECTION('',(1.,0.,0.));
#653 = DEFINITIONAL_REPRESENTATION('',(#654),#658);
#654 = LINE('',#655,#656);
#655 = CARTESIAN_POINT('',(0.,0.));
#656 = VECTOR('',#657,1.);
#657 = DIRECTION('',(0.,1.));
#658 = ( GEOMETRIC_REPRESENTATION_CONTEXT(2) 
PARAMETRIC_REPRESENTATION_CONTEXT() REPRESENTATION_CONTEXT('2D SPACE',''
  ) );
#659 = ADVANCED_FACE('',(#660),#72,.T.);
#660 = FACE_BOUND('',#661,.T.);
#661 = EDGE_LOOP('',(#662,#663,#664,#687));
#662 = ORIENTED_EDGE('',*,*,#56,.F.);
#663 = ORIENTED_EDGE('',*,*,#611,.T.);
#664 = ORIENTED_EDGE('',*,*,#665,.T.);
#665 = EDGE_CURVE('',#612,#666,#668,.T.);
#666 = VERTEX_POINT('',#667);
#667 = CARTESIAN_POINT('',(58.,38.,5.));
#668 = SURFACE_CURVE('',#669,(#673,#680),.PCURVE_S1.);
#669 = LINE('',#670,#671);
#670 = CARTESIAN_POINT('',(-58.,38.,5.));
#671 = VECTOR('',#672,1.);
#672 = DIRECTION('',(1.,0.,0.));
#673 = PCURVE('',#72,#674);
#674 = DEFINITIONAL_REPRESENTATION('',(#675),#679);
#675 = LINE('',#676,#677);
#676 = CARTESIAN_POINT('',(5.,0.));
#677 = VECTOR('',#678,1.);
#678 = DIRECTION('',(0.,1.));
#679 = ( GEOMETRIC_REPRESENTATION_CONTEXT(2) 
PARAMETRIC_REPRESENTATION_CONTEXT() REPRESENTATION_CONTEXT('2D SPACE',''
  ) );
#680 = PCURVE('',#648,#681);
#681 = DEFINITIONAL_REPRESENTATION('',(#682),#686);
#682 = LINE('',#683,#684);
#683 = CARTESIAN_POINT('',(0.,76.));
#684 = VECTOR('',#685,1.);
#685 = DIRECTION('',(1.,0.));
#686 = ( GEOMETRIC_REPRESENTATION_CONTEXT(2) 
PARAMETRIC_REPRESENTATION_CONTEXT() REPRESENTATION_CONTEXT('2D SPACE',''
  ) );
#687 = ORIENTED_EDGE('',*,*,#688,.F.);
#688 = EDGE_CURVE('',#57,#666,#689,.T.);
#689 = SURFACE_CURVE('',#690,(#694,#701),.PCURVE_S1.);
#690 = LINE('',#691,#692);
#691 = CARTESIAN_POINT('',(58.,38.,0.));
#692 = VECTOR('',#693,1.);
#693 = DIRECTION('',(0.,0.,1.));
#694 = PCURVE('',#72,#695);
#695 = DEFINITIONAL_REPRESENTATION('',(#696),#700);
#696 = LINE('',#697,#698);
#697 = CARTESIAN_POINT('',(0.,116.));
#698 = VECTOR('',#699,1.);
#699 = DIRECTION('',(1.,0.));
#700 = ( GEOMETRIC_REPRESENTATION_CONTEXT(2) 
PARAMETRIC_REPRESENTATION_CONTEXT() REPRESENTATION_CONTEXT('2D SPACE',''
  ) );
#701 = PCURVE('',#100,#702);
#702 = DEFINITIONAL_REPRESENTATION('',(#703),#707);
#703 = LINE('',#704,#705);
#704 = CARTESIAN_POINT('',(0.,-76.));
#705 = VECTOR('',#706,1.);
#706 = DIRECTION('',(1.,0.));
#707 = ( GEOMETRIC_REPRESENTATION_CONTEXT(2) 
PARAMETRIC_REPRESENTATION_CONTEXT() REPRESENTATION_CONTEXT('2D SPACE',''
  ) );
#708 = ADVANCED_FACE('',(#709),#100,.T.);
#709 = FACE_BOUND('',#710,.T.);
#710 = EDGE_LOOP('',(#711,#734,#735,#736));
#711 = ORIENTED_EDGE('',*,*,#712,.F.);
#712 = EDGE_CURVE('',#85,#713,#715,.T.);
#713 = VERTEX_POINT('',#714);
#714 = CARTESIAN_POINT('',(58.,-38.,5.));
#715 = SURFACE_CURVE('',#716,(#720,#727),.PCURVE_S1.);
#716 = LINE('',#717,#718);
#717 = CARTESIAN_POINT('',(58.,-38.,0.));
#718 = VECTOR('',#719,1.);
#719 = DIRECTION('',(0.,0.,1.));
#720 = PCURVE('',#100,#721);
#721 = DEFINITIONAL_REPRESENTATION('',(#722),#726);
#722 = LINE('',#723,#724);
#723 = CARTESIAN_POINT('',(0.,0.));
#724 = VECTOR('',#725,1.);
#725 = DIRECTION('',(1.,0.));
#726 = ( GEOMETRIC_REPRESENTATION_CONTEXT(2) 
PARAMETRIC_REPRESENTATION_CONTEXT() REPRESENTATION_CONTEXT('2D SPACE',''
  ) );
#727 = PCURVE('',#126,#728);
#728 = DEFINITIONAL_REPRESENTATION('',(#729),#733);
#729 = LINE('',#730,#731);
#730 = CARTESIAN_POINT('',(0.,116.));
#731 = VECTOR('',#732,1.);
#732 = DIRECTION('',(1.,0.));
#733 = ( GEOMETRIC_REPRESENTATION_CONTEXT(2) 
PARAMETRIC_REPRESENTATION_CONTEXT() REPRESENTATION_CONTEXT('2D SPACE',''
  ) );
#734 = ORIENTED_EDGE('',*,*,#84,.T.);
#735 = ORIENTED_EDGE('',*,*,#688,.T.);
#736 = ORIENTED_EDGE('',*,*,#737,.F.);
#737 = EDGE_CURVE('',#713,#666,#738,.T.);
#738 = SURFACE_CURVE('',#739,(#743,#750),.PCURVE_S1.);
#739 = LINE('',#740,#741);
#740 = CARTESIAN_POINT('',(58.,-38.,5.));
#741 = VECTOR('',#742,1.);
#742 = DIRECTION('',(0.,1.,0.));
#743 = PCURVE('',#100,#744);
#744 = DEFINITIONAL_REPRESENTATION('',(#745),#749);
#745 = LINE('',#746,#747);
#746 = CARTESIAN_POINT('',(5.,0.));
#747 = VECTOR('',#748,1.);
#748 = DIRECTION('',(0.,-1.));
#749 = ( GEOMETRIC_REPRESENTATION_CONTEXT(2) 
PARAMETRIC_REPRESENTATION_CONTEXT() REPRESENTATION_CONTEXT('2D SPACE',''
  ) );
#750 = PCURVE('',#648,#751);
#751 = DEFINITIONAL_REPRESENTATION('',(#752),#756);
#752 = LINE('',#753,#754);
#753 = CARTESIAN_POINT('',(116.,0.));
#754 = VECTOR('',#755,1.);
#755 = DIRECTION('',(0.,1.));
#756 = ( GEOMETRIC_REPRESENTATION_CONTEXT(2) 
PARAMETRIC_REPRESENTATION_CONTEXT() REPRESENTATION_CONTEXT('2D SPACE',''
  ) );
#757 = ADVANCED_FACE('',(#758),#126,.F.);
#758 = FACE_BOUND('',#759,.F.);
#759 = EDGE_LOOP('',(#760,#761,#762,#783));
#760 = ORIENTED_EDGE('',*,*,#112,.F.);
#761 = ORIENTED_EDGE('',*,*,#587,.T.);
#762 = ORIENTED_EDGE('',*,*,#763,.T.);
#763 = EDGE_CURVE('',#588,#713,#764,.T.);
#764 = SURFACE_CURVE('',#765,(#769,#776),.PCURVE_S1.);
#765 = LINE('',#766,#767);
#766 = CARTESIAN_POINT('',(-58.,-38.,5.));
#767 = VECTOR('',#768,1.);
#768 = DIRECTION('',(1.,0.,0.));
#769 = PCURVE('',#126,#770);
#770 = DEFINITIONAL_REPRESENTATION('',(#771),#775);
#771 = LINE('',#772,#773);
#772 = CARTESIAN_POINT('',(5.,0.));
#773 = VECTOR('',#774,1.);
#774 = DIRECTION('',(0.,1.));
#775 = ( GEOMETRIC_REPRESENTATION_CONTEXT(2) 
PARAMETRIC_REPRESENTATION_CONTEXT() REPRESENTATION_CONTEXT('2D SPACE',''
  ) );
#776 = PCURVE('',#648,#777);
#777 = DEFINITIONAL_REPRESENTATION('',(#778),#782);
#778 = LINE('',#779,#780);
#779 = CARTESIAN_POINT('',(0.,0.));
#780 = VECTOR('',#781,1.);
#781 = DIRECTION('',(1.,0.));
#782 = ( GEOMETRIC_REPRESENTATION_CONTEXT(2) 
PARAMETRIC_REPRESENTATION_CONTEXT() REPRESENTATION_CONTEXT('2D SPACE',''
  ) );
#783 = ORIENTED_EDGE('',*,*,#712,.F.);
#784 = ADVANCED_FACE('',(#785),#158,.T.);
#785 = FACE_BOUND('',#786,.T.);
#786 = EDGE_LOOP('',(#787,#807,#808,#828));
#787 = ORIENTED_EDGE('',*,*,#788,.F.);
#788 = EDGE_CURVE('',#141,#789,#791,.T.);
#789 = VERTEX_POINT('',#790);
#790 = CARTESIAN_POINT('',(33.532855914301,-27.5,5.));
#791 = SURFACE_CURVE('',#792,(#795,#801),.PCURVE_S1.);
#792 = B_SPLINE_CURVE_WITH_KNOTS('',1,(#793,#794),.UNSPECIFIED.,.F.,.F.,
  (2,2),(0.,1.),.PIECEWISE_BEZIER_KNOTS.);
#793 = CARTESIAN_POINT('',(33.879311016344,-27.5,0.));
#794 = CARTESIAN_POINT('',(33.532855914301,-27.5,5.));
#795 = PCURVE('',#158,#796);
#796 = DEFINITIONAL_REPRESENTATION('',(#797),#800);
#797 = B_SPLINE_CURVE_WITH_KNOTS('',1,(#798,#799),.UNSPECIFIED.,.F.,.F.,
  (2,2),(0.,1.),.PIECEWISE_BEZIER_KNOTS.);
#798 = CARTESIAN_POINT('',(1.,81.379311016344));
#799 = CARTESIAN_POINT('',(6.,81.032855914301));
#800 = ( GEOMETRIC_REPRESENTATION_CONTEXT(2) 
PARAMETRIC_REPRESENTATION_CONTEXT() REPRESENTATION_CONTEXT('2D SPACE',''
  ) );
#801 = PCURVE('',#203,#802);
#802 = DEFINITIONAL_REPRESENTATION('',(#803),#806);
#803 = B_SPLINE_CURVE_WITH_KNOTS('',1,(#804,#805),.UNSPECIFIED.,.F.,.F.,
  (2,2),(0.,1.),.PIECEWISE_BEZIER_KNOTS.);
#804 = CARTESIAN_POINT('',(81.448602036752,8.196721409776E-03));
#805 = CARTESIAN_POINT('',(81.448602036751,4.918032786885E-02));
#806 = ( GEOMETRIC_REPRESENTATION_CONTEXT(2) 
PARAMETRIC_REPRESENTATION_CONTEXT() REPRESENTATION_CONTEXT('2D SPACE',''
  ) );
#807 = ORIENTED_EDGE('',*,*,#140,.T.);
#808 = ORIENTED_EDGE('',*,*,#809,.T.);
#809 = EDGE_CURVE('',#143,#810,#812,.T.);
#810 = VERTEX_POINT('',#811);
#811 = CARTESIAN_POINT('',(-33.5328559143,-27.5,5.));
#812 = SURFACE_CURVE('',#813,(#816,#822),.PCURVE_S1.);
#813 = B_SPLINE_CURVE_WITH_KNOTS('',1,(#814,#815),.UNSPECIFIED.,.F.,.F.,
  (2,2),(0.,1.),.PIECEWISE_BEZIER_KNOTS.);
#814 = CARTESIAN_POINT('',(-33.87931101634,-27.5,0.));
#815 = CARTESIAN_POINT('',(-33.5328559143,-27.5,5.));
#816 = PCURVE('',#158,#817);
#817 = DEFINITIONAL_REPRESENTATION('',(#818),#821);
#818 = B_SPLINE_CURVE_WITH_KNOTS('',1,(#819,#820),.UNSPECIFIED.,.F.,.F.,
  (2,2),(0.,1.),.PIECEWISE_BEZIER_KNOTS.);
#819 = CARTESIAN_POINT('',(1.,13.620688983658));
#820 = CARTESIAN_POINT('',(6.,13.967144085699));
#821 = ( GEOMETRIC_REPRESENTATION_CONTEXT(2) 
PARAMETRIC_REPRESENTATION_CONTEXT() REPRESENTATION_CONTEXT('2D SPACE',''
  ) );
#822 = PCURVE('',#203,#823);
#823 = DEFINITIONAL_REPRESENTATION('',(#824),#827);
#824 = B_SPLINE_CURVE_WITH_KNOTS('',1,(#825,#826),.UNSPECIFIED.,.F.,.F.,
  (2,2),(0.,1.),.PIECEWISE_BEZIER_KNOTS.);
#825 = CARTESIAN_POINT('',(13.551397963249,8.196721409776E-03));
#826 = CARTESIAN_POINT('',(13.551397963249,4.918032786885E-02));
#827 = ( GEOMETRIC_REPRESENTATION_CONTEXT(2) 
PARAMETRIC_REPRESENTATION_CONTEXT() REPRESENTATION_CONTEXT('2D SPACE',''
  ) );
#828 = ORIENTED_EDGE('',*,*,#829,.F.);
#829 = EDGE_CURVE('',#789,#810,#830,.T.);
#830 = SURFACE_CURVE('',#831,(#835,#841),.PCURVE_S1.);
#831 = LINE('',#832,#833);
#832 = CARTESIAN_POINT('',(-52.75,-27.5,5.));
#833 = VECTOR('',#834,1.);
#834 = DIRECTION('',(-1.,0.,0.));
#835 = PCURVE('',#158,#836);
#836 = DEFINITIONAL_REPRESENTATION('',(#837),#840);
#837 = B_SPLINE_CURVE_WITH_KNOTS('',1,(#838,#839),.UNSPECIFIED.,.F.,.F.,
  (2,2),(-100.25,-5.25),.PIECEWISE_BEZIER_KNOTS.);
#838 = CARTESIAN_POINT('',(6.,95.));
#839 = CARTESIAN_POINT('',(6.,0.));
#840 = ( GEOMETRIC_REPRESENTATION_CONTEXT(2) 
PARAMETRIC_REPRESENTATION_CONTEXT() REPRESENTATION_CONTEXT('2D SPACE',''
  ) );
#841 = PCURVE('',#842,#847);
#842 = PLANE('',#843);
#843 = AXIS2_PLACEMENT_3D('',#844,#845,#846);
#844 = CARTESIAN_POINT('',(-58.,-38.,5.));
#845 = DIRECTION('',(0.,0.,1.));
#846 = DIRECTION('',(1.,0.,0.));
#847 = DEFINITIONAL_REPRESENTATION('',(#848),#851);
#848 = B_SPLINE_CURVE_WITH_KNOTS('',1,(#849,#850),.UNSPECIFIED.,.F.,.F.,
  (2,2),(-100.25,-5.25),.PIECEWISE_BEZIER_KNOTS.);
#849 = CARTESIAN_POINT('',(105.5,10.5));
#850 = CARTESIAN_POINT('',(10.5,10.5));
#851 = ( GEOMETRIC_REPRESENTATION_CONTEXT(2) 
PARAMETRIC_REPRESENTATION_CONTEXT() REPRESENTATION_CONTEXT('2D SPACE',''
  ) );
#852 = ADVANCED_FACE('',(#853),#203,.F.);
#853 = FACE_BOUND('',#854,.F.);
#854 = EDGE_LOOP('',(#855,#877,#878,#879,#945,#946,#947,#969,#1066,#1163
    ));
#855 = ORIENTED_EDGE('',*,*,#856,.F.);
#856 = EDGE_CURVE('',#483,#857,#859,.T.);
#857 = VERTEX_POINT('',#858);
#858 = CARTESIAN_POINT('',(-32.57681778992,-18.860262931,120.));
#859 = SURFACE_CURVE('',#860,(#863,#870),.PCURVE_S1.);
#860 = B_SPLINE_CURVE_WITH_KNOTS('',1,(#861,#862),.UNSPECIFIED.,.F.,.F.,
  (2,2),(0.,1.),.PIECEWISE_BEZIER_KNOTS.);
#861 = CARTESIAN_POINT('',(-47.5,-27.5,-1.));
#862 = CARTESIAN_POINT('',(-32.45348570554,-18.78886014531,121.));
#863 = PCURVE('',#203,#864);
#864 = DEFINITIONAL_REPRESENTATION('',(#865),#869);
#865 = LINE('',#866,#867);
#866 = CARTESIAN_POINT('',(0.,0.));
#867 = VECTOR('',#868,1.);
#868 = DIRECTION('',(0.,1.));
#869 = ( GEOMETRIC_REPRESENTATION_CONTEXT(2) 
PARAMETRIC_REPRESENTATION_CONTEXT() REPRESENTATION_CONTEXT('2D SPACE',''
  ) );
#870 = PCURVE('',#506,#871);
#871 = DEFINITIONAL_REPRESENTATION('',(#872),#876);
#872 = LINE('',#873,#874);
#873 = CARTESIAN_POINT('',(55.,0.));
#874 = VECTOR('',#875,1.);
#875 = DIRECTION('',(0.,1.));
#876 = ( GEOMETRIC_REPRESENTATION_CONTEXT(2) 
PARAMETRIC_REPRESENTATION_CONTEXT() REPRESENTATION_CONTEXT('2D SPACE',''
  ) );
#877 = ORIENTED_EDGE('',*,*,#536,.F.);
#878 = ORIENTED_EDGE('',*,*,#809,.T.);
#879 = ORIENTED_EDGE('',*,*,#880,.F.);
#880 = EDGE_CURVE('',#789,#810,#881,.T.);
#881 = SURFACE_CURVE('',#882,(#901,#923),.PCURVE_S1.);
#882 = B_SPLINE_CURVE_WITH_KNOTS('',5,(#883,#884,#885,#886,#887,#888,
    #889,#890,#891,#892,#893,#894,#895,#896,#897,#898,#899,#900),
  .UNSPECIFIED.,.F.,.F.,(6,4,4,4,6),(0.,0.249374033076,0.5,
    0.750625966924,1.),.UNSPECIFIED.);
#883 = CARTESIAN_POINT('',(46.760007493715,-27.07158328583,5.));
#884 = CARTESIAN_POINT('',(42.128804650548,-27.23918964178,5.));
#885 = CARTESIAN_POINT('',(37.486048761553,-27.39368144314,5.));
#886 = CARTESIAN_POINT('',(32.832984068901,-27.53136043567,5.));
#887 = CARTESIAN_POINT('',(28.171346547978,-27.64923063508,5.));
#888 = CARTESIAN_POINT('',(18.811502215674,-27.84179269304,5.));
#889 = CARTESIAN_POINT('',(14.113226568346,-27.91626471325,5.));
#890 = CARTESIAN_POINT('',(9.410353360658,-27.9666251262,5.));
#891 = CARTESIAN_POINT('',(4.705175741429,-27.99180327628,5.));
#892 = CARTESIAN_POINT('',(-4.705175741427,-27.99180327628,5.));
#893 = CARTESIAN_POINT('',(-9.410353360658,-27.9666251262,5.));
#894 = CARTESIAN_POINT('',(-14.11322656834,-27.91626471325,5.));
#895 = CARTESIAN_POINT('',(-18.81150221567,-27.84179269304,5.));
#896 = CARTESIAN_POINT('',(-28.17134654797,-27.64923063508,5.));
#897 = CARTESIAN_POINT('',(-32.8329840689,-27.53136043567,5.));
#898 = CARTESIAN_POINT('',(-37.48604876155,-27.39368144314,5.));
#899 = CARTESIAN_POINT('',(-42.12880465054,-27.23918964178,5.));
#900 = CARTESIAN_POINT('',(-46.76000749371,-27.07158328583,5.));
#901 = PCURVE('',#203,#902);
#902 = DEFINITIONAL_REPRESENTATION('',(#903),#922);
#903 = B_SPLINE_CURVE_WITH_KNOTS('',5,(#904,#905,#906,#907,#908,#909,
    #910,#911,#912,#913,#914,#915,#916,#917,#918,#919,#920,#921),
  .UNSPECIFIED.,.F.,.F.,(6,4,4,4,6),(0.,0.249374033076,0.5,
    0.750625966924,1.),.UNSPECIFIED.);
#904 = CARTESIAN_POINT('',(95.,4.918032786885E-02));
#905 = CARTESIAN_POINT('',(90.231306506002,4.918032786885E-02));
#906 = CARTESIAN_POINT('',(85.473370690784,4.918032786885E-02));
#907 = CARTESIAN_POINT('',(80.72497541811,4.918032786885E-02));
#908 = CARTESIAN_POINT('',(75.984470856647,4.918032786885E-02));
#909 = CARTESIAN_POINT('',(66.491760652939,4.918032786885E-02));
#910 = CARTESIAN_POINT('',(61.739613137507,4.918032786885E-02));
#911 = CARTESIAN_POINT('',(56.991675259664,4.918032786885E-02));
#912 = CARTESIAN_POINT('',(52.245836690446,4.918032786885E-02));
#913 = CARTESIAN_POINT('',(42.754163309556,4.918032786885E-02));
#914 = CARTESIAN_POINT('',(38.008324740336,4.918032786885E-02));
#915 = CARTESIAN_POINT('',(33.260386862495,4.918032786885E-02));
#916 = CARTESIAN_POINT('',(28.508239347062,4.918032786885E-02));
#917 = CARTESIAN_POINT('',(19.015529143355,4.918032786885E-02));
#918 = CARTESIAN_POINT('',(14.275024581888,4.918032786885E-02));
#919 = CARTESIAN_POINT('',(9.526629309218,4.918032786885E-02));
#920 = CARTESIAN_POINT('',(4.768693493998,4.918032786885E-02));
#921 = CARTESIAN_POINT('',(0.,4.918032786885E-02));
#922 = ( GEOMETRIC_REPRESENTATION_CONTEXT(2) 
PARAMETRIC_REPRESENTATION_CONTEXT() REPRESENTATION_CONTEXT('2D SPACE',''
  ) );
#923 = PCURVE('',#842,#924);
#924 = DEFINITIONAL_REPRESENTATION('',(#925),#944);
#925 = B_SPLINE_CURVE_WITH_KNOTS('',5,(#926,#927,#928,#929,#930,#931,
    #932,#933,#934,#935,#936,#937,#938,#939,#940,#941,#942,#943),
  .UNSPECIFIED.,.F.,.F.,(6,4,4,4,6),(0.,0.249374033076,0.5,
    0.750625966924,1.),.UNSPECIFIED.);
#926 = CARTESIAN_POINT('',(104.76000749371,10.928416714165));
#927 = CARTESIAN_POINT('',(100.12880465054,10.760810358211));
#928 = CARTESIAN_POINT('',(95.486048761553,10.606318556857));
#929 = CARTESIAN_POINT('',(90.832984068901,10.468639564323));
#930 = CARTESIAN_POINT('',(86.171346547978,10.350769364919));
#931 = CARTESIAN_POINT('',(76.811502215674,10.158207306959));
#932 = CARTESIAN_POINT('',(72.113226568346,10.083735286748));
#933 = CARTESIAN_POINT('',(67.410353360658,10.033374873792));
#934 = CARTESIAN_POINT('',(62.705175741429,10.008196723718));
#935 = CARTESIAN_POINT('',(53.294824258573,10.008196723718));
#936 = CARTESIAN_POINT('',(48.589646639342,10.033374873792));
#937 = CARTESIAN_POINT('',(43.886773431656,10.083735286748));
#938 = CARTESIAN_POINT('',(39.188497784327,10.158207306959));
#939 = CARTESIAN_POINT('',(29.828653452024,10.350769364919));
#940 = CARTESIAN_POINT('',(25.167015931097,10.468639564323));
#941 = CARTESIAN_POINT('',(20.51395123845,10.606318556857));
#942 = CARTESIAN_POINT('',(15.871195349452,10.760810358211));
#943 = CARTESIAN_POINT('',(11.239992506285,10.928416714165));
#944 = ( GEOMETRIC_REPRESENTATION_CONTEXT(2) 
PARAMETRIC_REPRESENTATION_CONTEXT() REPRESENTATION_CONTEXT('2D SPACE',''
  ) );
#945 = ORIENTED_EDGE('',*,*,#788,.F.);
#946 = ORIENTED_EDGE('',*,*,#169,.F.);
#947 = ORIENTED_EDGE('',*,*,#948,.T.);
#948 = EDGE_CURVE('',#170,#949,#951,.T.);
#949 = VERTEX_POINT('',#950);
#950 = CARTESIAN_POINT('',(32.576817789923,-18.860262931,120.));
#951 = SURFACE_CURVE('',#952,(#955,#962),.PCURVE_S1.);
#952 = B_SPLINE_CURVE_WITH_KNOTS('',1,(#953,#954),.UNSPECIFIED.,.F.,.F.,
  (2,2),(0.,1.),.PIECEWISE_BEZIER_KNOTS.);
#953 = CARTESIAN_POINT('',(47.5,-27.5,-1.));
#954 = CARTESIAN_POINT('',(32.453485705542,-18.78886014531,121.));
#955 = PCURVE('',#203,#956);
#956 = DEFINITIONAL_REPRESENTATION('',(#957),#961);
#957 = LINE('',#958,#959);
#958 = CARTESIAN_POINT('',(95.,0.));
#959 = VECTOR('',#960,1.);
#960 = DIRECTION('',(0.,1.));
#961 = ( GEOMETRIC_REPRESENTATION_CONTEXT(2) 
PARAMETRIC_REPRESENTATION_CONTEXT() REPRESENTATION_CONTEXT('2D SPACE',''
  ) );
#962 = PCURVE('',#262,#963);
#963 = DEFINITIONAL_REPRESENTATION('',(#964),#968);
#964 = LINE('',#965,#966);
#965 = CARTESIAN_POINT('',(0.,0.));
#966 = VECTOR('',#967,1.);
#967 = DIRECTION('',(0.,1.));
#968 = ( GEOMETRIC_REPRESENTATION_CONTEXT(2) 
PARAMETRIC_REPRESENTATION_CONTEXT() REPRESENTATION_CONTEXT('2D SPACE',''
  ) );
#969 = ORIENTED_EDGE('',*,*,#970,.T.);
#970 = EDGE_CURVE('',#949,#971,#973,.T.);
#971 = VERTEX_POINT('',#972);
#972 = CARTESIAN_POINT('',(20.655479493975,-31.2985809083,120.));
#973 = SURFACE_CURVE('',#974,(#1001,#1031),.PCURVE_S1.);
#974 = B_SPLINE_CURVE_WITH_KNOTS('',7,(#975,#976,#977,#978,#979,#980,
    #981,#982,#983,#984,#985,#986,#987,#988,#989,#990,#991,#992,#993,
    #994,#995,#996,#997,#998,#999,#1000),.UNSPECIFIED.,.F.,.F.,(8,6,6,6,
    8),(0.,0.250872552905,0.49999999889,0.750127525722,1.),
  .UNSPECIFIED.);
#975 = CARTESIAN_POINT('',(32.576817789923,-18.860262931,120.));
#976 = CARTESIAN_POINT('',(31.14992754945,-21.27662588921,120.));
#977 = CARTESIAN_POINT('',(29.511751138092,-23.5698764402,120.));
#978 = CARTESIAN_POINT('',(27.675477088483,-25.71766572771,120.));
#979 = CARTESIAN_POINT('',(25.657108009167,-27.69977455304,120.));
#980 = CARTESIAN_POINT('',(23.474989109943,-29.49825099184,120.));
#981 = CARTESIAN_POINT('',(21.149617489226,-31.09757418793,120.));
#982 = CARTESIAN_POINT('',(16.274353016794,-33.86293979137,120.));
#983 = CARTESIAN_POINT('',(13.725844028918,-35.0320835322,120.));
#984 = CARTESIAN_POINT('',(11.079907881128,-35.98003107409,120.));
#985 = CARTESIAN_POINT('',(8.359848817911,-36.69740582215,120.));
#986 = CARTESIAN_POINT('',(5.589872635709,-37.17784063407,120.));
#987 = CARTESIAN_POINT('',(2.794854275776,-37.41803273835,120.));
#988 = CARTESIAN_POINT('',(-2.806073755096,-37.41803273835,120.));
#989 = CARTESIAN_POINT('',(-5.612314916694,-37.1759083401,120.));
#990 = CARTESIAN_POINT('',(-8.393210059203,-36.69160770962,120.));
#991 = CARTESIAN_POINT('',(-11.12358381509,-35.96848778084,120.));
#992 = CARTESIAN_POINT('',(-13.77894365309,-35.01301815713,120.));
#993 = CARTESIAN_POINT('',(-16.33571626911,-33.83472502792,120.));
#994 = CARTESIAN_POINT('',(-21.20520538559,-31.05927117241,120.));
#995 = CARTESIAN_POINT('',(-23.51845986377,-29.46237248519,120.));
#996 = CARTESIAN_POINT('',(-25.68927780374,-27.66815016021,120.));
#997 = CARTESIAN_POINT('',(-27.69743040765,-25.69197013804,120.));
#998 = CARTESIAN_POINT('',(-29.52480967618,-23.55158910311,120.));
#999 = CARTESIAN_POINT('',(-31.15561572283,-21.26699326921,120.));
#1000 = CARTESIAN_POINT('',(-32.57681778992,-18.860262931,120.));
#1001 = PCURVE('',#203,#1002);
#1002 = DEFINITIONAL_REPRESENTATION('',(#1003),#1030);
#1003 = B_SPLINE_CURVE_WITH_KNOTS('',7,(#1004,#1005,#1006,#1007,#1008,
    #1009,#1010,#1011,#1012,#1013,#1014,#1015,#1016,#1017,#1018,#1019,
    #1020,#1021,#1022,#1023,#1024,#1025,#1026,#1027,#1028,#1029),
  .UNSPECIFIED.,.F.,.F.,(8,6,6,6,8),(0.,0.250872552905,0.49999999889,
    0.750127525722,1.),.UNSPECIFIED.);
#1004 = CARTESIAN_POINT('',(95.,0.991803278689));
#1005 = CARTESIAN_POINT('',(91.590921710176,0.991803278689));
#1006 = CARTESIAN_POINT('',(88.182673068628,0.991803278689));
#1007 = CARTESIAN_POINT('',(84.775554169858,0.991803278689));
#1008 = CARTESIAN_POINT('',(81.369409738836,0.991803278689));
#1009 = CARTESIAN_POINT('',(77.963977379118,0.991803278689));
#1010 = CARTESIAN_POINT('',(74.559087600779,0.991803278689));
#1011 = CARTESIAN_POINT('',(67.774591740613,0.991803278689));
#1012 = CARTESIAN_POINT('',(64.394570338899,0.991803278689));
#1013 = CARTESIAN_POINT('',(61.015176703593,0.991803278689));
#1014 = CARTESIAN_POINT('',(57.63622638696,0.991803278689));
#1015 = CARTESIAN_POINT('',(54.257437046208,0.991803278689));
#1016 = CARTESIAN_POINT('',(50.878619346545,0.991803278689));
#1017 = CARTESIAN_POINT('',(44.107817746001,0.991803278689));
#1018 = CARTESIAN_POINT('',(40.715433122736,0.991803278689));
#1019 = CARTESIAN_POINT('',(37.323078464507,0.991803278689));
#1020 = CARTESIAN_POINT('',(33.93056147637,0.991803278689));
#1021 = CARTESIAN_POINT('',(30.537595267095,0.991803278689));
#1022 = CARTESIAN_POINT('',(27.143992505814,0.991803278689));
#1023 = CARTESIAN_POINT('',(20.359468314615,0.991803278689));
#1024 = CARTESIAN_POINT('',(16.968141168243,0.991803278689));
#1025 = CARTESIAN_POINT('',(13.5762722734,0.991803278689));
#1026 = CARTESIAN_POINT('',(10.183694939339,0.991803278689));
#1027 = CARTESIAN_POINT('',(6.790151156294,0.991803278689));
#1028 = CARTESIAN_POINT('',(3.395488296814,0.991803278689));
#1029 = CARTESIAN_POINT('',(0.,0.991803278689));
#1030 = ( GEOMETRIC_REPRESENTATION_CONTEXT(2) 
PARAMETRIC_REPRESENTATION_CONTEXT() REPRESENTATION_CONTEXT('2D SPACE',''
  ) );
#1031 = PCURVE('',#1032,#1037);
#1032 = PLANE('',#1033);
#1033 = AXIS2_PLACEMENT_3D('',#1034,#1035,#1036);
#1034 = CARTESIAN_POINT('',(-3.646507020105E-15,-1.361813685832E-16,120.
    ));
#1035 = DIRECTION('',(0.,0.,1.));
#1036 = DIRECTION('',(1.,0.,-0.));
#1037 = DEFINITIONAL_REPRESENTATION('',(#1038),#1065);
#1038 = B_SPLINE_CURVE_WITH_KNOTS('',7,(#1039,#1040,#1041,#1042,#1043,
    #1044,#1045,#1046,#1047,#1048,#1049,#1050,#1051,#1052,#1053,#1054,
    #1055,#1056,#1057,#1058,#1059,#1060,#1061,#1062,#1063,#1064),
  .UNSPECIFIED.,.F.,.F.,(8,6,6,6,8),(0.,0.250872552905,0.49999999889,
    0.750127525722,1.),.UNSPECIFIED.);
#1039 = CARTESIAN_POINT('',(32.576817789923,-18.860262931));
#1040 = CARTESIAN_POINT('',(31.14992754945,-21.27662588921));
#1041 = CARTESIAN_POINT('',(29.511751138092,-23.5698764402));
#1042 = CARTESIAN_POINT('',(27.675477088483,-25.71766572771));
#1043 = CARTESIAN_POINT('',(25.657108009167,-27.69977455304));
#1044 = CARTESIAN_POINT('',(23.474989109943,-29.49825099184));
#1045 = CARTESIAN_POINT('',(21.149617489226,-31.09757418793));
#1046 = CARTESIAN_POINT('',(16.274353016794,-33.86293979137));
#1047 = CARTESIAN_POINT('',(13.725844028918,-35.0320835322));
#1048 = CARTESIAN_POINT('',(11.079907881128,-35.98003107409));
#1049 = CARTESIAN_POINT('',(8.359848817911,-36.69740582215));
#1050 = CARTESIAN_POINT('',(5.589872635709,-37.17784063407));
#1051 = CARTESIAN_POINT('',(2.794854275776,-37.41803273835));
#1052 = CARTESIAN_POINT('',(-2.806073755096,-37.41803273835));
#1053 = CARTESIAN_POINT('',(-5.612314916694,-37.1759083401));
#1054 = CARTESIAN_POINT('',(-8.393210059203,-36.69160770962));
#1055 = CARTESIAN_POINT('',(-11.12358381509,-35.96848778084));
#1056 = CARTESIAN_POINT('',(-13.77894365309,-35.01301815713));
#1057 = CARTESIAN_POINT('',(-16.33571626911,-33.83472502792));
#1058 = CARTESIAN_POINT('',(-21.20520538559,-31.05927117241));
#1059 = CARTESIAN_POINT('',(-23.51845986377,-29.46237248519));
#1060 = CARTESIAN_POINT('',(-25.68927780374,-27.66815016021));
#1061 = CARTESIAN_POINT('',(-27.69743040765,-25.69197013804));
#1062 = CARTESIAN_POINT('',(-29.52480967618,-23.55158910311));
#1063 = CARTESIAN_POINT('',(-31.15561572283,-21.26699326921));
#1064 = CARTESIAN_POINT('',(-32.57681778992,-18.860262931));
#1065 = ( GEOMETRIC_REPRESENTATION_CONTEXT(2) 
PARAMETRIC_REPRESENTATION_CONTEXT() REPRESENTATION_CONTEXT('2D SPACE',''
  ) );
#1066 = ORIENTED_EDGE('',*,*,#1067,.T.);
#1067 = EDGE_CURVE('',#971,#1068,#1070,.T.);
#1068 = VERTEX_POINT('',#1069);
#1069 = CARTESIAN_POINT('',(-20.65547949168,-31.29858090982,120.));
#1070 = SURFACE_CURVE('',#1071,(#1098,#1128),.PCURVE_S1.);
#1071 = B_SPLINE_CURVE_WITH_KNOTS('',7,(#1072,#1073,#1074,#1075,#1076,
    #1077,#1078,#1079,#1080,#1081,#1082,#1083,#1084,#1085,#1086,#1087,
    #1088,#1089,#1090,#1091,#1092,#1093,#1094,#1095,#1096,#1097),
  .UNSPECIFIED.,.F.,.F.,(8,6,6,6,8),(0.,0.250872552905,0.49999999889,
    0.750127525722,1.),.UNSPECIFIED.);
#1072 = CARTESIAN_POINT('',(32.576817789923,-18.860262931,120.));
#1073 = CARTESIAN_POINT('',(31.14992754945,-21.27662588921,120.));
#1074 = CARTESIAN_POINT('',(29.511751138092,-23.5698764402,120.));
#1075 = CARTESIAN_POINT('',(27.675477088483,-25.71766572771,120.));
#1076 = CARTESIAN_POINT('',(25.657108009167,-27.69977455304,120.));
#1077 = CARTESIAN_POINT('',(23.474989109943,-29.49825099184,120.));
#1078 = CARTESIAN_POINT('',(21.149617489226,-31.09757418793,120.));
#1079 = CARTESIAN_POINT('',(16.274353016794,-33.86293979137,120.));
#1080 = CARTESIAN_POINT('',(13.725844028918,-35.0320835322,120.));
#1081 = CARTESIAN_POINT('',(11.079907881128,-35.98003107409,120.));
#1082 = CARTESIAN_POINT('',(8.359848817911,-36.69740582215,120.));
#1083 = CARTESIAN_POINT('',(5.589872635709,-37.17784063407,120.));
#1084 = CARTESIAN_POINT('',(2.794854275776,-37.41803273835,120.));
#1085 = CARTESIAN_POINT('',(-2.806073755096,-37.41803273835,120.));
#1086 = CARTESIAN_POINT('',(-5.612314916694,-37.1759083401,120.));
#1087 = CARTESIAN_POINT('',(-8.393210059203,-36.69160770962,120.));
#1088 = CARTESIAN_POINT('',(-11.12358381509,-35.96848778084,120.));
#1089 = CARTESIAN_POINT('',(-13.77894365309,-35.01301815713,120.));
#1090 = CARTESIAN_POINT('',(-16.33571626911,-33.83472502792,120.));
#1091 = CARTESIAN_POINT('',(-21.20520538559,-31.05927117241,120.));
#1092 = CARTESIAN_POINT('',(-23.51845986377,-29.46237248519,120.));
#1093 = CARTESIAN_POINT('',(-25.68927780374,-27.66815016021,120.));
#1094 = CARTESIAN_POINT('',(-27.69743040765,-25.69197013804,120.));
#1095 = CARTESIAN_POINT('',(-29.52480967618,-23.55158910311,120.));
#1096 = CARTESIAN_POINT('',(-31.15561572283,-21.26699326921,120.));
#1097 = CARTESIAN_POINT('',(-32.57681778992,-18.860262931,120.));
#1098 = PCURVE('',#203,#1099);
#1099 = DEFINITIONAL_REPRESENTATION('',(#1100),#1127);
#1100 = B_SPLINE_CURVE_WITH_KNOTS('',7,(#1101,#1102,#1103,#1104,#1105,
    #1106,#1107,#1108,#1109,#1110,#1111,#1112,#1113,#1114,#1115,#1116,
    #1117,#1118,#1119,#1120,#1121,#1122,#1123,#1124,#1125,#1126),
  .UNSPECIFIED.,.F.,.F.,(8,6,6,6,8),(0.,0.250872552905,0.49999999889,
    0.750127525722,1.),.UNSPECIFIED.);
#1101 = CARTESIAN_POINT('',(95.,0.991803278689));
#1102 = CARTESIAN_POINT('',(91.590921710176,0.991803278689));
#1103 = CARTESIAN_POINT('',(88.182673068628,0.991803278689));
#1104 = CARTESIAN_POINT('',(84.775554169858,0.991803278689));
#1105 = CARTESIAN_POINT('',(81.369409738836,0.991803278689));
#1106 = CARTESIAN_POINT('',(77.963977379118,0.991803278689));
#1107 = CARTESIAN_POINT('',(74.559087600779,0.991803278689));
#1108 = CARTESIAN_POINT('',(67.774591740613,0.991803278689));
#1109 = CARTESIAN_POINT('',(64.394570338899,0.991803278689));
#1110 = CARTESIAN_POINT('',(61.015176703593,0.991803278689));
#1111 = CARTESIAN_POINT('',(57.63622638696,0.991803278689));
#1112 = CARTESIAN_POINT('',(54.257437046208,0.991803278689));
#1113 = CARTESIAN_POINT('',(50.878619346545,0.991803278689));
#1114 = CARTESIAN_POINT('',(44.107817746001,0.991803278689));
#1115 = CARTESIAN_POINT('',(40.715433122736,0.991803278689));
#1116 = CARTESIAN_POINT('',(37.323078464507,0.991803278689));
#1117 = CARTESIAN_POINT('',(33.93056147637,0.991803278689));
#1118 = CARTESIAN_POINT('',(30.537595267095,0.991803278689));
#1119 = CARTESIAN_POINT('',(27.143992505814,0.991803278689));
#1120 = CARTESIAN_POINT('',(20.359468314615,0.991803278689));
#1121 = CARTESIAN_POINT('',(16.968141168243,0.991803278689));
#1122 = CARTESIAN_POINT('',(13.5762722734,0.991803278689));
#1123 = CARTESIAN_POINT('',(10.183694939339,0.991803278689));
#1124 = CARTESIAN_POINT('',(6.790151156294,0.991803278689));
#1125 = CARTESIAN_POINT('',(3.395488296814,0.991803278689));
#1126 = CARTESIAN_POINT('',(0.,0.991803278689));
#1127 = ( GEOMETRIC_REPRESENTATION_CONTEXT(2) 
PARAMETRIC_REPRESENTATION_CONTEXT() REPRESENTATION_CONTEXT('2D SPACE',''
  ) );
#1128 = PCURVE('',#1129,#1134);
#1129 = PLANE('',#1130);
#1130 = AXIS2_PLACEMENT_3D('',#1131,#1132,#1133);
#1131 = CARTESIAN_POINT('',(0.,0.,120.));
#1132 = DIRECTION('',(0.,0.,1.));
#1133 = DIRECTION('',(1.,0.,0.));
#1134 = DEFINITIONAL_REPRESENTATION('',(#1135),#1162);
#1135 = B_SPLINE_CURVE_WITH_KNOTS('',7,(#1136,#1137,#1138,#1139,#1140,
    #1141,#1142,#1143,#1144,#1145,#1146,#1147,#1148,#1149,#1150,#1151,
    #1152,#1153,#1154,#1155,#1156,#1157,#1158,#1159,#1160,#1161),
  .UNSPECIFIED.,.F.,.F.,(8,6,6,6,8),(0.,0.250872552905,0.49999999889,
    0.750127525722,1.),.UNSPECIFIED.);
#1136 = CARTESIAN_POINT('',(32.576817789923,-18.860262931));
#1137 = CARTESIAN_POINT('',(31.14992754945,-21.27662588921));
#1138 = CARTESIAN_POINT('',(29.511751138092,-23.5698764402));
#1139 = CARTESIAN_POINT('',(27.675477088483,-25.71766572771));
#1140 = CARTESIAN_POINT('',(25.657108009167,-27.69977455304));
#1141 = CARTESIAN_POINT('',(23.474989109943,-29.49825099184));
#1142 = CARTESIAN_POINT('',(21.149617489226,-31.09757418793));
#1143 = CARTESIAN_POINT('',(16.274353016794,-33.86293979137));
#1144 = CARTESIAN_POINT('',(13.725844028918,-35.0320835322));
#1145 = CARTESIAN_POINT('',(11.079907881128,-35.98003107409));
#1146 = CARTESIAN_POINT('',(8.359848817911,-36.69740582215));
#1147 = CARTESIAN_POINT('',(5.589872635709,-37.17784063407));
#1148 = CARTESIAN_POINT('',(2.794854275776,-37.41803273835));
#1149 = CARTESIAN_POINT('',(-2.806073755096,-37.41803273835));
#1150 = CARTESIAN_POINT('',(-5.612314916694,-37.1759083401));
#1151 = CARTESIAN_POINT('',(-8.393210059203,-36.69160770962));
#1152 = CARTESIAN_POINT('',(-11.12358381509,-35.96848778084));
#1153 = CARTESIAN_POINT('',(-13.77894365309,-35.01301815713));
#1154 = CARTESIAN_POINT('',(-16.33571626911,-33.83472502792));
#1155 = CARTESIAN_POINT('',(-21.20520538559,-31.05927117241));
#1156 = CARTESIAN_POINT('',(-23.51845986377,-29.46237248519));
#1157 = CARTESIAN_POINT('',(-25.68927780374,-27.66815016021));
#1158 = CARTESIAN_POINT('',(-27.69743040765,-25.69197013804));
#1159 = CARTESIAN_POINT('',(-29.52480967618,-23.55158910311));
#1160 = CARTESIAN_POINT('',(-31.15561572283,-21.26699326921));
#1161 = CARTESIAN_POINT('',(-32.57681778992,-18.860262931));
#1162 = ( GEOMETRIC_REPRESENTATION_CONTEXT(2) 
PARAMETRIC_REPRESENTATION_CONTEXT() REPRESENTATION_CONTEXT('2D SPACE',''
  ) );
#1163 = ORIENTED_EDGE('',*,*,#1164,.T.);
#1164 = EDGE_CURVE('',#1068,#857,#1165,.T.);
#1165 = SURFACE_CURVE('',#1166,(#1193,#1223),.PCURVE_S1.);
#1166 = B_SPLINE_CURVE_WITH_KNOTS('',7,(#1167,#1168,#1169,#1170,#1171,
    #1172,#1173,#1174,#1175,#1176,#1177,#1178,#1179,#1180,#1181,#1182,
    #1183,#1184,#1185,#1186,#1187,#1188,#1189,#1190,#1191,#1192),
  .UNSPECIFIED.,.F.,.F.,(8,6,6,6,8),(0.,0.250872552905,0.49999999889,
    0.750127525722,1.),.UNSPECIFIED.);
#1167 = CARTESIAN_POINT('',(32.576817789923,-18.860262931,120.));
#1168 = CARTESIAN_POINT('',(31.14992754945,-21.27662588921,120.));
#1169 = CARTESIAN_POINT('',(29.511751138092,-23.5698764402,120.));
#1170 = CARTESIAN_POINT('',(27.675477088483,-25.71766572771,120.));
#1171 = CARTESIAN_POINT('',(25.657108009167,-27.69977455304,120.));
#1172 = CARTESIAN_POINT('',(23.474989109943,-29.49825099184,120.));
#1173 = CARTESIAN_POINT('',(21.149617489226,-31.09757418793,120.));
#1174 = CARTESIAN_POINT('',(16.274353016794,-33.86293979137,120.));
#1175 = CARTESIAN_POINT('',(13.725844028918,-35.0320835322,120.));
#1176 = CARTESIAN_POINT('',(11.079907881128,-35.98003107409,120.));
#1177 = CARTESIAN_POINT('',(8.359848817911,-36.69740582215,120.));
#1178 = CARTESIAN_POINT('',(5.589872635709,-37.17784063407,120.));
#1179 = CARTESIAN_POINT('',(2.794854275776,-37.41803273835,120.));
#1180 = CARTESIAN_POINT('',(-2.806073755096,-37.41803273835,120.));
#1181 = CARTESIAN_POINT('',(-5.612314916694,-37.1759083401,120.));
#1182 = CARTESIAN_POINT('',(-8.393210059203,-36.69160770962,120.));
#1183 = CARTESIAN_POINT('',(-11.12358381509,-35.96848778084,120.));
#1184 = CARTESIAN_POINT('',(-13.77894365309,-35.01301815713,120.));
#1185 = CARTESIAN_POINT('',(-16.33571626911,-33.83472502792,120.));
#1186 = CARTESIAN_POINT('',(-21.20520538559,-31.05927117241,120.));
#1187 = CARTESIAN_POINT('',(-23.51845986377,-29.46237248519,120.));
#1188 = CARTESIAN_POINT('',(-25.68927780374,-27.66815016021,120.));
#1189 = CARTESIAN_POINT('',(-27.69743040765,-25.69197013804,120.));
#1190 = CARTESIAN_POINT('',(-29.52480967618,-23.55158910311,120.));
#1191 = CARTESIAN_POINT('',(-31.15561572283,-21.26699326921,120.));
#1192 = CARTESIAN_POINT('',(-32.57681778992,-18.860262931,120.));
#1193 = PCURVE('',#203,#1194);
#1194 = DEFINITIONAL_REPRESENTATION('',(#1195),#1222);
#1195 = B_SPLINE_CURVE_WITH_KNOTS('',7,(#1196,#1197,#1198,#1199,#1200,
    #1201,#1202,#1203,#1204,#1205,#1206,#1207,#1208,#1209,#1210,#1211,
    #1212,#1213,#1214,#1215,#1216,#1217,#1218,#1219,#1220,#1221),
  .UNSPECIFIED.,.F.,.F.,(8,6,6,6,8),(0.,0.250872552905,0.49999999889,
    0.750127525722,1.),.UNSPECIFIED.);
#1196 = CARTESIAN_POINT('',(95.,0.991803278689));
#1197 = CARTESIAN_POINT('',(91.590921710176,0.991803278689));
#1198 = CARTESIAN_POINT('',(88.182673068628,0.991803278689));
#1199 = CARTESIAN_POINT('',(84.775554169858,0.991803278689));
#1200 = CARTESIAN_POINT('',(81.369409738836,0.991803278689));
#1201 = CARTESIAN_POINT('',(77.963977379118,0.991803278689));
#1202 = CARTESIAN_POINT('',(74.559087600779,0.991803278689));
#1203 = CARTESIAN_POINT('',(67.774591740613,0.991803278689));
#1204 = CARTESIAN_POINT('',(64.394570338899,0.991803278689));
#1205 = CARTESIAN_POINT('',(61.015176703593,0.991803278689));
#1206 = CARTESIAN_POINT('',(57.63622638696,0.991803278689));
#1207 = CARTESIAN_POINT('',(54.257437046208,0.991803278689));
#1208 = CARTESIAN_POINT('',(50.878619346545,0.991803278689));
#1209 = CARTESIAN_POINT('',(44.107817746001,0.991803278689));
#1210 = CARTESIAN_POINT('',(40.715433122736,0.991803278689));
#1211 = CARTESIAN_POINT('',(37.323078464507,0.991803278689));
#1212 = CARTESIAN_POINT('',(33.93056147637,0.991803278689));
#1213 = CARTESIAN_POINT('',(30.537595267095,0.991803278689));
#1214 = CARTESIAN_POINT('',(27.143992505814,0.991803278689));
#1215 = CARTESIAN_POINT('',(20.359468314615,0.991803278689));
#1216 = CARTESIAN_POINT('',(16.968141168243,0.991803278689));
#1217 = CARTESIAN_POINT('',(13.5762722734,0.991803278689));
#1218 = CARTESIAN_POINT('',(10.183694939339,0.991803278689));
#1219 = CARTESIAN_POINT('',(6.790151156294,0.991803278689));
#1220 = CARTESIAN_POINT('',(3.395488296814,0.991803278689));
#1221 = CARTESIAN_POINT('',(0.,0.991803278689));
#1222 = ( GEOMETRIC_REPRESENTATION_CONTEXT(2) 
PARAMETRIC_REPRESENTATION_CONTEXT() REPRESENTATION_CONTEXT('2D SPACE',''
  ) );
#1223 = PCURVE('',#1224,#1229);
#1224 = PLANE('',#1225);
#1225 = AXIS2_PLACEMENT_3D('',#1226,#1227,#1228);
#1226 = CARTESIAN_POINT('',(-3.646507020105E-15,-1.361813685832E-16,120.
    ));
#1227 = DIRECTION('',(0.,0.,1.));
#1228 = DIRECTION('',(1.,0.,-0.));
#1229 = DEFINITIONAL_REPRESENTATION('',(#1230),#1257);
#1230 = B_SPLINE_CURVE_WITH_KNOTS('',7,(#1231,#1232,#1233,#1234,#1235,
    #1236,#1237,#1238,#1239,#1240,#1241,#1242,#1243,#1244,#1245,#1246,
    #1247,#1248,#1249,#1250,#1251,#1252,#1253,#1254,#1255,#1256),
  .UNSPECIFIED.,.F.,.F.,(8,6,6,6,8),(0.,0.250872552905,0.49999999889,
    0.750127525722,1.),.UNSPECIFIED.);
#1231 = CARTESIAN_POINT('',(32.576817789923,-18.860262931));
#1232 = CARTESIAN_POINT('',(31.14992754945,-21.27662588921));
#1233 = CARTESIAN_POINT('',(29.511751138092,-23.5698764402));
#1234 = CARTESIAN_POINT('',(27.675477088483,-25.71766572771));
#1235 = CARTESIAN_POINT('',(25.657108009167,-27.69977455304));
#1236 = CARTESIAN_POINT('',(23.474989109943,-29.49825099184));
#1237 = CARTESIAN_POINT('',(21.149617489226,-31.09757418793));
#1238 = CARTESIAN_POINT('',(16.274353016794,-33.86293979137));
#1239 = CARTESIAN_POINT('',(13.725844028918,-35.0320835322));
#1240 = CARTESIAN_POINT('',(11.079907881128,-35.98003107409));
#1241 = CARTESIAN_POINT('',(8.359848817911,-36.69740582215));
#1242 = CARTESIAN_POINT('',(5.589872635709,-37.17784063407));
#1243 = CARTESIAN_POINT('',(2.794854275776,-37.41803273835));
#1244 = CARTESIAN_POINT('',(-2.806073755096,-37.41803273835));
#1245 = CARTESIAN_POINT('',(-5.612314916694,-37.1759083401));
#1246 = CARTESIAN_POINT('',(-8.393210059203,-36.69160770962));
#1247 = CARTESIAN_POINT('',(-11.12358381509,-35.96848778084));
#1248 = CARTESIAN_POINT('',(-13.77894365309,-35.01301815713));
#1249 = CARTESIAN_POINT('',(-16.33571626911,-33.83472502792));
#1250 = CARTESIAN_POINT('',(-21.20520538559,-31.05927117241));
#1251 = CARTESIAN_POINT('',(-23.51845986377,-29.46237248519));
#1252 = CARTESIAN_POINT('',(-25.68927780374,-27.66815016021));
#1253 = CARTESIAN_POINT('',(-27.69743040765,-25.69197013804));
#1254 = CARTESIAN_POINT('',(-29.52480967618,-23.55158910311));
#1255 = CARTESIAN_POINT('',(-31.15561572283,-21.26699326921));
#1256 = CARTESIAN_POINT('',(-32.57681778992,-18.860262931));
#1257 = ( GEOMETRIC_REPRESENTATION_CONTEXT(2) 
PARAMETRIC_REPRESENTATION_CONTEXT() REPRESENTATION_CONTEXT('2D SPACE',''
  ) );
#1258 = ADVANCED_FACE('',(#1259),#262,.F.);
#1259 = FACE_BOUND('',#1260,.F.);
#1260 = EDGE_LOOP('',(#1261,#1262,#1263,#1285));
#1261 = ORIENTED_EDGE('',*,*,#948,.F.);
#1262 = ORIENTED_EDGE('',*,*,#240,.F.);
#1263 = ORIENTED_EDGE('',*,*,#1264,.T.);
#1264 = EDGE_CURVE('',#241,#1265,#1267,.T.);
#1265 = VERTEX_POINT('',#1266);
#1266 = CARTESIAN_POINT('',(37.581967213115,-8.80898268719E-15,120.));
#1267 = SURFACE_CURVE('',#1268,(#1271,#1278),.PCURVE_S1.);
#1268 = B_SPLINE_CURVE_WITH_KNOTS('',1,(#1269,#1270),.UNSPECIFIED.,.F.,
  .F.,(2,2),(0.,1.),.PIECEWISE_BEZIER_KNOTS.);
#1269 = CARTESIAN_POINT('',(47.5,0.,-1.));
#1270 = CARTESIAN_POINT('',(37.5,-8.881784197001E-15,121.));
#1271 = PCURVE('',#262,#1272);
#1272 = DEFINITIONAL_REPRESENTATION('',(#1273),#1277);
#1273 = LINE('',#1274,#1275);
#1274 = CARTESIAN_POINT('',(27.5,0.));
#1275 = VECTOR('',#1276,1.);
#1276 = DIRECTION('',(0.,1.));
#1277 = ( GEOMETRIC_REPRESENTATION_CONTEXT(2) 
PARAMETRIC_REPRESENTATION_CONTEXT() REPRESENTATION_CONTEXT('2D SPACE',''
  ) );
#1278 = PCURVE('',#309,#1279);
#1279 = DEFINITIONAL_REPRESENTATION('',(#1280),#1284);
#1280 = LINE('',#1281,#1282);
#1281 = CARTESIAN_POINT('',(27.5,0.));
#1282 = VECTOR('',#1283,1.);
#1283 = DIRECTION('',(0.,1.));
#1284 = ( GEOMETRIC_REPRESENTATION_CONTEXT(2) 
PARAMETRIC_REPRESENTATION_CONTEXT() REPRESENTATION_CONTEXT('2D SPACE',''
  ) );
#1285 = ORIENTED_EDGE('',*,*,#1286,.T.);
#1286 = EDGE_CURVE('',#1265,#949,#1287,.T.);
#1287 = SURFACE_CURVE('',#1288,(#1307,#1329),.PCURVE_S1.);
#1288 = B_SPLINE_CURVE_WITH_KNOTS('',5,(#1289,#1290,#1291,#1292,#1293,
    #1294,#1295,#1296,#1297,#1298,#1299,#1300,#1301,#1302,#1303,#1304,
    #1305,#1306),.UNSPECIFIED.,.F.,.F.,(6,4,4,4,6),(0.,0.250040713432,
    0.500064974288,0.750056609348,1.),.UNSPECIFIED.);
#1289 = CARTESIAN_POINT('',(37.581967213115,-1.06581410364E-14,120.));
#1290 = CARTESIAN_POINT('',(37.581967213115,-0.987186126838,120.));
#1291 = CARTESIAN_POINT('',(37.549957793332,-1.974372515003,120.));
#1292 = CARTESIAN_POINT('',(37.485938930133,-2.960163972068,120.));
#1293 = CARTESIAN_POINT('',(37.390001102063,-3.943167153422,120.));
#1294 = CARTESIAN_POINT('',(37.13465685962,-5.900765097793,120.));
#1295 = CARTESIAN_POINT('',(36.975254546679,-6.87536098795,120.));
#1296 = CARTESIAN_POINT('',(36.78429828161,-7.844402536102,120.));
#1297 = CARTESIAN_POINT('',(36.562057977157,-8.806519738134,120.));
#1298 = CARTESIAN_POINT('',(36.055758351621,-10.71408295379,120.));
#1299 = CARTESIAN_POINT('',(35.771706951502,-11.65953169023,120.));
#1300 = CARTESIAN_POINT('',(35.457095321022,-12.59536130224,120.));
#1301 = CARTESIAN_POINT('',(35.112368394532,-13.52024803513,120.));
#1302 = CARTESIAN_POINT('',(34.363815615973,-15.34537621326,120.));
#1303 = CARTESIAN_POINT('',(33.96000096003,-16.24562292067,120.));
#1304 = CARTESIAN_POINT('',(33.527141328948,-17.13234936252,120.));
#1305 = CARTESIAN_POINT('',(33.065849369771,-18.00430021534,120.));
#1306 = CARTESIAN_POINT('',(32.576817789923,-18.860262931,120.));
#1307 = PCURVE('',#262,#1308);
#1308 = DEFINITIONAL_REPRESENTATION('',(#1309),#1328);
#1309 = B_SPLINE_CURVE_WITH_KNOTS('',5,(#1310,#1311,#1312,#1313,#1314,
    #1315,#1316,#1317,#1318,#1319,#1320,#1321,#1322,#1323,#1324,#1325,
    #1326,#1327),.UNSPECIFIED.,.F.,.F.,(6,4,4,4,6),(0.,0.250040713432,
    0.500064974288,0.750056609348,1.),.UNSPECIFIED.);
#1310 = CARTESIAN_POINT('',(27.5,0.991803278689));
#1311 = CARTESIAN_POINT('',(26.125015220905,0.991803278689));
#1312 = CARTESIAN_POINT('',(24.750030013635,0.991803278689));
#1313 = CARTESIAN_POINT('',(23.375038028718,0.991803278689));
#1314 = CARTESIAN_POINT('',(22.000030137319,0.991803278689));
#1315 = CARTESIAN_POINT('',(19.250060339096,0.991803278689));
#1316 = CARTESIAN_POINT('',(17.875097621658,0.991803278689));
#1317 = CARTESIAN_POINT('',(16.500105506535,0.991803278689));
#1318 = CARTESIAN_POINT('',(15.125075013715,0.991803278689));
#1319 = CARTESIAN_POINT('',(12.37510442054,0.991803278689));
#1320 = CARTESIAN_POINT('',(11.000163517678,0.991803278689));
#1321 = CARTESIAN_POINT('',(9.625171155133,0.991803278689));
#1322 = CARTESIAN_POINT('',(8.250118598994,0.991803278689));
#1323 = CARTESIAN_POINT('',(5.500146777016,0.991803278689));
#1324 = CARTESIAN_POINT('',(4.125226720762,0.991803278689));
#1325 = CARTESIAN_POINT('',(2.750233997287,0.991803278689));
#1326 = CARTESIAN_POINT('',(1.375160212327,0.991803278689));
#1327 = CARTESIAN_POINT('',(0.,0.991803278689));
#1328 = ( GEOMETRIC_REPRESENTATION_CONTEXT(2) 
PARAMETRIC_REPRESENTATION_CONTEXT() REPRESENTATION_CONTEXT('2D SPACE',''
  ) );
#1329 = PCURVE('',#1032,#1330);
#1330 = DEFINITIONAL_REPRESENTATION('',(#1331),#1350);
#1331 = B_SPLINE_CURVE_WITH_KNOTS('',5,(#1332,#1333,#1334,#1335,#1336,
    #1337,#1338,#1339,#1340,#1341,#1342,#1343,#1344,#1345,#1346,#1347,
    #1348,#1349),.UNSPECIFIED.,.F.,.F.,(6,4,4,4,6),(0.,0.250040713432,
    0.500064974288,0.750056609348,1.),.UNSPECIFIED.);
#1332 = CARTESIAN_POINT('',(37.581967213115,-1.052195966782E-14));
#1333 = CARTESIAN_POINT('',(37.581967213115,-0.987186126838));
#1334 = CARTESIAN_POINT('',(37.549957793332,-1.974372515003));
#1335 = CARTESIAN_POINT('',(37.485938930133,-2.960163972068));
#1336 = CARTESIAN_POINT('',(37.390001102063,-3.943167153422));
#1337 = CARTESIAN_POINT('',(37.13465685962,-5.900765097793));
#1338 = CARTESIAN_POINT('',(36.975254546679,-6.87536098795));
#1339 = CARTESIAN_POINT('',(36.78429828161,-7.844402536102));
#1340 = CARTESIAN_POINT('',(36.562057977157,-8.806519738134));
#1341 = CARTESIAN_POINT('',(36.055758351621,-10.71408295379));
#1342 = CARTESIAN_POINT('',(35.771706951502,-11.65953169023));
#1343 = CARTESIAN_POINT('',(35.457095321022,-12.59536130224));
#1344 = CARTESIAN_POINT('',(35.112368394532,-13.52024803513));
#1345 = CARTESIAN_POINT('',(34.363815615973,-15.34537621326));
#1346 = CARTESIAN_POINT('',(33.96000096003,-16.24562292067));
#1347 = CARTESIAN_POINT('',(33.527141328948,-17.13234936252));
#1348 = CARTESIAN_POINT('',(33.065849369771,-18.00430021534));
#1349 = CARTESIAN_POINT('',(32.576817789923,-18.860262931));
#1350 = ( GEOMETRIC_REPRESENTATION_CONTEXT(2) 
PARAMETRIC_REPRESENTATION_CONTEXT() REPRESENTATION_CONTEXT('2D SPACE',''
  ) );
#1351 = ADVANCED_FACE('',(#1352),#309,.F.);
#1352 = FACE_BOUND('',#1353,.F.);
#1353 = EDGE_LOOP('',(#1354,#1355,#1356,#1378));
#1354 = ORIENTED_EDGE('',*,*,#1264,.F.);
#1355 = ORIENTED_EDGE('',*,*,#287,.F.);
#1356 = ORIENTED_EDGE('',*,*,#1357,.T.);
#1357 = EDGE_CURVE('',#288,#1358,#1360,.T.);
#1358 = VERTEX_POINT('',#1359);
#1359 = CARTESIAN_POINT('',(32.576817789923,18.860262931008,120.));
#1360 = SURFACE_CURVE('',#1361,(#1364,#1371),.PCURVE_S1.);
#1361 = B_SPLINE_CURVE_WITH_KNOTS('',1,(#1362,#1363),.UNSPECIFIED.,.F.,
  .F.,(2,2),(0.,1.),.PIECEWISE_BEZIER_KNOTS.);
#1362 = CARTESIAN_POINT('',(47.5,27.5,-1.));
#1363 = CARTESIAN_POINT('',(32.453485705542,18.788860145314,121.));
#1364 = PCURVE('',#309,#1365);
#1365 = DEFINITIONAL_REPRESENTATION('',(#1366),#1370);
#1366 = LINE('',#1367,#1368);
#1367 = CARTESIAN_POINT('',(55.,0.));
#1368 = VECTOR('',#1369,1.);
#1369 = DIRECTION('',(0.,1.));
#1370 = ( GEOMETRIC_REPRESENTATION_CONTEXT(2) 
PARAMETRIC_REPRESENTATION_CONTEXT() REPRESENTATION_CONTEXT('2D SPACE',''
  ) );
#1371 = PCURVE('',#368,#1372);
#1372 = DEFINITIONAL_REPRESENTATION('',(#1373),#1377);
#1373 = LINE('',#1374,#1375);
#1374 = CARTESIAN_POINT('',(0.,0.));
#1375 = VECTOR('',#1376,1.);
#1376 = DIRECTION('',(0.,1.));
#1377 = ( GEOMETRIC_REPRESENTATION_CONTEXT(2) 
PARAMETRIC_REPRESENTATION_CONTEXT() REPRESENTATION_CONTEXT('2D SPACE',''
  ) );
#1378 = ORIENTED_EDGE('',*,*,#1379,.T.);
#1379 = EDGE_CURVE('',#1358,#1265,#1380,.T.);
#1380 = SURFACE_CURVE('',#1381,(#1400,#1422),.PCURVE_S1.);
#1381 = B_SPLINE_CURVE_WITH_KNOTS('',5,(#1382,#1383,#1384,#1385,#1386,
    #1387,#1388,#1389,#1390,#1391,#1392,#1393,#1394,#1395,#1396,#1397,
    #1398,#1399),.UNSPECIFIED.,.F.,.F.,(6,4,4,4,6),(0.,0.250943271004,
    0.50093506813,0.750959427305,1.),.UNSPECIFIED.);
#1382 = CARTESIAN_POINT('',(32.576817789923,18.860262931008,120.));
#1383 = CARTESIAN_POINT('',(33.067805705033,18.000875998764,120.));
#1384 = CARTESIAN_POINT('',(33.530831616543,17.125372751616,120.));
#1385 = CARTESIAN_POINT('',(33.965194466959,16.234980354112,120.));
#1386 = CARTESIAN_POINT('',(34.370274552272,15.330969427858,120.));
#1387 = CARTESIAN_POINT('',(35.119376129902,13.501798402982,120.));
#1388 = CARTESIAN_POINT('',(35.463623530944,12.576730945524,120.));
#1389 = CARTESIAN_POINT('',(35.777749920645,11.640736357641,120.));
#1390 = CARTESIAN_POINT('',(36.061311052103,10.695138623717,120.));
#1391 = CARTESIAN_POINT('',(36.566621355388,8.787309966556,120.));
#1392 = CARTESIAN_POINT('',(36.788362620605,7.825076328852,120.));
#1393 = CARTESIAN_POINT('',(36.97881623329,6.85593470148,120.));
#1394 = CARTESIAN_POINT('',(37.137712991577,5.881255227996,120.));
#1395 = CARTESIAN_POINT('',(37.391533009432,3.927439181166,120.));
#1396 = CARTESIAN_POINT('',(37.486705603386,2.948334665583,120.));
#1397 = CARTESIAN_POINT('',(37.550213351001,1.96647519506,120.));
#1398 = CARTESIAN_POINT('',(37.581967213115,0.983237469641,120.));
#1399 = CARTESIAN_POINT('',(37.581967213115,-9.027387216624E-16,120.));
#1400 = PCURVE('',#309,#1401);
#1401 = DEFINITIONAL_REPRESENTATION('',(#1402),#1421);
#1402 = B_SPLINE_CURVE_WITH_KNOTS('',5,(#1403,#1404,#1405,#1406,#1407,
    #1408,#1409,#1410,#1411,#1412,#1413,#1414,#1415,#1416,#1417,#1418,
    #1419,#1420),.UNSPECIFIED.,.F.,.F.,(6,4,4,4,6),(0.,0.250943271004,
    0.50093506813,0.750959427305,1.),.UNSPECIFIED.);
#1403 = CARTESIAN_POINT('',(55.,0.991803278689));
#1404 = CARTESIAN_POINT('',(53.619338559276,0.991803278689));
#1405 = CARTESIAN_POINT('',(52.238764233878,0.991803278689));
#1406 = CARTESIAN_POINT('',(50.858271602743,0.991803278689));
#1407 = CARTESIAN_POINT('',(49.477852156813,0.991803278689));
#1408 = CARTESIAN_POINT('',(46.722381571967,0.991803278689));
#1409 = CARTESIAN_POINT('',(45.347329102599,0.991803278689));
#1410 = CARTESIAN_POINT('',(43.97233674121,0.991803278689));
#1411 = CARTESIAN_POINT('',(42.597395752773,0.991803278689));
#1412 = CARTESIAN_POINT('',(39.847425163653,0.991803278689));
#1413 = CARTESIAN_POINT('',(38.472394760421,0.991803278689));
#1414 = CARTESIAN_POINT('',(37.09740264612,0.991803278689));
#1415 = CARTESIAN_POINT('',(35.72243983988,0.991803278689));
#1416 = CARTESIAN_POINT('',(32.977970221882,0.991803278689));
#1417 = CARTESIAN_POINT('',(31.608462427416,0.991803278689));
#1418 = CARTESIAN_POINT('',(30.238970343128,0.991803278689));
#1419 = CARTESIAN_POINT('',(28.869484961588,0.991803278689));
#1420 = CARTESIAN_POINT('',(27.5,0.991803278689));
#1421 = ( GEOMETRIC_REPRESENTATION_CONTEXT(2) 
PARAMETRIC_REPRESENTATION_CONTEXT() REPRESENTATION_CONTEXT('2D SPACE',''
  ) );
#1422 = PCURVE('',#1032,#1423);
#1423 = DEFINITIONAL_REPRESENTATION('',(#1424),#1443);
#1424 = B_SPLINE_CURVE_WITH_KNOTS('',5,(#1425,#1426,#1427,#1428,#1429,
    #1430,#1431,#1432,#1433,#1434,#1435,#1436,#1437,#1438,#1439,#1440,
    #1441,#1442),.UNSPECIFIED.,.F.,.F.,(6,4,4,4,6),(0.,0.250943271004,
    0.50093506813,0.750959427305,1.),.UNSPECIFIED.);
#1425 = CARTESIAN_POINT('',(32.576817789923,18.860262931008));
#1426 = CARTESIAN_POINT('',(33.067805705033,18.000875998764));
#1427 = CARTESIAN_POINT('',(33.530831616543,17.125372751616));
#1428 = CARTESIAN_POINT('',(33.965194466959,16.234980354112));
#1429 = CARTESIAN_POINT('',(34.370274552272,15.330969427858));
#1430 = CARTESIAN_POINT('',(35.119376129902,13.501798402982));
#1431 = CARTESIAN_POINT('',(35.463623530944,12.576730945524));
#1432 = CARTESIAN_POINT('',(35.777749920645,11.640736357641));
#1433 = CARTESIAN_POINT('',(36.061311052103,10.695138623717));
#1434 = CARTESIAN_POINT('',(36.566621355388,8.787309966556));
#1435 = CARTESIAN_POINT('',(36.788362620605,7.825076328852));
#1436 = CARTESIAN_POINT('',(36.97881623329,6.85593470148));
#1437 = CARTESIAN_POINT('',(37.137712991577,5.881255227996));
#1438 = CARTESIAN_POINT('',(37.391533009432,3.927439181166));
#1439 = CARTESIAN_POINT('',(37.486705603386,2.948334665583));
#1440 = CARTESIAN_POINT('',(37.550213351001,1.96647519506));
#1441 = CARTESIAN_POINT('',(37.581967213115,0.983237469641));
#1442 = CARTESIAN_POINT('',(37.581967213115,-7.665573530792E-16));
#1443 = ( GEOMETRIC_REPRESENTATION_CONTEXT(2) 
PARAMETRIC_REPRESENTATION_CONTEXT() REPRESENTATION_CONTEXT('2D SPACE',''
  ) );
#1444 = ADVANCED_FACE('',(#1445),#368,.F.);
#1445 = FACE_BOUND('',#1446,.F.);
#1446 = EDGE_LOOP('',(#1447,#1448,#1449,#1469,#1542,#1560,#1561,#1583,
    #1675,#1772));
#1447 = ORIENTED_EDGE('',*,*,#1357,.F.);
#1448 = ORIENTED_EDGE('',*,*,#334,.F.);
#1449 = ORIENTED_EDGE('',*,*,#1450,.T.);
#1450 = EDGE_CURVE('',#335,#1451,#1453,.T.);
#1451 = VERTEX_POINT('',#1452);
#1452 = CARTESIAN_POINT('',(33.532855914301,27.5,5.));
#1453 = SURFACE_CURVE('',#1454,(#1457,#1463),.PCURVE_S1.);
#1454 = B_SPLINE_CURVE_WITH_KNOTS('',1,(#1455,#1456),.UNSPECIFIED.,.F.,
  .F.,(2,2),(0.,1.),.PIECEWISE_BEZIER_KNOTS.);
#1455 = CARTESIAN_POINT('',(33.879311016343,27.5,0.));
#1456 = CARTESIAN_POINT('',(33.532855914301,27.5,5.));
#1457 = PCURVE('',#368,#1458);
#1458 = DEFINITIONAL_REPRESENTATION('',(#1459),#1462);
#1459 = B_SPLINE_CURVE_WITH_KNOTS('',1,(#1460,#1461),.UNSPECIFIED.,.F.,
  .F.,(2,2),(0.,1.),.PIECEWISE_BEZIER_KNOTS.);
#1460 = CARTESIAN_POINT('',(13.551397963249,8.196721409776E-03));
#1461 = CARTESIAN_POINT('',(13.551397963249,4.918032786885E-02));
#1462 = ( GEOMETRIC_REPRESENTATION_CONTEXT(2) 
PARAMETRIC_REPRESENTATION_CONTEXT() REPRESENTATION_CONTEXT('2D SPACE',''
  ) );
#1463 = PCURVE('',#421,#1464);
#1464 = DEFINITIONAL_REPRESENTATION('',(#1465),#1468);
#1465 = B_SPLINE_CURVE_WITH_KNOTS('',1,(#1466,#1467),.UNSPECIFIED.,.F.,
  .F.,(2,2),(0.,1.),.PIECEWISE_BEZIER_KNOTS.);
#1466 = CARTESIAN_POINT('',(1.,81.379311016343));
#1467 = CARTESIAN_POINT('',(6.,81.032855914301));
#1468 = ( GEOMETRIC_REPRESENTATION_CONTEXT(2) 
PARAMETRIC_REPRESENTATION_CONTEXT() REPRESENTATION_CONTEXT('2D SPACE',''
  ) );
#1469 = ORIENTED_EDGE('',*,*,#1470,.F.);
#1470 = EDGE_CURVE('',#1471,#1451,#1473,.T.);
#1471 = VERTEX_POINT('',#1472);
#1472 = CARTESIAN_POINT('',(-33.5328559143,27.5,5.));
#1473 = SURFACE_CURVE('',#1474,(#1493,#1515),.PCURVE_S1.);
#1474 = B_SPLINE_CURVE_WITH_KNOTS('',5,(#1475,#1476,#1477,#1478,#1479,
    #1480,#1481,#1482,#1483,#1484,#1485,#1486,#1487,#1488,#1489,#1490,
    #1491,#1492),.UNSPECIFIED.,.F.,.F.,(6,4,4,4,6),(0.,0.249374033076,
    0.5,0.750625966924,1.),.UNSPECIFIED.);
#1475 = CARTESIAN_POINT('',(-46.76000749371,27.071583285835,5.));
#1476 = CARTESIAN_POINT('',(-42.12880465054,27.239189641789,5.));
#1477 = CARTESIAN_POINT('',(-37.48604876155,27.393681443143,5.));
#1478 = CARTESIAN_POINT('',(-32.8329840689,27.531360435677,5.));
#1479 = CARTESIAN_POINT('',(-28.17134654797,27.649230635081,5.));
#1480 = CARTESIAN_POINT('',(-18.81150221567,27.841792693041,5.));
#1481 = CARTESIAN_POINT('',(-14.11322656834,27.916264713252,5.));
#1482 = CARTESIAN_POINT('',(-9.410353360656,27.966625126208,5.));
#1483 = CARTESIAN_POINT('',(-4.70517574143,27.991803276282,5.));
#1484 = CARTESIAN_POINT('',(4.705175741428,27.991803276282,5.));
#1485 = CARTESIAN_POINT('',(9.410353360656,27.966625126208,5.));
#1486 = CARTESIAN_POINT('',(14.113226568346,27.916264713252,5.));
#1487 = CARTESIAN_POINT('',(18.811502215672,27.841792693041,5.));
#1488 = CARTESIAN_POINT('',(28.171346547977,27.649230635081,5.));
#1489 = CARTESIAN_POINT('',(32.832984068899,27.531360435677,5.));
#1490 = CARTESIAN_POINT('',(37.486048761553,27.393681443143,5.));
#1491 = CARTESIAN_POINT('',(42.128804650547,27.239189641789,5.));
#1492 = CARTESIAN_POINT('',(46.760007493715,27.071583285835,5.));
#1493 = PCURVE('',#368,#1494);
#1494 = DEFINITIONAL_REPRESENTATION('',(#1495),#1514);
#1495 = B_SPLINE_CURVE_WITH_KNOTS('',5,(#1496,#1497,#1498,#1499,#1500,
    #1501,#1502,#1503,#1504,#1505,#1506,#1507,#1508,#1509,#1510,#1511,
    #1512,#1513),.UNSPECIFIED.,.F.,.F.,(6,4,4,4,6),(0.,0.249374033076,
    0.5,0.750625966924,1.),.UNSPECIFIED.);
#1496 = CARTESIAN_POINT('',(95.,4.918032786885E-02));
#1497 = CARTESIAN_POINT('',(90.231306506002,4.918032786885E-02));
#1498 = CARTESIAN_POINT('',(85.473370690782,4.918032786885E-02));
#1499 = CARTESIAN_POINT('',(80.724975418113,4.918032786885E-02));
#1500 = CARTESIAN_POINT('',(75.984470856646,4.918032786885E-02));
#1501 = CARTESIAN_POINT('',(66.491760652939,4.918032786885E-02));
#1502 = CARTESIAN_POINT('',(61.739613137509,4.918032786885E-02));
#1503 = CARTESIAN_POINT('',(56.991675259662,4.918032786885E-02));
#1504 = CARTESIAN_POINT('',(52.245836690447,4.918032786885E-02));
#1505 = CARTESIAN_POINT('',(42.754163309555,4.918032786885E-02));
#1506 = CARTESIAN_POINT('',(38.008324740338,4.918032786885E-02));
#1507 = CARTESIAN_POINT('',(33.260386862492,4.918032786885E-02));
#1508 = CARTESIAN_POINT('',(28.508239347063,4.918032786885E-02));
#1509 = CARTESIAN_POINT('',(19.015529143353,4.918032786885E-02));
#1510 = CARTESIAN_POINT('',(14.275024581892,4.918032786885E-02));
#1511 = CARTESIAN_POINT('',(9.526629309215,4.918032786885E-02));
#1512 = CARTESIAN_POINT('',(4.768693493999,4.918032786885E-02));
#1513 = CARTESIAN_POINT('',(0.,4.918032786885E-02));
#1514 = ( GEOMETRIC_REPRESENTATION_CONTEXT(2) 
PARAMETRIC_REPRESENTATION_CONTEXT() REPRESENTATION_CONTEXT('2D SPACE',''
  ) );
#1515 = PCURVE('',#1516,#1521);
#1516 = PLANE('',#1517);
#1517 = AXIS2_PLACEMENT_3D('',#1518,#1519,#1520);
#1518 = CARTESIAN_POINT('',(-58.,-38.,5.));
#1519 = DIRECTION('',(0.,0.,1.));
#1520 = DIRECTION('',(1.,0.,0.));
#1521 = DEFINITIONAL_REPRESENTATION('',(#1522),#1541);
#1522 = B_SPLINE_CURVE_WITH_KNOTS('',5,(#1523,#1524,#1525,#1526,#1527,
    #1528,#1529,#1530,#1531,#1532,#1533,#1534,#1535,#1536,#1537,#1538,
    #1539,#1540),.UNSPECIFIED.,.F.,.F.,(6,4,4,4,6),(0.,0.249374033076,
    0.5,0.750625966924,1.),.UNSPECIFIED.);
#1523 = CARTESIAN_POINT('',(11.239992506285,65.071583285835));
#1524 = CARTESIAN_POINT('',(15.871195349452,65.239189641789));
#1525 = CARTESIAN_POINT('',(20.513951238449,65.393681443143));
#1526 = CARTESIAN_POINT('',(25.167015931096,65.531360435677));
#1527 = CARTESIAN_POINT('',(29.828653452024,65.649230635081));
#1528 = CARTESIAN_POINT('',(39.188497784327,65.841792693041));
#1529 = CARTESIAN_POINT('',(43.886773431652,65.916264713252));
#1530 = CARTESIAN_POINT('',(48.589646639344,65.966625126208));
#1531 = CARTESIAN_POINT('',(53.29482425857,65.991803276282));
#1532 = CARTESIAN_POINT('',(62.705175741428,65.991803276282));
#1533 = CARTESIAN_POINT('',(67.410353360656,65.966625126208));
#1534 = CARTESIAN_POINT('',(72.113226568346,65.916264713252));
#1535 = CARTESIAN_POINT('',(76.811502215672,65.841792693041));
#1536 = CARTESIAN_POINT('',(86.171346547977,65.649230635081));
#1537 = CARTESIAN_POINT('',(90.832984068899,65.531360435677));
#1538 = CARTESIAN_POINT('',(95.486048761553,65.393681443143));
#1539 = CARTESIAN_POINT('',(100.12880465054,65.239189641789));
#1540 = CARTESIAN_POINT('',(104.76000749371,65.071583285835));
#1541 = ( GEOMETRIC_REPRESENTATION_CONTEXT(2) 
PARAMETRIC_REPRESENTATION_CONTEXT() REPRESENTATION_CONTEXT('2D SPACE',''
  ) );
#1542 = ORIENTED_EDGE('',*,*,#1543,.F.);
#1543 = EDGE_CURVE('',#406,#1471,#1544,.T.);
#1544 = SURFACE_CURVE('',#1545,(#1548,#1554),.PCURVE_S1.);
#1545 = B_SPLINE_CURVE_WITH_KNOTS('',1,(#1546,#1547),.UNSPECIFIED.,.F.,
  .F.,(2,2),(0.,1.),.PIECEWISE_BEZIER_KNOTS.);
#1546 = CARTESIAN_POINT('',(-33.87931101634,27.5,0.));
#1547 = CARTESIAN_POINT('',(-33.5328559143,27.5,5.));
#1548 = PCURVE('',#368,#1549);
#1549 = DEFINITIONAL_REPRESENTATION('',(#1550),#1553);
#1550 = B_SPLINE_CURVE_WITH_KNOTS('',1,(#1551,#1552),.UNSPECIFIED.,.F.,
  .F.,(2,2),(0.,1.),.PIECEWISE_BEZIER_KNOTS.);
#1551 = CARTESIAN_POINT('',(81.448602036752,8.196721409776E-03));
#1552 = CARTESIAN_POINT('',(81.448602036751,4.918032786885E-02));
#1553 = ( GEOMETRIC_REPRESENTATION_CONTEXT(2) 
PARAMETRIC_REPRESENTATION_CONTEXT() REPRESENTATION_CONTEXT('2D SPACE',''
  ) );
#1554 = PCURVE('',#421,#1555);
#1555 = DEFINITIONAL_REPRESENTATION('',(#1556),#1559);
#1556 = B_SPLINE_CURVE_WITH_KNOTS('',1,(#1557,#1558),.UNSPECIFIED.,.F.,
  .F.,(2,2),(0.,1.),.PIECEWISE_BEZIER_KNOTS.);
#1557 = CARTESIAN_POINT('',(1.,13.620688983656));
#1558 = CARTESIAN_POINT('',(6.,13.967144085699));
#1559 = ( GEOMETRIC_REPRESENTATION_CONTEXT(2) 
PARAMETRIC_REPRESENTATION_CONTEXT() REPRESENTATION_CONTEXT('2D SPACE',''
  ) );
#1560 = ORIENTED_EDGE('',*,*,#432,.F.);
#1561 = ORIENTED_EDGE('',*,*,#1562,.T.);
#1562 = EDGE_CURVE('',#433,#1563,#1565,.T.);
#1563 = VERTEX_POINT('',#1564);
#1564 = CARTESIAN_POINT('',(-32.57681778992,18.860262931008,120.));
#1565 = SURFACE_CURVE('',#1566,(#1569,#1576),.PCURVE_S1.);
#1566 = B_SPLINE_CURVE_WITH_KNOTS('',1,(#1567,#1568),.UNSPECIFIED.,.F.,
  .F.,(2,2),(0.,1.),.PIECEWISE_BEZIER_KNOTS.);
#1567 = CARTESIAN_POINT('',(-47.5,27.5,-1.));
#1568 = CARTESIAN_POINT('',(-32.45348570554,18.788860145314,121.));
#1569 = PCURVE('',#368,#1570);
#1570 = DEFINITIONAL_REPRESENTATION('',(#1571),#1575);
#1571 = LINE('',#1572,#1573);
#1572 = CARTESIAN_POINT('',(95.,0.));
#1573 = VECTOR('',#1574,1.);
#1574 = DIRECTION('',(0.,1.));
#1575 = ( GEOMETRIC_REPRESENTATION_CONTEXT(2) 
PARAMETRIC_REPRESENTATION_CONTEXT() REPRESENTATION_CONTEXT('2D SPACE',''
  ) );
#1576 = PCURVE('',#506,#1577);
#1577 = DEFINITIONAL_REPRESENTATION('',(#1578),#1582);
#1578 = LINE('',#1579,#1580);
#1579 = CARTESIAN_POINT('',(0.,0.));
#1580 = VECTOR('',#1581,1.);
#1581 = DIRECTION('',(0.,1.));
#1582 = ( GEOMETRIC_REPRESENTATION_CONTEXT(2) 
PARAMETRIC_REPRESENTATION_CONTEXT() REPRESENTATION_CONTEXT('2D SPACE',''
  ) );
#1583 = ORIENTED_EDGE('',*,*,#1584,.T.);
#1584 = EDGE_CURVE('',#1563,#1585,#1587,.T.);
#1585 = VERTEX_POINT('',#1586);
#1586 = CARTESIAN_POINT('',(-20.65547949392,31.298580908345,120.));
#1587 = SURFACE_CURVE('',#1588,(#1615,#1645),.PCURVE_S1.);
#1588 = B_SPLINE_CURVE_WITH_KNOTS('',7,(#1589,#1590,#1591,#1592,#1593,
    #1594,#1595,#1596,#1597,#1598,#1599,#1600,#1601,#1602,#1603,#1604,
    #1605,#1606,#1607,#1608,#1609,#1610,#1611,#1612,#1613,#1614),
  .UNSPECIFIED.,.F.,.F.,(8,6,6,6,8),(0.,0.250872552906,0.499999998891,
    0.750127525722,1.),.UNSPECIFIED.);
#1589 = CARTESIAN_POINT('',(-32.57681778992,18.860262931008,120.));
#1590 = CARTESIAN_POINT('',(-31.14992754944,21.276625889219,120.));
#1591 = CARTESIAN_POINT('',(-29.5117511381,23.569876440177,120.));
#1592 = CARTESIAN_POINT('',(-27.67547708845,25.717665727752,120.));
#1593 = CARTESIAN_POINT('',(-25.6571080092,27.699774553007,120.));
#1594 = CARTESIAN_POINT('',(-23.47498910991,29.498250991865,120.));
#1595 = CARTESIAN_POINT('',(-21.14961748923,31.097574187925,120.));
#1596 = CARTESIAN_POINT('',(-16.27435301679,33.862939791378,120.));
#1597 = CARTESIAN_POINT('',(-13.72584402892,35.032083532198,120.));
#1598 = CARTESIAN_POINT('',(-11.07990788111,35.980031074103,120.));
#1599 = CARTESIAN_POINT('',(-8.359848817928,36.697405822152,120.));
#1600 = CARTESIAN_POINT('',(-5.589872635696,37.177840634075,120.));
#1601 = CARTESIAN_POINT('',(-2.79485427578,37.418032738356,120.));
#1602 = CARTESIAN_POINT('',(2.80607375509,37.418032738356,120.));
#1603 = CARTESIAN_POINT('',(5.612314916717,37.175908340102,120.));
#1604 = CARTESIAN_POINT('',(8.393210059162,36.691607709626,120.));
#1605 = CARTESIAN_POINT('',(11.12358381514,35.968487780837,120.));
#1606 = CARTESIAN_POINT('',(13.778943653067,35.013018157145,120.));
#1607 = CARTESIAN_POINT('',(16.335716269125,33.834725027917,120.));
#1608 = CARTESIAN_POINT('',(21.205205385589,31.059271172418,120.));
#1609 = CARTESIAN_POINT('',(23.518459863783,29.46237248519,120.));
#1610 = CARTESIAN_POINT('',(25.689277803729,27.668150160228,120.));
#1611 = CARTESIAN_POINT('',(27.697430407669,25.691970138039,120.));
#1612 = CARTESIAN_POINT('',(29.524809676179,23.551589103121,120.));
#1613 = CARTESIAN_POINT('',(31.155615722836,21.266993269211,120.));
#1614 = CARTESIAN_POINT('',(32.576817789923,18.860262931008,120.));
#1615 = PCURVE('',#368,#1616);
#1616 = DEFINITIONAL_REPRESENTATION('',(#1617),#1644);
#1617 = B_SPLINE_CURVE_WITH_KNOTS('',7,(#1618,#1619,#1620,#1621,#1622,
    #1623,#1624,#1625,#1626,#1627,#1628,#1629,#1630,#1631,#1632,#1633,
    #1634,#1635,#1636,#1637,#1638,#1639,#1640,#1641,#1642,#1643),
  .UNSPECIFIED.,.F.,.F.,(8,6,6,6,8),(0.,0.250872552906,0.499999998891,
    0.750127525722,1.),.UNSPECIFIED.);
#1618 = CARTESIAN_POINT('',(95.,0.991803278689));
#1619 = CARTESIAN_POINT('',(91.590921710167,0.991803278689));
#1620 = CARTESIAN_POINT('',(88.182673068674,0.991803278689));
#1621 = CARTESIAN_POINT('',(84.775554169768,0.991803278689));
#1622 = CARTESIAN_POINT('',(81.369409738929,0.991803278689));
#1623 = CARTESIAN_POINT('',(77.963977379066,0.991803278689));
#1624 = CARTESIAN_POINT('',(74.559087600792,0.991803278689));
#1625 = CARTESIAN_POINT('',(67.774591740614,0.991803278689));
#1626 = CARTESIAN_POINT('',(64.394570338901,0.991803278689));
#1627 = CARTESIAN_POINT('',(61.015176703579,0.991803278689));
#1628 = CARTESIAN_POINT('',(57.636226386982,0.991803278689));
#1629 = CARTESIAN_POINT('',(54.257437046193,0.991803278689));
#1630 = CARTESIAN_POINT('',(50.87861934655,0.991803278689));
#1631 = CARTESIAN_POINT('',(44.107817746008,0.991803278689));
#1632 = CARTESIAN_POINT('',(40.7154331227,0.991803278689));
#1633 = CARTESIAN_POINT('',(37.323078464582,0.991803278689));
#1634 = CARTESIAN_POINT('',(33.930561476288,0.991803278689));
#1635 = CARTESIAN_POINT('',(30.537595267143,0.991803278689));
#1636 = CARTESIAN_POINT('',(27.143992505802,0.991803278689));
#1637 = CARTESIAN_POINT('',(20.359468314619,0.991803278689));
#1638 = CARTESIAN_POINT('',(16.96814116823,0.991803278689));
#1639 = CARTESIAN_POINT('',(13.57627227342,0.991803278689));
#1640 = CARTESIAN_POINT('',(10.18369493932,0.991803278689));
#1641 = CARTESIAN_POINT('',(6.790151156304,0.991803278689));
#1642 = CARTESIAN_POINT('',(3.395488296812,0.991803278689));
#1643 = CARTESIAN_POINT('',(0.,0.991803278689));
#1644 = ( GEOMETRIC_REPRESENTATION_CONTEXT(2) 
PARAMETRIC_REPRESENTATION_CONTEXT() REPRESENTATION_CONTEXT('2D SPACE',''
  ) );
#1645 = PCURVE('',#1224,#1646);
#1646 = DEFINITIONAL_REPRESENTATION('',(#1647),#1674);
#1647 = B_SPLINE_CURVE_WITH_KNOTS('',7,(#1648,#1649,#1650,#1651,#1652,
    #1653,#1654,#1655,#1656,#1657,#1658,#1659,#1660,#1661,#1662,#1663,
    #1664,#1665,#1666,#1667,#1668,#1669,#1670,#1671,#1672,#1673),
  .UNSPECIFIED.,.F.,.F.,(8,6,6,6,8),(0.,0.250872552906,0.499999998891,
    0.750127525722,1.),.UNSPECIFIED.);
#1648 = CARTESIAN_POINT('',(-32.57681778992,18.860262931008));
#1649 = CARTESIAN_POINT('',(-31.14992754944,21.276625889219));
#1650 = CARTESIAN_POINT('',(-29.5117511381,23.569876440177));
#1651 = CARTESIAN_POINT('',(-27.67547708845,25.717665727752));
#1652 = CARTESIAN_POINT('',(-25.6571080092,27.699774553007));
#1653 = CARTESIAN_POINT('',(-23.47498910991,29.498250991865));
#1654 = CARTESIAN_POINT('',(-21.14961748923,31.097574187925));
#1655 = CARTESIAN_POINT('',(-16.27435301679,33.862939791378));
#1656 = CARTESIAN_POINT('',(-13.72584402892,35.032083532198));
#1657 = CARTESIAN_POINT('',(-11.07990788111,35.980031074103));
#1658 = CARTESIAN_POINT('',(-8.359848817928,36.697405822152));
#1659 = CARTESIAN_POINT('',(-5.589872635696,37.177840634075));
#1660 = CARTESIAN_POINT('',(-2.79485427578,37.418032738356));
#1661 = CARTESIAN_POINT('',(2.80607375509,37.418032738356));
#1662 = CARTESIAN_POINT('',(5.612314916717,37.175908340102));
#1663 = CARTESIAN_POINT('',(8.393210059162,36.691607709626));
#1664 = CARTESIAN_POINT('',(11.12358381514,35.968487780837));
#1665 = CARTESIAN_POINT('',(13.778943653067,35.013018157145));
#1666 = CARTESIAN_POINT('',(16.335716269125,33.834725027917));
#1667 = CARTESIAN_POINT('',(21.205205385589,31.059271172418));
#1668 = CARTESIAN_POINT('',(23.518459863783,29.46237248519));
#1669 = CARTESIAN_POINT('',(25.689277803729,27.668150160228));
#1670 = CARTESIAN_POINT('',(27.697430407669,25.691970138039));
#1671 = CARTESIAN_POINT('',(29.524809676179,23.551589103121));
#1672 = CARTESIAN_POINT('',(31.155615722836,21.266993269211));
#1673 = CARTESIAN_POINT('',(32.576817789923,18.860262931008));
#1674 = ( GEOMETRIC_REPRESENTATION_CONTEXT(2) 
PARAMETRIC_REPRESENTATION_CONTEXT() REPRESENTATION_CONTEXT('2D SPACE',''
  ) );
#1675 = ORIENTED_EDGE('',*,*,#1676,.T.);
#1676 = EDGE_CURVE('',#1585,#1677,#1679,.T.);
#1677 = VERTEX_POINT('',#1678);
#1678 = CARTESIAN_POINT('',(20.655479491682,31.298580909822,120.));
#1679 = SURFACE_CURVE('',#1680,(#1707,#1737),.PCURVE_S1.);
#1680 = B_SPLINE_CURVE_WITH_KNOTS('',7,(#1681,#1682,#1683,#1684,#1685,
    #1686,#1687,#1688,#1689,#1690,#1691,#1692,#1693,#1694,#1695,#1696,
    #1697,#1698,#1699,#1700,#1701,#1702,#1703,#1704,#1705,#1706),
  .UNSPECIFIED.,.F.,.F.,(8,6,6,6,8),(0.,0.250872552906,0.499999998891,
    0.750127525722,1.),.UNSPECIFIED.);
#1681 = CARTESIAN_POINT('',(-32.57681778992,18.860262931008,120.));
#1682 = CARTESIAN_POINT('',(-31.14992754944,21.276625889219,120.));
#1683 = CARTESIAN_POINT('',(-29.5117511381,23.569876440177,120.));
#1684 = CARTESIAN_POINT('',(-27.67547708845,25.717665727752,120.));
#1685 = CARTESIAN_POINT('',(-25.6571080092,27.699774553007,120.));
#1686 = CARTESIAN_POINT('',(-23.47498910991,29.498250991865,120.));
#1687 = CARTESIAN_POINT('',(-21.14961748923,31.097574187925,120.));
#1688 = CARTESIAN_POINT('',(-16.27435301679,33.862939791378,120.));
#1689 = CARTESIAN_POINT('',(-13.72584402892,35.032083532198,120.));
#1690 = CARTESIAN_POINT('',(-11.07990788111,35.980031074103,120.));
#1691 = CARTESIAN_POINT('',(-8.359848817928,36.697405822152,120.));
#1692 = CARTESIAN_POINT('',(-5.589872635696,37.177840634075,120.));
#1693 = CARTESIAN_POINT('',(-2.79485427578,37.418032738356,120.));
#1694 = CARTESIAN_POINT('',(2.80607375509,37.418032738356,120.));
#1695 = CARTESIAN_POINT('',(5.612314916717,37.175908340102,120.));
#1696 = CARTESIAN_POINT('',(8.393210059162,36.691607709626,120.));
#1697 = CARTESIAN_POINT('',(11.12358381514,35.968487780837,120.));
#1698 = CARTESIAN_POINT('',(13.778943653067,35.013018157145,120.));
#1699 = CARTESIAN_POINT('',(16.335716269125,33.834725027917,120.));
#1700 = CARTESIAN_POINT('',(21.205205385589,31.059271172418,120.));
#1701 = CARTESIAN_POINT('',(23.518459863783,29.46237248519,120.));
#1702 = CARTESIAN_POINT('',(25.689277803729,27.668150160228,120.));
#1703 = CARTESIAN_POINT('',(27.697430407669,25.691970138039,120.));
#1704 = CARTESIAN_POINT('',(29.524809676179,23.551589103121,120.));
#1705 = CARTESIAN_POINT('',(31.155615722836,21.266993269211,120.));
#1706 = CARTESIAN_POINT('',(32.576817789923,18.860262931008,120.));
#1707 = PCURVE('',#368,#1708);
#1708 = DEFINITIONAL_REPRESENTATION('',(#1709),#1736);
#1709 = B_SPLINE_CURVE_WITH_KNOTS('',7,(#1710,#1711,#1712,#1713,#1714,
    #1715,#1716,#1717,#1718,#1719,#1720,#1721,#1722,#1723,#1724,#1725,
    #1726,#1727,#1728,#1729,#1730,#1731,#1732,#1733,#1734,#1735),
  .UNSPECIFIED.,.F.,.F.,(8,6,6,6,8),(0.,0.250872552906,0.499999998891,
    0.750127525722,1.),.UNSPECIFIED.);
#1710 = CARTESIAN_POINT('',(95.,0.991803278689));
#1711 = CARTESIAN_POINT('',(91.590921710167,0.991803278689));
#1712 = CARTESIAN_POINT('',(88.182673068674,0.991803278689));
#1713 = CARTESIAN_POINT('',(84.775554169768,0.991803278689));
#1714 = CARTESIAN_POINT('',(81.369409738929,0.991803278689));
#1715 = CARTESIAN_POINT('',(77.963977379066,0.991803278689));
#1716 = CARTESIAN_POINT('',(74.559087600792,0.991803278689));
#1717 = CARTESIAN_POINT('',(67.774591740614,0.991803278689));
#1718 = CARTESIAN_POINT('',(64.394570338901,0.991803278689));
#1719 = CARTESIAN_POINT('',(61.015176703579,0.991803278689));
#1720 = CARTESIAN_POINT('',(57.636226386982,0.991803278689));
#1721 = CARTESIAN_POINT('',(54.257437046193,0.991803278689));
#1722 = CARTESIAN_POINT('',(50.87861934655,0.991803278689));
#1723 = CARTESIAN_POINT('',(44.107817746008,0.991803278689));
#1724 = CARTESIAN_POINT('',(40.7154331227,0.991803278689));
#1725 = CARTESIAN_POINT('',(37.323078464582,0.991803278689));
#1726 = CARTESIAN_POINT('',(33.930561476288,0.991803278689));
#1727 = CARTESIAN_POINT('',(30.537595267143,0.991803278689));
#1728 = CARTESIAN_POINT('',(27.143992505802,0.991803278689));
#1729 = CARTESIAN_POINT('',(20.359468314619,0.991803278689));
#1730 = CARTESIAN_POINT('',(16.96814116823,0.991803278689));
#1731 = CARTESIAN_POINT('',(13.57627227342,0.991803278689));
#1732 = CARTESIAN_POINT('',(10.18369493932,0.991803278689));
#1733 = CARTESIAN_POINT('',(6.790151156304,0.991803278689));
#1734 = CARTESIAN_POINT('',(3.395488296812,0.991803278689));
#1735 = CARTESIAN_POINT('',(0.,0.991803278689));
#1736 = ( GEOMETRIC_REPRESENTATION_CONTEXT(2) 
PARAMETRIC_REPRESENTATION_CONTEXT() REPRESENTATION_CONTEXT('2D SPACE',''
  ) );
#1737 = PCURVE('',#1738,#1743);
#1738 = PLANE('',#1739);
#1739 = AXIS2_PLACEMENT_3D('',#1740,#1741,#1742);
#1740 = CARTESIAN_POINT('',(0.,0.,120.));
#1741 = DIRECTION('',(0.,0.,1.));
#1742 = DIRECTION('',(1.,0.,0.));
#1743 = DEFINITIONAL_REPRESENTATION('',(#1744),#1771);
#1744 = B_SPLINE_CURVE_WITH_KNOTS('',7,(#1745,#1746,#1747,#1748,#1749,
    #1750,#1751,#1752,#1753,#1754,#1755,#1756,#1757,#1758,#1759,#1760,
    #1761,#1762,#1763,#1764,#1765,#1766,#1767,#1768,#1769,#1770),
  .UNSPECIFIED.,.F.,.F.,(8,6,6,6,8),(0.,0.250872552906,0.499999998891,
    0.750127525722,1.),.UNSPECIFIED.);
#1745 = CARTESIAN_POINT('',(-32.57681778992,18.860262931008));
#1746 = CARTESIAN_POINT('',(-31.14992754944,21.276625889219));
#1747 = CARTESIAN_POINT('',(-29.5117511381,23.569876440177));
#1748 = CARTESIAN_POINT('',(-27.67547708845,25.717665727752));
#1749 = CARTESIAN_POINT('',(-25.6571080092,27.699774553007));
#1750 = CARTESIAN_POINT('',(-23.47498910991,29.498250991865));
#1751 = CARTESIAN_POINT('',(-21.14961748923,31.097574187925));
#1752 = CARTESIAN_POINT('',(-16.27435301679,33.862939791378));
#1753 = CARTESIAN_POINT('',(-13.72584402892,35.032083532198));
#1754 = CARTESIAN_POINT('',(-11.07990788111,35.980031074103));
#1755 = CARTESIAN_POINT('',(-8.359848817928,36.697405822152));
#1756 = CARTESIAN_POINT('',(-5.589872635696,37.177840634075));
#1757 = CARTESIAN_POINT('',(-2.79485427578,37.418032738356));
#1758 = CARTESIAN_POINT('',(2.80607375509,37.418032738356));
#1759 = CARTESIAN_POINT('',(5.612314916717,37.175908340102));
#1760 = CARTESIAN_POINT('',(8.393210059162,36.691607709626));
#1761 = CARTESIAN_POINT('',(11.12358381514,35.968487780837));
#1762 = CARTESIAN_POINT('',(13.778943653067,35.013018157145));
#1763 = CARTESIAN_POINT('',(16.335716269125,33.834725027917));
#1764 = CARTESIAN_POINT('',(21.205205385589,31.059271172418));
#1765 = CARTESIAN_POINT('',(23.518459863783,29.46237248519));
#1766 = CARTESIAN_POINT('',(25.689277803729,27.668150160228));
#1767 = CARTESIAN_POINT('',(27.697430407669,25.691970138039));
#1768 = CARTESIAN_POINT('',(29.524809676179,23.551589103121));
#1769 = CARTESIAN_POINT('',(31.155615722836,21.266993269211));
#1770 = CARTESIAN_POINT('',(32.576817789923,18.860262931008));
#1771 = ( GEOMETRIC_REPRESENTATION_CONTEXT(2) 
PARAMETRIC_REPRESENTATION_CONTEXT() REPRESENTATION_CONTEXT('2D SPACE',''
  ) );
#1772 = ORIENTED_EDGE('',*,*,#1773,.T.);
#1773 = EDGE_CURVE('',#1677,#1358,#1774,.T.);
#1774 = SURFACE_CURVE('',#1775,(#1802,#1832),.PCURVE_S1.);
#1775 = B_SPLINE_CURVE_WITH_KNOTS('',7,(#1776,#1777,#1778,#1779,#1780,
    #1781,#1782,#1783,#1784,#1785,#1786,#1787,#1788,#1789,#1790,#1791,
    #1792,#1793,#1794,#1795,#1796,#1797,#1798,#1799,#1800,#1801),
  .UNSPECIFIED.,.F.,.F.,(8,6,6,6,8),(0.,0.250872552906,0.499999998891,
    0.750127525722,1.),.UNSPECIFIED.);
#1776 = CARTESIAN_POINT('',(-32.57681778992,18.860262931008,120.));
#1777 = CARTESIAN_POINT('',(-31.14992754944,21.276625889219,120.));
#1778 = CARTESIAN_POINT('',(-29.5117511381,23.569876440177,120.));
#1779 = CARTESIAN_POINT('',(-27.67547708845,25.717665727752,120.));
#1780 = CARTESIAN_POINT('',(-25.6571080092,27.699774553007,120.));
#1781 = CARTESIAN_POINT('',(-23.47498910991,29.498250991865,120.));
#1782 = CARTESIAN_POINT('',(-21.14961748923,31.097574187925,120.));
#1783 = CARTESIAN_POINT('',(-16.27435301679,33.862939791378,120.));
#1784 = CARTESIAN_POINT('',(-13.72584402892,35.032083532198,120.));
#1785 = CARTESIAN_POINT('',(-11.07990788111,35.980031074103,120.));
#1786 = CARTESIAN_POINT('',(-8.359848817928,36.697405822152,120.));
#1787 = CARTESIAN_POINT('',(-5.589872635696,37.177840634075,120.));
#1788 = CARTESIAN_POINT('',(-2.79485427578,37.418032738356,120.));
#1789 = CARTESIAN_POINT('',(2.80607375509,37.418032738356,120.));
#1790 = CARTESIAN_POINT('',(5.612314916717,37.175908340102,120.));
#1791 = CARTESIAN_POINT('',(8.393210059162,36.691607709626,120.));
#1792 = CARTESIAN_POINT('',(11.12358381514,35.968487780837,120.));
#1793 = CARTESIAN_POINT('',(13.778943653067,35.013018157145,120.));
#1794 = CARTESIAN_POINT('',(16.335716269125,33.834725027917,120.));
#1795 = CARTESIAN_POINT('',(21.205205385589,31.059271172418,120.));
#1796 = CARTESIAN_POINT('',(23.518459863783,29.46237248519,120.));
#1797 = CARTESIAN_POINT('',(25.689277803729,27.668150160228,120.));
#1798 = CARTESIAN_POINT('',(27.697430407669,25.691970138039,120.));
#1799 = CARTESIAN_POINT('',(29.524809676179,23.551589103121,120.));
#1800 = CARTESIAN_POINT('',(31.155615722836,21.266993269211,120.));
#1801 = CARTESIAN_POINT('',(32.576817789923,18.860262931008,120.));
#1802 = PCURVE('',#368,#1803);
#1803 = DEFINITIONAL_REPRESENTATION('',(#1804),#1831);
#1804 = B_SPLINE_CURVE_WITH_KNOTS('',7,(#1805,#1806,#1807,#1808,#1809,
    #1810,#1811,#1812,#1813,#1814,#1815,#1816,#1817,#1818,#1819,#1820,
    #1821,#1822,#1823,#1824,#1825,#1826,#1827,#1828,#1829,#1830),
  .UNSPECIFIED.,.F.,.F.,(8,6,6,6,8),(0.,0.250872552906,0.499999998891,
    0.750127525722,1.),.UNSPECIFIED.);
#1805 = CARTESIAN_POINT('',(95.,0.991803278689));
#1806 = CARTESIAN_POINT('',(91.590921710167,0.991803278689));
#1807 = CARTESIAN_POINT('',(88.182673068674,0.991803278689));
#1808 = CARTESIAN_POINT('',(84.775554169768,0.991803278689));
#1809 = CARTESIAN_POINT('',(81.369409738929,0.991803278689));
#1810 = CARTESIAN_POINT('',(77.963977379066,0.991803278689));
#1811 = CARTESIAN_POINT('',(74.559087600792,0.991803278689));
#1812 = CARTESIAN_POINT('',(67.774591740614,0.991803278689));
#1813 = CARTESIAN_POINT('',(64.394570338901,0.991803278689));
#1814 = CARTESIAN_POINT('',(61.015176703579,0.991803278689));
#1815 = CARTESIAN_POINT('',(57.636226386982,0.991803278689));
#1816 = CARTESIAN_POINT('',(54.257437046193,0.991803278689));
#1817 = CARTESIAN_POINT('',(50.87861934655,0.991803278689));
#1818 = CARTESIAN_POINT('',(44.107817746008,0.991803278689));
#1819 = CARTESIAN_POINT('',(40.7154331227,0.991803278689));
#1820 = CARTESIAN_POINT('',(37.323078464582,0.991803278689));
#1821 = CARTESIAN_POINT('',(33.930561476288,0.991803278689));
#1822 = CARTESIAN_POINT('',(30.537595267143,0.991803278689));
#1823 = CARTESIAN_POINT('',(27.143992505802,0.991803278689));
#1824 = CARTESIAN_POINT('',(20.359468314619,0.991803278689));
#1825 = CARTESIAN_POINT('',(16.96814116823,0.991803278689));
#1826 = CARTESIAN_POINT('',(13.57627227342,0.991803278689));
#1827 = CARTESIAN_POINT('',(10.18369493932,0.991803278689));
#1828 = CARTESIAN_POINT('',(6.790151156304,0.991803278689));
#1829 = CARTESIAN_POINT('',(3.395488296812,0.991803278689));
#1830 = CARTESIAN_POINT('',(0.,0.991803278689));
#1831 = ( GEOMETRIC_REPRESENTATION_CONTEXT(2) 
PARAMETRIC_REPRESENTATION_CONTEXT() REPRESENTATION_CONTEXT('2D SPACE',''
  ) );
#1832 = PCURVE('',#1032,#1833);
#1833 = DEFINITIONAL_REPRESENTATION('',(#1834),#1861);
#1834 = B_SPLINE_CURVE_WITH_KNOTS('',7,(#1835,#1836,#1837,#1838,#1839,
    #1840,#1841,#1842,#1843,#1844,#1845,#1846,#1847,#1848,#1849,#1850,
    #1851,#1852,#1853,#1854,#1855,#1856,#1857,#1858,#1859,#1860),
  .UNSPECIFIED.,.F.,.F.,(8,6,6,6,8),(0.,0.250872552906,0.499999998891,
    0.750127525722,1.),.UNSPECIFIED.);
#1835 = CARTESIAN_POINT('',(-32.57681778992,18.860262931008));
#1836 = CARTESIAN_POINT('',(-31.14992754944,21.276625889219));
#1837 = CARTESIAN_POINT('',(-29.5117511381,23.569876440177));
#1838 = CARTESIAN_POINT('',(-27.67547708845,25.717665727752));
#1839 = CARTESIAN_POINT('',(-25.6571080092,27.699774553007));
#1840 = CARTESIAN_POINT('',(-23.47498910991,29.498250991865));
#1841 = CARTESIAN_POINT('',(-21.14961748923,31.097574187925));
#1842 = CARTESIAN_POINT('',(-16.27435301679,33.862939791378));
#1843 = CARTESIAN_POINT('',(-13.72584402892,35.032083532198));
#1844 = CARTESIAN_POINT('',(-11.07990788111,35.980031074103));
#1845 = CARTESIAN_POINT('',(-8.359848817928,36.697405822152));
#1846 = CARTESIAN_POINT('',(-5.589872635696,37.177840634075));
#1847 = CARTESIAN_POINT('',(-2.79485427578,37.418032738356));
#1848 = CARTESIAN_POINT('',(2.80607375509,37.418032738356));
#1849 = CARTESIAN_POINT('',(5.612314916717,37.175908340102));
#1850 = CARTESIAN_POINT('',(8.393210059162,36.691607709626));
#1851 = CARTESIAN_POINT('',(11.12358381514,35.968487780837));
#1852 = CARTESIAN_POINT('',(13.778943653067,35.013018157145));
#1853 = CARTESIAN_POINT('',(16.335716269125,33.834725027917));
#1854 = CARTESIAN_POINT('',(21.205205385589,31.059271172418));
#1855 = CARTESIAN_POINT('',(23.518459863783,29.46237248519));
#1856 = CARTESIAN_POINT('',(25.689277803729,27.668150160228));
#1857 = CARTESIAN_POINT('',(27.697430407669,25.691970138039));
#1858 = CARTESIAN_POINT('',(29.524809676179,23.551589103121));
#1859 = CARTESIAN_POINT('',(31.155615722836,21.266993269211));
#1860 = CARTESIAN_POINT('',(32.576817789923,18.860262931008));
#1861 = ( GEOMETRIC_REPRESENTATION_CONTEXT(2) 
PARAMETRIC_REPRESENTATION_CONTEXT() REPRESENTATION_CONTEXT('2D SPACE',''
  ) );
#1862 = ADVANCED_FACE('',(#1863),#421,.F.);
#1863 = FACE_BOUND('',#1864,.F.);
#1864 = EDGE_LOOP('',(#1865,#1866,#1867,#1868));
#1865 = ORIENTED_EDGE('',*,*,#1450,.F.);
#1866 = ORIENTED_EDGE('',*,*,#405,.T.);
#1867 = ORIENTED_EDGE('',*,*,#1543,.T.);
#1868 = ORIENTED_EDGE('',*,*,#1869,.F.);
#1869 = EDGE_CURVE('',#1451,#1471,#1870,.T.);
#1870 = SURFACE_CURVE('',#1871,(#1875,#1881),.PCURVE_S1.);
#1871 = LINE('',#1872,#1873);
#1872 = CARTESIAN_POINT('',(-52.75,27.5,5.));
#1873 = VECTOR('',#1874,1.);
#1874 = DIRECTION('',(-1.,0.,0.));
#1875 = PCURVE('',#421,#1876);
#1876 = DEFINITIONAL_REPRESENTATION('',(#1877),#1880);
#1877 = B_SPLINE_CURVE_WITH_KNOTS('',1,(#1878,#1879),.UNSPECIFIED.,.F.,
  .F.,(2,2),(-100.25,-5.25),.PIECEWISE_BEZIER_KNOTS.);
#1878 = CARTESIAN_POINT('',(6.,95.));
#1879 = CARTESIAN_POINT('',(6.,0.));
#1880 = ( GEOMETRIC_REPRESENTATION_CONTEXT(2) 
PARAMETRIC_REPRESENTATION_CONTEXT() REPRESENTATION_CONTEXT('2D SPACE',''
  ) );
#1881 = PCURVE('',#1516,#1882);
#1882 = DEFINITIONAL_REPRESENTATION('',(#1883),#1886);
#1883 = B_SPLINE_CURVE_WITH_KNOTS('',1,(#1884,#1885),.UNSPECIFIED.,.F.,
  .F.,(2,2),(-100.25,-5.25),.PIECEWISE_BEZIER_KNOTS.);
#1884 = CARTESIAN_POINT('',(105.5,65.5));
#1885 = CARTESIAN_POINT('',(10.5,65.5));
#1886 = ( GEOMETRIC_REPRESENTATION_CONTEXT(2) 
PARAMETRIC_REPRESENTATION_CONTEXT() REPRESENTATION_CONTEXT('2D SPACE',''
  ) );
#1887 = ADVANCED_FACE('',(#1888),#506,.F.);
#1888 = FACE_BOUND('',#1889,.F.);
#1889 = EDGE_LOOP('',(#1890,#1891,#1892,#1893));
#1890 = ORIENTED_EDGE('',*,*,#1562,.F.);
#1891 = ORIENTED_EDGE('',*,*,#482,.F.);
#1892 = ORIENTED_EDGE('',*,*,#856,.T.);
#1893 = ORIENTED_EDGE('',*,*,#1894,.T.);
#1894 = EDGE_CURVE('',#857,#1563,#1895,.T.);
#1895 = SURFACE_CURVE('',#1896,(#1915,#1937),.PCURVE_S1.);
#1896 = B_SPLINE_CURVE_WITH_KNOTS('',5,(#1897,#1898,#1899,#1900,#1901,
    #1902,#1903,#1904,#1905,#1906,#1907,#1908,#1909,#1910,#1911,#1912,
    #1913,#1914),.UNSPECIFIED.,.F.,.F.,(6,4,4,4,6),(0.,0.250967549876,
    0.499999999953,0.750032488869,1.),.UNSPECIFIED.);
#1897 = CARTESIAN_POINT('',(-32.57681778992,-18.860262931,120.));
#1898 = CARTESIAN_POINT('',(-33.558887681,-17.14132442973,120.));
#1899 = CARTESIAN_POINT('',(-34.42909191947,-15.35790084468,120.));
#1900 = CARTESIAN_POINT('',(-35.18181019544,-13.51983076567,120.));
#1901 = CARTESIAN_POINT('',(-35.81274240881,-11.63762013987,120.));
#1902 = CARTESIAN_POINT('',(-36.82134999971,-7.821561970891,120.));
#1903 = CARTESIAN_POINT('',(-37.20094533451,-5.88820667107,120.));
#1904 = CARTESIAN_POINT('',(-37.45495990725,-3.932826814846,120.));
#1905 = CARTESIAN_POINT('',(-37.58196721306,-1.966408863737,120.));
#1906 = CARTESIAN_POINT('',(-37.58196721306,1.974305365725,120.));
#1907 = CARTESIAN_POINT('',(-37.45393780745,3.948620002144,120.));
#1908 = CARTESIAN_POINT('',(-37.19787903583,5.911762892709,120.));
#1909 = CARTESIAN_POINT('',(-36.81524048023,7.85261496778,120.));
#1910 = CARTESIAN_POINT('',(-35.80267440191,11.66761641565,120.));
#1911 = CARTESIAN_POINT('',(-35.17280641149,13.541800930841,120.));
#1912 = CARTESIAN_POINT('',(-34.42215502989,15.372112854954,120.));
#1913 = CARTESIAN_POINT('',(-33.55497439425,17.148173941478,120.));
#1914 = CARTESIAN_POINT('',(-32.57681778992,18.860262931008,120.));
#1915 = PCURVE('',#506,#1916);
#1916 = DEFINITIONAL_REPRESENTATION('',(#1917),#1936);
#1917 = B_SPLINE_CURVE_WITH_KNOTS('',5,(#1918,#1919,#1920,#1921,#1922,
    #1923,#1924,#1925,#1926,#1927,#1928,#1929,#1930,#1931,#1932,#1933,
    #1934,#1935),.UNSPECIFIED.,.F.,.F.,(6,4,4,4,6),(0.,0.250967549876,
    0.499999999953,0.750032488869,1.),.UNSPECIFIED.);
#1918 = CARTESIAN_POINT('',(55.,0.991803278689));
#1919 = CARTESIAN_POINT('',(52.238412618765,0.991803278689));
#1920 = CARTESIAN_POINT('',(49.477162367618,0.991803278689));
#1921 = CARTESIAN_POINT('',(46.716233979059,0.991803278689));
#1922 = CARTESIAN_POINT('',(43.955520167774,0.991803278689));
#1923 = CARTESIAN_POINT('',(38.455764982533,0.991803278689));
#1924 = CARTESIAN_POINT('',(35.716694912644,0.991803278689));
#1925 = CARTESIAN_POINT('',(32.977768471706,0.991803278689));
#1926 = CARTESIAN_POINT('',(30.238877893526,0.991803278689));
#1927 = CARTESIAN_POINT('',(24.750123602995,0.991803278689));
#1928 = CARTESIAN_POINT('',(22.000234265226,0.991803278689));
#1929 = CARTESIAN_POINT('',(19.25030882516,0.991803278689));
#1930 = CARTESIAN_POINT('',(16.500237825087,0.991803278689));
#1931 = CARTESIAN_POINT('',(11.000476899479,0.991803278689));
#1932 = CARTESIAN_POINT('',(8.250761148868,0.991803278689));
#1933 = CARTESIAN_POINT('',(5.5008317804,0.991803278689));
#1934 = CARTESIAN_POINT('',(2.750583191623,0.991803278689));
#1935 = CARTESIAN_POINT('',(0.,0.991803278689));
#1936 = ( GEOMETRIC_REPRESENTATION_CONTEXT(2) 
PARAMETRIC_REPRESENTATION_CONTEXT() REPRESENTATION_CONTEXT('2D SPACE',''
  ) );
#1937 = PCURVE('',#1224,#1938);
#1938 = DEFINITIONAL_REPRESENTATION('',(#1939),#1958);
#1939 = B_SPLINE_CURVE_WITH_KNOTS('',5,(#1940,#1941,#1942,#1943,#1944,
    #1945,#1946,#1947,#1948,#1949,#1950,#1951,#1952,#1953,#1954,#1955,
    #1956,#1957),.UNSPECIFIED.,.F.,.F.,(6,4,4,4,6),(0.,0.250967549876,
    0.499999999953,0.750032488869,1.),.UNSPECIFIED.);
#1940 = CARTESIAN_POINT('',(-32.57681778992,-18.860262931));
#1941 = CARTESIAN_POINT('',(-33.558887681,-17.14132442973));
#1942 = CARTESIAN_POINT('',(-34.42909191947,-15.35790084468));
#1943 = CARTESIAN_POINT('',(-35.18181019544,-13.51983076567));
#1944 = CARTESIAN_POINT('',(-35.81274240881,-11.63762013987));
#1945 = CARTESIAN_POINT('',(-36.82134999971,-7.821561970891));
#1946 = CARTESIAN_POINT('',(-37.20094533451,-5.88820667107));
#1947 = CARTESIAN_POINT('',(-37.45495990725,-3.932826814846));
#1948 = CARTESIAN_POINT('',(-37.58196721306,-1.966408863737));
#1949 = CARTESIAN_POINT('',(-37.58196721306,1.974305365725));
#1950 = CARTESIAN_POINT('',(-37.45393780745,3.948620002144));
#1951 = CARTESIAN_POINT('',(-37.19787903583,5.911762892709));
#1952 = CARTESIAN_POINT('',(-36.81524048023,7.85261496778));
#1953 = CARTESIAN_POINT('',(-35.80267440191,11.66761641565));
#1954 = CARTESIAN_POINT('',(-35.17280641149,13.541800930841));
#1955 = CARTESIAN_POINT('',(-34.42215502989,15.372112854954));
#1956 = CARTESIAN_POINT('',(-33.55497439425,17.148173941478));
#1957 = CARTESIAN_POINT('',(-32.57681778992,18.860262931008));
#1958 = ( GEOMETRIC_REPRESENTATION_CONTEXT(2) 
PARAMETRIC_REPRESENTATION_CONTEXT() REPRESENTATION_CONTEXT('2D SPACE',''
  ) );
#1959 = ADVANCED_FACE('',(#1960,#1966),#648,.T.);
#1960 = FACE_BOUND('',#1961,.T.);
#1961 = EDGE_LOOP('',(#1962,#1963,#1964,#1965));
#1962 = ORIENTED_EDGE('',*,*,#634,.F.);
#1963 = ORIENTED_EDGE('',*,*,#763,.T.);
#1964 = ORIENTED_EDGE('',*,*,#737,.T.);
#1965 = ORIENTED_EDGE('',*,*,#665,.F.);
#1966 = FACE_BOUND('',#1967,.T.);
#1967 = EDGE_LOOP('',(#1968,#2029,#2118,#2205,#2294));
#1968 = ORIENTED_EDGE('',*,*,#1969,.T.);
#1969 = EDGE_CURVE('',#1970,#1972,#1974,.T.);
#1970 = VERTEX_POINT('',#1971);
#1971 = CARTESIAN_POINT('',(49.583333333333,-4.440892098501E-16,5.));
#1972 = VERTEX_POINT('',#1973);
#1973 = CARTESIAN_POINT('',(49.345821542854,-29.60749292571,5.));
#1974 = SURFACE_CURVE('',#1975,(#1986,#2000),.PCURVE_S1.);
#1975 = B_SPLINE_CURVE_WITH_KNOTS('',5,(#1976,#1977,#1978,#1979,#1980,
    #1981,#1982,#1983,#1984,#1985),.UNSPECIFIED.,.F.,.F.,(6,4,6),(0.,
    0.50026124341,1.),.UNSPECIFIED.);
#1976 = CARTESIAN_POINT('',(49.583333333333,0.,5.));
#1977 = CARTESIAN_POINT('',(49.583333333333,-2.964546581717,5.));
#1978 = CARTESIAN_POINT('',(49.577251053487,-5.929093209767,5.));
#1979 = CARTESIAN_POINT('',(49.565086402854,-8.893354455017,5.));
#1980 = CARTESIAN_POINT('',(49.54690936036,-11.85704519893,5.));
#1981 = CARTESIAN_POINT('',(49.498832186664,-17.77963893021,5.));
#1982 = CARTESIAN_POINT('',(49.468944320217,-20.73854377419,5.));
#1983 = CARTESIAN_POINT('',(49.433332297477,-23.69632856914,5.));
#1984 = CARTESIAN_POINT('',(49.39220186196,-26.65272756467,5.));
#1985 = CARTESIAN_POINT('',(49.345821542854,-29.60749292571,5.));
#1986 = PCURVE('',#648,#1987);
#1987 = DEFINITIONAL_REPRESENTATION('',(#1988),#1999);
#1988 = B_SPLINE_CURVE_WITH_KNOTS('',5,(#1989,#1990,#1991,#1992,#1993,
    #1994,#1995,#1996,#1997,#1998),.UNSPECIFIED.,.F.,.F.,(6,4,6),(0.,
    0.50026124341,1.),.UNSPECIFIED.);
#1989 = CARTESIAN_POINT('',(107.58333333333,38.));
#1990 = CARTESIAN_POINT('',(107.58333333333,35.035453418283));
#1991 = CARTESIAN_POINT('',(107.57725105348,32.070906790233));
#1992 = CARTESIAN_POINT('',(107.56508640285,29.106645544983));
#1993 = CARTESIAN_POINT('',(107.54690936036,26.142954801069));
#1994 = CARTESIAN_POINT('',(107.49883218666,20.220361069789));
#1995 = CARTESIAN_POINT('',(107.46894432021,17.261456225803));
#1996 = CARTESIAN_POINT('',(107.43333229747,14.303671430858));
#1997 = CARTESIAN_POINT('',(107.39220186196,11.347272435327));
#1998 = CARTESIAN_POINT('',(107.34582154285,8.392507074287));
#1999 = ( GEOMETRIC_REPRESENTATION_CONTEXT(2) 
PARAMETRIC_REPRESENTATION_CONTEXT() REPRESENTATION_CONTEXT('2D SPACE',''
  ) );
#2000 = PCURVE('',#2001,#2016);
#2001 = B_SPLINE_SURFACE_WITH_KNOTS('',6,1,(
    (#2002,#2003)
    ,(#2004,#2005)
    ,(#2006,#2007)
    ,(#2008,#2009)
    ,(#2010,#2011)
    ,(#2012,#2013)
    ,(#2014,#2015
    )),.UNSPECIFIED.,.F.,.F.,.F.,(7,7),(2,2),(0.,30.),(0.,1.),
  .PIECEWISE_BEZIER_KNOTS.);
#2002 = CARTESIAN_POINT('',(50.,-30.,0.));
#2003 = CARTESIAN_POINT('',(34.299717028502,-20.5798302171,120.));
#2004 = CARTESIAN_POINT('',(50.,-25.,0.));
#2005 = CARTESIAN_POINT('',(36.153340622098,-17.4904575611,120.));
#2006 = CARTESIAN_POINT('',(50.,-20.,0.));
#2007 = CARTESIAN_POINT('',(37.6730525703,-14.20073869085,
    119.99999999999));
#2008 = CARTESIAN_POINT('',(50.,-15.,0.));
#2009 = CARTESIAN_POINT('',(38.831786456805,-10.75578217883,120.));
#2010 = CARTESIAN_POINT('',(50.,-10.,0.));
#2011 = CARTESIAN_POINT('',(39.610595849411,-7.205592674113,
    119.99999999999));
#2012 = CARTESIAN_POINT('',(50.,-5.,0.));
#2013 = CARTESIAN_POINT('',(40.,-3.602796668471,120.));
#2014 = CARTESIAN_POINT('',(50.,0.,0.));
#2015 = CARTESIAN_POINT('',(40.,-1.06581410364E-14,120.));
#2016 = DEFINITIONAL_REPRESENTATION('',(#2017),#2028);
#2017 = B_SPLINE_CURVE_WITH_KNOTS('',5,(#2018,#2019,#2020,#2021,#2022,
    #2023,#2024,#2025,#2026,#2027),.UNSPECIFIED.,.F.,.F.,(6,4,6),(0.,
    0.50026124341,1.),.UNSPECIFIED.);
#2018 = CARTESIAN_POINT('',(30.,4.166666666667E-02));
#2019 = CARTESIAN_POINT('',(27.000529500157,4.166666666667E-02));
#2020 = CARTESIAN_POINT('',(24.00105894665,4.166666666667E-02));
#2021 = CARTESIAN_POINT('',(21.001322967363,4.166666666667E-02));
#2022 = CARTESIAN_POINT('',(18.001055826029,4.166666666667E-02));
#2023 = CARTESIAN_POINT('',(12.00207856053,4.166666666667E-02));
#2024 = CARTESIAN_POINT('',(9.003369989563,4.166666666667E-02));
#2025 = CARTESIAN_POINT('',(6.003617541986,4.166666666667E-02));
#2026 = CARTESIAN_POINT('',(3.002571995684,4.166666666667E-02));
#2027 = CARTESIAN_POINT('',(0.,4.166666666667E-02));
#2028 = ( GEOMETRIC_REPRESENTATION_CONTEXT(2) 
PARAMETRIC_REPRESENTATION_CONTEXT() REPRESENTATION_CONTEXT('2D SPACE',''
  ) );
#2029 = ORIENTED_EDGE('',*,*,#2030,.T.);
#2030 = EDGE_CURVE('',#1972,#2031,#2033,.T.);
#2031 = VERTEX_POINT('',#2032);
#2032 = CARTESIAN_POINT('',(-49.34582154285,-29.60749292571,5.));
#2033 = SURFACE_CURVE('',#2034,(#2053,#2075),.PCURVE_S1.);
#2034 = B_SPLINE_CURVE_WITH_KNOTS('',5,(#2035,#2036,#2037,#2038,#2039,
    #2040,#2041,#2042,#2043,#2044,#2045,#2046,#2047,#2048,#2049,#2050,
    #2051,#2052),.UNSPECIFIED.,.F.,.F.,(6,4,4,4,6),(0.,0.24948247928,0.5
    ,0.75051752072,1.),.UNSPECIFIED.);
#2035 = CARTESIAN_POINT('',(49.345821542854,-29.60749292571,5.));
#2036 = CARTESIAN_POINT('',(44.449916495254,-29.75522904806,5.));
#2037 = CARTESIAN_POINT('',(39.544061667416,-29.8912361195,5.));
#2038 = CARTESIAN_POINT('',(34.629337449425,-30.01233742654,5.));
#2039 = CARTESIAN_POINT('',(29.707240525495,-30.11595109697,5.));
#2040 = CARTESIAN_POINT('',(19.83131153302,-30.28506533801,5.));
#2041 = CARTESIAN_POINT('',(14.877430511795,-30.3504059551,5.));
#2042 = CARTESIAN_POINT('',(9.919604412359,-30.39458102367,5.));
#2043 = CARTESIAN_POINT('',(4.959801519363,-30.41666666479,5.));
#2044 = CARTESIAN_POINT('',(-4.95980151936,-30.41666666479,5.));
#2045 = CARTESIAN_POINT('',(-9.919604412353,-30.39458102367,5.));
#2046 = CARTESIAN_POINT('',(-14.87743051179,-30.3504059551,5.));
#2047 = CARTESIAN_POINT('',(-19.83131153301,-30.28506533801,5.));
#2048 = CARTESIAN_POINT('',(-29.70724052549,-30.11595109697,5.));
#2049 = CARTESIAN_POINT('',(-34.62933744942,-30.01233742654,5.));
#2050 = CARTESIAN_POINT('',(-39.5440616674,-29.8912361195,5.));
#2051 = CARTESIAN_POINT('',(-44.44991649525,-29.75522904806,5.));
#2052 = CARTESIAN_POINT('',(-49.34582154285,-29.60749292571,5.));
#2053 = PCURVE('',#648,#2054);
#2054 = DEFINITIONAL_REPRESENTATION('',(#2055),#2074);
#2055 = B_SPLINE_CURVE_WITH_KNOTS('',5,(#2056,#2057,#2058,#2059,#2060,
    #2061,#2062,#2063,#2064,#2065,#2066,#2067,#2068,#2069,#2070,#2071,
    #2072,#2073),.UNSPECIFIED.,.F.,.F.,(6,4,4,4,6),(0.,0.24948247928,0.5
    ,0.75051752072,1.),.UNSPECIFIED.);
#2056 = CARTESIAN_POINT('',(107.34582154285,8.392507074287));
#2057 = CARTESIAN_POINT('',(102.44991649525,8.244770951935));
#2058 = CARTESIAN_POINT('',(97.544061667416,8.108763880495));
#2059 = CARTESIAN_POINT('',(92.629337449425,7.987662573456));
#2060 = CARTESIAN_POINT('',(87.707240525495,7.884048903025));
#2061 = CARTESIAN_POINT('',(77.83131153302,7.714934661989));
#2062 = CARTESIAN_POINT('',(72.877430511795,7.649594044892));
#2063 = CARTESIAN_POINT('',(67.919604412359,7.60541897633));
#2064 = CARTESIAN_POINT('',(62.959801519363,7.583333335206));
#2065 = CARTESIAN_POINT('',(53.04019848064,7.583333335206));
#2066 = CARTESIAN_POINT('',(48.080395587647,7.60541897633));
#2067 = CARTESIAN_POINT('',(43.122569488205,7.649594044892));
#2068 = CARTESIAN_POINT('',(38.168688466984,7.714934661988));
#2069 = CARTESIAN_POINT('',(28.29275947451,7.884048903025));
#2070 = CARTESIAN_POINT('',(23.370662550571,7.987662573457));
#2071 = CARTESIAN_POINT('',(18.455938332592,8.108763880495));
#2072 = CARTESIAN_POINT('',(13.550083504743,8.244770951935));
#2073 = CARTESIAN_POINT('',(8.654178457146,8.392507074287));
#2074 = ( GEOMETRIC_REPRESENTATION_CONTEXT(2) 
PARAMETRIC_REPRESENTATION_CONTEXT() REPRESENTATION_CONTEXT('2D SPACE',''
  ) );
#2075 = PCURVE('',#2076,#2097);
#2076 = B_SPLINE_SURFACE_WITH_KNOTS('',9,1,(
    (#2077,#2078)
    ,(#2079,#2080)
    ,(#2081,#2082)
    ,(#2083,#2084)
    ,(#2085,#2086)
    ,(#2087,#2088)
    ,(#2089,#2090)
    ,(#2091,#2092)
    ,(#2093,#2094)
    ,(#2095,#2096
    )),.UNSPECIFIED.,.F.,.F.,.F.,(10,10),(2,2),(0.,100.),(0.,1.),
  .PIECEWISE_BEZIER_KNOTS.);
#2077 = CARTESIAN_POINT('',(-50.,-30.,0.));
#2078 = CARTESIAN_POINT('',(-34.2997170285,-20.5798302171,120.));
#2079 = CARTESIAN_POINT('',(-38.88888888888,-30.,0.));
#2080 = CARTESIAN_POINT('',(-29.5874992175,-28.43352656877,120.));
#2081 = CARTESIAN_POINT('',(-27.77777777777,-30.,0.));
#2082 = CARTESIAN_POINT('',(-22.85221487494,-35.07338513575,
    119.99999999999));
#2083 = CARTESIAN_POINT('',(-16.66666666666,-30.,0.));
#2084 = CARTESIAN_POINT('',(-14.45120890358,-39.90380945583,120.));
#2085 = CARTESIAN_POINT('',(-5.555555555556,-30.,0.));
#2086 = CARTESIAN_POINT('',(-4.946392643295,-42.45203619035,120.));
#2087 = CARTESIAN_POINT('',(5.555555555556,-30.,0.));
#2088 = CARTESIAN_POINT('',(4.946392643295,-42.45203619034,
    119.99999999999));
#2089 = CARTESIAN_POINT('',(16.666666666667,-30.,0.));
#2090 = CARTESIAN_POINT('',(14.451208903586,-39.90380945583,120.));
#2091 = CARTESIAN_POINT('',(27.777777777778,-30.,0.));
#2092 = CARTESIAN_POINT('',(22.852214874944,-35.07338513574,
    119.99999999999));
#2093 = CARTESIAN_POINT('',(38.888888888889,-30.,0.));
#2094 = CARTESIAN_POINT('',(29.587499217501,-28.43352656877,120.));
#2095 = CARTESIAN_POINT('',(50.,-30.,0.));
#2096 = CARTESIAN_POINT('',(34.299717028502,-20.5798302171,120.));
#2097 = DEFINITIONAL_REPRESENTATION('',(#2098),#2117);
#2098 = B_SPLINE_CURVE_WITH_KNOTS('',5,(#2099,#2100,#2101,#2102,#2103,
    #2104,#2105,#2106,#2107,#2108,#2109,#2110,#2111,#2112,#2113,#2114,
    #2115,#2116),.UNSPECIFIED.,.F.,.F.,(6,4,4,4,6),(0.,0.24948247928,0.5
    ,0.75051752072,1.),.UNSPECIFIED.);
#2099 = CARTESIAN_POINT('',(100.,4.166666666667E-02));
#2100 = CARTESIAN_POINT('',(94.98372517476,4.166666666667E-02));
#2101 = CARTESIAN_POINT('',(89.976814943228,4.166666666667E-02));
#2102 = CARTESIAN_POINT('',(84.97821004392,4.166666666667E-02));
#2103 = CARTESIAN_POINT('',(79.986477585355,4.166666666667E-02));
#2104 = CARTESIAN_POINT('',(69.992834745685,4.166666666667E-02));
#2105 = CARTESIAN_POINT('',(64.990966195074,4.166666666667E-02));
#2106 = CARTESIAN_POINT('',(59.992759087948,4.166666666667E-02));
#2107 = CARTESIAN_POINT('',(54.996378872244,4.166666666667E-02));
#2108 = CARTESIAN_POINT('',(45.003621127758,4.166666666667E-02));
#2109 = CARTESIAN_POINT('',(40.007240912058,4.166666666667E-02));
#2110 = CARTESIAN_POINT('',(35.009033804928,4.166666666667E-02));
#2111 = CARTESIAN_POINT('',(30.007165254319,4.166666666667E-02));
#2112 = CARTESIAN_POINT('',(20.01352241465,4.166666666667E-02));
#2113 = CARTESIAN_POINT('',(15.021789956075,4.166666666667E-02));
#2114 = CARTESIAN_POINT('',(10.02318505678,4.166666666667E-02));
#2115 = CARTESIAN_POINT('',(5.016274825237,4.166666666667E-02));
#2116 = CARTESIAN_POINT('',(0.,4.166666666667E-02));
#2117 = ( GEOMETRIC_REPRESENTATION_CONTEXT(2) 
PARAMETRIC_REPRESENTATION_CONTEXT() REPRESENTATION_CONTEXT('2D SPACE',''
  ) );
#2118 = ORIENTED_EDGE('',*,*,#2119,.T.);
#2119 = EDGE_CURVE('',#2031,#2120,#2122,.T.);
#2120 = VERTEX_POINT('',#2121);
#2121 = CARTESIAN_POINT('',(-49.34582154285,29.607492925713,5.));
#2122 = SURFACE_CURVE('',#2123,(#2142,#2164),.PCURVE_S1.);
#2123 = B_SPLINE_CURVE_WITH_KNOTS('',5,(#2124,#2125,#2126,#2127,#2128,
    #2129,#2130,#2131,#2132,#2133,#2134,#2135,#2136,#2137,#2138,#2139,
    #2140,#2141),.UNSPECIFIED.,.F.,.F.,(6,4,4,4,6),(0.,0.249869378294,
    0.5,0.750130621706,1.),.UNSPECIFIED.);
#2124 = CARTESIAN_POINT('',(-49.34582154285,-29.60749292571,5.));
#2125 = CARTESIAN_POINT('',(-49.39220186196,-26.65272756468,5.));
#2126 = CARTESIAN_POINT('',(-49.43333229956,-23.69632856514,5.));
#2127 = CARTESIAN_POINT('',(-49.46894431861,-20.73854377705,5.));
#2128 = CARTESIAN_POINT('',(-49.49883218625,-17.77963893112,5.));
#2129 = CARTESIAN_POINT('',(-49.5469093608,-11.85704519825,5.));
#2130 = CARTESIAN_POINT('',(-49.56508640422,-8.893354452248,5.));
#2131 = CARTESIAN_POINT('',(-49.57725105157,-5.929093213386,5.));
#2132 = CARTESIAN_POINT('',(-49.58333333333,-2.964546581673,5.));
#2133 = CARTESIAN_POINT('',(-49.58333333333,2.964546581675,5.));
#2134 = CARTESIAN_POINT('',(-49.57725105157,5.929093213389,5.));
#2135 = CARTESIAN_POINT('',(-49.56508640422,8.893354452249,5.));
#2136 = CARTESIAN_POINT('',(-49.5469093608,11.857045198252,5.));
#2137 = CARTESIAN_POINT('',(-49.49883218625,17.77963893113,5.));
#2138 = CARTESIAN_POINT('',(-49.46894431861,20.738543777054,5.));
#2139 = CARTESIAN_POINT('',(-49.43333229956,23.696328565151,5.));
#2140 = CARTESIAN_POINT('',(-49.39220186196,26.652727564685,5.));
#2141 = CARTESIAN_POINT('',(-49.34582154285,29.607492925713,5.));
#2142 = PCURVE('',#648,#2143);
#2143 = DEFINITIONAL_REPRESENTATION('',(#2144),#2163);
#2144 = B_SPLINE_CURVE_WITH_KNOTS('',5,(#2145,#2146,#2147,#2148,#2149,
    #2150,#2151,#2152,#2153,#2154,#2155,#2156,#2157,#2158,#2159,#2160,
    #2161,#2162),.UNSPECIFIED.,.F.,.F.,(6,4,4,4,6),(0.,0.249869378294,
    0.5,0.750130621706,1.),.UNSPECIFIED.);
#2145 = CARTESIAN_POINT('',(8.654178457146,8.392507074287));
#2146 = CARTESIAN_POINT('',(8.60779813804,11.347272435314));
#2147 = CARTESIAN_POINT('',(8.566667700434,14.303671434853));
#2148 = CARTESIAN_POINT('',(8.53105568139,17.261456222944));
#2149 = CARTESIAN_POINT('',(8.501167813743,20.220361068872));
#2150 = CARTESIAN_POINT('',(8.453090639199,26.14295480175));
#2151 = CARTESIAN_POINT('',(8.434913595771,29.106645547752));
#2152 = CARTESIAN_POINT('',(8.422748948429,32.070906786614));
#2153 = CARTESIAN_POINT('',(8.41666666667,35.035453418327));
#2154 = CARTESIAN_POINT('',(8.41666666667,40.964546581675));
#2155 = CARTESIAN_POINT('',(8.422748948429,43.929093213389));
#2156 = CARTESIAN_POINT('',(8.434913595771,46.893354452249));
#2157 = CARTESIAN_POINT('',(8.453090639199,49.857045198252));
#2158 = CARTESIAN_POINT('',(8.501167813743,55.77963893113));
#2159 = CARTESIAN_POINT('',(8.53105568139,58.738543777054));
#2160 = CARTESIAN_POINT('',(8.566667700434,61.696328565151));
#2161 = CARTESIAN_POINT('',(8.60779813804,64.652727564685));
#2162 = CARTESIAN_POINT('',(8.654178457146,67.607492925713));
#2163 = ( GEOMETRIC_REPRESENTATION_CONTEXT(2) 
PARAMETRIC_REPRESENTATION_CONTEXT() REPRESENTATION_CONTEXT('2D SPACE',''
  ) );
#2164 = PCURVE('',#2165,#2184);
#2165 = B_SPLINE_SURFACE_WITH_KNOTS('',8,1,(
    (#2166,#2167)
    ,(#2168,#2169)
    ,(#2170,#2171)
    ,(#2172,#2173)
    ,(#2174,#2175)
    ,(#2176,#2177)
    ,(#2178,#2179)
    ,(#2180,#2181)
    ,(#2182,#2183
    )),.UNSPECIFIED.,.F.,.F.,.F.,(9,9),(2,2),(0.,60.),(0.,1.),
  .PIECEWISE_BEZIER_KNOTS.);
#2166 = CARTESIAN_POINT('',(-50.,30.,0.));
#2167 = CARTESIAN_POINT('',(-34.2997170285,20.579830217101,120.));
#2168 = CARTESIAN_POINT('',(-50.,22.5,0.));
#2169 = CARTESIAN_POINT('',(-37.08015241889,15.94577123311,120.));
#2170 = CARTESIAN_POINT('',(-50.,15.,0.));
#2171 = CARTESIAN_POINT('',(-39.14506328807,10.882397418175,
    119.99999999999));
#2172 = CARTESIAN_POINT('',(-50.,7.5,0.));
#2173 = CARTESIAN_POINT('',(-40.41711290871,5.518604164145,120.));
#2174 = CARTESIAN_POINT('',(-50.,2.22044604925E-16,0.));
#2175 = CARTESIAN_POINT('',(-40.84682767591,3.961275751863E-13,
    119.99999999999));
#2176 = CARTESIAN_POINT('',(-50.,-7.5,0.));
#2177 = CARTESIAN_POINT('',(-40.41711290871,-5.518604164145,120.));
#2178 = CARTESIAN_POINT('',(-50.,-15.,0.));
#2179 = CARTESIAN_POINT('',(-39.14506328807,-10.88239741817,
    119.99999999999));
#2180 = CARTESIAN_POINT('',(-50.,-22.5,0.));
#2181 = CARTESIAN_POINT('',(-37.08015241889,-15.94577123311,120.));
#2182 = CARTESIAN_POINT('',(-50.,-30.,0.));
#2183 = CARTESIAN_POINT('',(-34.2997170285,-20.5798302171,120.));
#2184 = DEFINITIONAL_REPRESENTATION('',(#2185),#2204);
#2185 = B_SPLINE_CURVE_WITH_KNOTS('',5,(#2186,#2187,#2188,#2189,#2190,
    #2191,#2192,#2193,#2194,#2195,#2196,#2197,#2198,#2199,#2200,#2201,
    #2202,#2203),.UNSPECIFIED.,.F.,.F.,(6,4,4,4,6),(0.,0.249869378294,
    0.5,0.750130621706,1.),.UNSPECIFIED.);
#2186 = CARTESIAN_POINT('',(60.,4.166666666667E-02));
#2187 = CARTESIAN_POINT('',(56.997428004329,4.166666666667E-02));
#2188 = CARTESIAN_POINT('',(53.996382462028,4.166666666667E-02));
#2189 = CARTESIAN_POINT('',(50.996630007681,4.166666666667E-02));
#2190 = CARTESIAN_POINT('',(47.997921438664,4.166666666667E-02));
#2191 = CARTESIAN_POINT('',(41.998944174746,4.166666666667E-02));
#2192 = CARTESIAN_POINT('',(38.99867703546,4.166666666667E-02));
#2193 = CARTESIAN_POINT('',(35.998941049824,4.166666666667E-02));
#2194 = CARTESIAN_POINT('',(32.999470499906,4.166666666667E-02));
#2195 = CARTESIAN_POINT('',(27.000529500092,4.166666666667E-02));
#2196 = CARTESIAN_POINT('',(24.001058950174,4.166666666667E-02));
#2197 = CARTESIAN_POINT('',(21.001322964539,4.166666666667E-02));
#2198 = CARTESIAN_POINT('',(18.001055825252,4.166666666667E-02));
#2199 = CARTESIAN_POINT('',(12.002078561334,4.166666666667E-02));
#2200 = CARTESIAN_POINT('',(9.003369992322,4.166666666667E-02));
#2201 = CARTESIAN_POINT('',(6.003617537968,4.166666666667E-02));
#2202 = CARTESIAN_POINT('',(3.002571995672,4.166666666667E-02));
#2203 = CARTESIAN_POINT('',(0.,4.166666666667E-02));
#2204 = ( GEOMETRIC_REPRESENTATION_CONTEXT(2) 
PARAMETRIC_REPRESENTATION_CONTEXT() REPRESENTATION_CONTEXT('2D SPACE',''
  ) );
#2205 = ORIENTED_EDGE('',*,*,#2206,.T.);
#2206 = EDGE_CURVE('',#2120,#2207,#2209,.T.);
#2207 = VERTEX_POINT('',#2208);
#2208 = CARTESIAN_POINT('',(49.345821542854,29.607492925713,5.));
#2209 = SURFACE_CURVE('',#2210,(#2229,#2251),.PCURVE_S1.);
#2210 = B_SPLINE_CURVE_WITH_KNOTS('',5,(#2211,#2212,#2213,#2214,#2215,
    #2216,#2217,#2218,#2219,#2220,#2221,#2222,#2223,#2224,#2225,#2226,
    #2227,#2228),.UNSPECIFIED.,.F.,.F.,(6,4,4,4,6),(0.,0.24948247928,0.5
    ,0.75051752072,1.),.UNSPECIFIED.);
#2211 = CARTESIAN_POINT('',(-49.34582154285,29.607492925713,5.));
#2212 = CARTESIAN_POINT('',(-44.44991649525,29.755229048065,5.));
#2213 = CARTESIAN_POINT('',(-39.5440616674,29.891236119505,5.));
#2214 = CARTESIAN_POINT('',(-34.62933744943,30.012337426543,5.));
#2215 = CARTESIAN_POINT('',(-29.70724052549,30.115951096975,5.));
#2216 = CARTESIAN_POINT('',(-19.83131153301,30.285065338011,5.));
#2217 = CARTESIAN_POINT('',(-14.87743051179,30.350405955108,5.));
#2218 = CARTESIAN_POINT('',(-9.919604412355,30.39458102367,5.));
#2219 = CARTESIAN_POINT('',(-4.959801519364,30.416666664794,5.));
#2220 = CARTESIAN_POINT('',(4.959801519359,30.416666664794,5.));
#2221 = CARTESIAN_POINT('',(9.919604412356,30.39458102367,5.));
#2222 = CARTESIAN_POINT('',(14.877430511792,30.350405955108,5.));
#2223 = CARTESIAN_POINT('',(19.831311533017,30.285065338012,5.));
#2224 = CARTESIAN_POINT('',(29.70724052549,30.115951096975,5.));
#2225 = CARTESIAN_POINT('',(34.62933744943,30.012337426543,5.));
#2226 = CARTESIAN_POINT('',(39.544061667406,29.891236119505,5.));
#2227 = CARTESIAN_POINT('',(44.449916495258,29.755229048065,5.));
#2228 = CARTESIAN_POINT('',(49.345821542854,29.607492925713,5.));
#2229 = PCURVE('',#648,#2230);
#2230 = DEFINITIONAL_REPRESENTATION('',(#2231),#2250);
#2231 = B_SPLINE_CURVE_WITH_KNOTS('',5,(#2232,#2233,#2234,#2235,#2236,
    #2237,#2238,#2239,#2240,#2241,#2242,#2243,#2244,#2245,#2246,#2247,
    #2248,#2249),.UNSPECIFIED.,.F.,.F.,(6,4,4,4,6),(0.,0.24948247928,0.5
    ,0.75051752072,1.),.UNSPECIFIED.);
#2232 = CARTESIAN_POINT('',(8.654178457146,67.607492925713));
#2233 = CARTESIAN_POINT('',(13.550083504741,67.755229048065));
#2234 = CARTESIAN_POINT('',(18.455938332592,67.891236119505));
#2235 = CARTESIAN_POINT('',(23.370662550569,68.012337426543));
#2236 = CARTESIAN_POINT('',(28.292759474508,68.115951096975));
#2237 = CARTESIAN_POINT('',(38.168688466982,68.285065338011));
#2238 = CARTESIAN_POINT('',(43.122569488201,68.350405955108));
#2239 = CARTESIAN_POINT('',(48.080395587645,68.39458102367));
#2240 = CARTESIAN_POINT('',(53.040198480636,68.416666664794));
#2241 = CARTESIAN_POINT('',(62.959801519359,68.416666664794));
#2242 = CARTESIAN_POINT('',(67.919604412356,68.39458102367));
#2243 = CARTESIAN_POINT('',(72.877430511792,68.350405955108));
#2244 = CARTESIAN_POINT('',(77.831311533017,68.285065338012));
#2245 = CARTESIAN_POINT('',(87.70724052549,68.115951096975));
#2246 = CARTESIAN_POINT('',(92.62933744943,68.012337426543));
#2247 = CARTESIAN_POINT('',(97.544061667406,67.891236119505));
#2248 = CARTESIAN_POINT('',(102.44991649525,67.755229048065));
#2249 = CARTESIAN_POINT('',(107.34582154285,67.607492925713));
#2250 = ( GEOMETRIC_REPRESENTATION_CONTEXT(2) 
PARAMETRIC_REPRESENTATION_CONTEXT() REPRESENTATION_CONTEXT('2D SPACE',''
  ) );
#2251 = PCURVE('',#2252,#2273);
#2252 = B_SPLINE_SURFACE_WITH_KNOTS('',9,1,(
    (#2253,#2254)
    ,(#2255,#2256)
    ,(#2257,#2258)
    ,(#2259,#2260)
    ,(#2261,#2262)
    ,(#2263,#2264)
    ,(#2265,#2266)
    ,(#2267,#2268)
    ,(#2269,#2270)
    ,(#2271,#2272
    )),.UNSPECIFIED.,.F.,.F.,.F.,(10,10),(2,2),(0.,100.),(0.,1.),
  .PIECEWISE_BEZIER_KNOTS.);
#2253 = CARTESIAN_POINT('',(50.,30.,0.));
#2254 = CARTESIAN_POINT('',(34.299717028502,20.579830217101,120.));
#2255 = CARTESIAN_POINT('',(38.888888888889,30.,0.));
#2256 = CARTESIAN_POINT('',(29.587499217501,28.43352656877,120.));
#2257 = CARTESIAN_POINT('',(27.777777777778,30.,0.));
#2258 = CARTESIAN_POINT('',(22.852214874943,35.073385135748,
    119.99999999999));
#2259 = CARTESIAN_POINT('',(16.666666666667,30.,0.));
#2260 = CARTESIAN_POINT('',(14.451208903586,39.903809455835,
    120.00000000001));
#2261 = CARTESIAN_POINT('',(5.555555555556,30.,0.));
#2262 = CARTESIAN_POINT('',(4.946392643296,42.452036190346,
    119.99999999998));
#2263 = CARTESIAN_POINT('',(-5.555555555556,30.,0.));
#2264 = CARTESIAN_POINT('',(-4.946392643296,42.452036190354,
    120.00000000001));
#2265 = CARTESIAN_POINT('',(-16.66666666666,30.,0.));
#2266 = CARTESIAN_POINT('',(-14.45120890358,39.903809455829,
    119.99999999999));
#2267 = CARTESIAN_POINT('',(-27.77777777777,30.,0.));
#2268 = CARTESIAN_POINT('',(-22.85221487494,35.073385135751,120.));
#2269 = CARTESIAN_POINT('',(-38.88888888888,30.,0.));
#2270 = CARTESIAN_POINT('',(-29.5874992175,28.43352656877,
    119.99999999999));
#2271 = CARTESIAN_POINT('',(-50.,30.,0.));
#2272 = CARTESIAN_POINT('',(-34.2997170285,20.579830217101,120.));
#2273 = DEFINITIONAL_REPRESENTATION('',(#2274),#2293);
#2274 = B_SPLINE_CURVE_WITH_KNOTS('',5,(#2275,#2276,#2277,#2278,#2279,
    #2280,#2281,#2282,#2283,#2284,#2285,#2286,#2287,#2288,#2289,#2290,
    #2291,#2292),.UNSPECIFIED.,.F.,.F.,(6,4,4,4,6),(0.,0.24948247928,0.5
    ,0.75051752072,1.),.UNSPECIFIED.);
#2275 = CARTESIAN_POINT('',(100.,4.166666666667E-02));
#2276 = CARTESIAN_POINT('',(94.983725174764,4.166666666667E-02));
#2277 = CARTESIAN_POINT('',(89.97681494322,4.166666666667E-02));
#2278 = CARTESIAN_POINT('',(84.978210043927,4.166666666667E-02));
#2279 = CARTESIAN_POINT('',(79.986477585352,4.166666666667E-02));
#2280 = CARTESIAN_POINT('',(69.992834745683,4.166666666667E-02));
#2281 = CARTESIAN_POINT('',(64.990966195077,4.166666666667E-02));
#2282 = CARTESIAN_POINT('',(59.992759087944,4.166666666667E-02));
#2283 = CARTESIAN_POINT('',(54.996378872246,4.166666666667E-02));
#2284 = CARTESIAN_POINT('',(45.003621127759,4.166666666667E-02));
#2285 = CARTESIAN_POINT('',(40.007240912056,4.166666666667E-02));
#2286 = CARTESIAN_POINT('',(35.009033804929,4.166666666667E-02));
#2287 = CARTESIAN_POINT('',(30.007165254318,4.166666666667E-02));
#2288 = CARTESIAN_POINT('',(20.01352241465,4.166666666667E-02));
#2289 = CARTESIAN_POINT('',(15.021789956075,4.166666666667E-02));
#2290 = CARTESIAN_POINT('',(10.023185056781,4.166666666667E-02));
#2291 = CARTESIAN_POINT('',(5.016274825237,4.166666666667E-02));
#2292 = CARTESIAN_POINT('',(0.,4.166666666667E-02));
#2293 = ( GEOMETRIC_REPRESENTATION_CONTEXT(2) 
PARAMETRIC_REPRESENTATION_CONTEXT() REPRESENTATION_CONTEXT('2D SPACE',''
  ) );
#2294 = ORIENTED_EDGE('',*,*,#2295,.T.);
#2295 = EDGE_CURVE('',#2207,#1970,#2296,.T.);
#2296 = SURFACE_CURVE('',#2297,(#2308,#2322),.PCURVE_S1.);
#2297 = B_SPLINE_CURVE_WITH_KNOTS('',5,(#2298,#2299,#2300,#2301,#2302,
    #2303,#2304,#2305,#2306,#2307),.UNSPECIFIED.,.F.,.F.,(6,4,6),(0.,
    0.49973875659,1.),.UNSPECIFIED.);
#2298 = CARTESIAN_POINT('',(49.345821542854,29.607492925713,5.));
#2299 = CARTESIAN_POINT('',(49.39220186196,26.652727564672,5.));
#2300 = CARTESIAN_POINT('',(49.433332297477,23.696328569141,5.));
#2301 = CARTESIAN_POINT('',(49.468944320217,20.738543774197,5.));
#2302 = CARTESIAN_POINT('',(49.498832186665,17.77963893021,5.));
#2303 = CARTESIAN_POINT('',(49.54690936036,11.857045198929,5.));
#2304 = CARTESIAN_POINT('',(49.565086402854,8.893354455018,5.));
#2305 = CARTESIAN_POINT('',(49.577251053487,5.929093209765,5.));
#2306 = CARTESIAN_POINT('',(49.583333333333,2.964546581717,5.));
#2307 = CARTESIAN_POINT('',(49.583333333333,0.,5.));
#2308 = PCURVE('',#648,#2309);
#2309 = DEFINITIONAL_REPRESENTATION('',(#2310),#2321);
#2310 = B_SPLINE_CURVE_WITH_KNOTS('',5,(#2311,#2312,#2313,#2314,#2315,
    #2316,#2317,#2318,#2319,#2320),.UNSPECIFIED.,.F.,.F.,(6,4,6),(0.,
    0.49973875659,1.),.UNSPECIFIED.);
#2311 = CARTESIAN_POINT('',(107.34582154285,67.607492925713));
#2312 = CARTESIAN_POINT('',(107.39220186196,64.652727564672));
#2313 = CARTESIAN_POINT('',(107.43333229747,61.696328569141));
#2314 = CARTESIAN_POINT('',(107.46894432021,58.738543774197));
#2315 = CARTESIAN_POINT('',(107.49883218666,55.77963893021));
#2316 = CARTESIAN_POINT('',(107.54690936036,49.857045198929));
#2317 = CARTESIAN_POINT('',(107.56508640285,46.893354455018));
#2318 = CARTESIAN_POINT('',(107.57725105348,43.929093209765));
#2319 = CARTESIAN_POINT('',(107.58333333333,40.964546581717));
#2320 = CARTESIAN_POINT('',(107.58333333333,38.));
#2321 = ( GEOMETRIC_REPRESENTATION_CONTEXT(2) 
PARAMETRIC_REPRESENTATION_CONTEXT() REPRESENTATION_CONTEXT('2D SPACE',''
  ) );
#2322 = PCURVE('',#2323,#2338);
#2323 = B_SPLINE_SURFACE_WITH_KNOTS('',6,1,(
    (#2324,#2325)
    ,(#2326,#2327)
    ,(#2328,#2329)
    ,(#2330,#2331)
    ,(#2332,#2333)
    ,(#2334,#2335)
    ,(#2336,#2337
    )),.UNSPECIFIED.,.F.,.F.,.F.,(7,7),(2,2),(30.,60.),(0.,1.),
  .PIECEWISE_BEZIER_KNOTS.);
#2324 = CARTESIAN_POINT('',(50.,0.,0.));
#2325 = CARTESIAN_POINT('',(40.,0.,120.));
#2326 = CARTESIAN_POINT('',(50.,5.,0.));
#2327 = CARTESIAN_POINT('',(40.,3.602796668471,120.));
#2328 = CARTESIAN_POINT('',(50.,10.,0.));
#2329 = CARTESIAN_POINT('',(39.610595849411,7.205592674113,
    119.99999999999));
#2330 = CARTESIAN_POINT('',(50.,15.,0.));
#2331 = CARTESIAN_POINT('',(38.831786456805,10.755782178837,120.));
#2332 = CARTESIAN_POINT('',(50.,20.,0.));
#2333 = CARTESIAN_POINT('',(37.6730525703,14.200738690859,
    119.99999999999));
#2334 = CARTESIAN_POINT('',(50.,25.,0.));
#2335 = CARTESIAN_POINT('',(36.153340622098,17.490457561107,120.));
#2336 = CARTESIAN_POINT('',(50.,30.,0.));
#2337 = CARTESIAN_POINT('',(34.299717028502,20.579830217101,120.));
#2338 = DEFINITIONAL_REPRESENTATION('',(#2339),#2350);
#2339 = B_SPLINE_CURVE_WITH_KNOTS('',5,(#2340,#2341,#2342,#2343,#2344,
    #2345,#2346,#2347,#2348,#2349),.UNSPECIFIED.,.F.,.F.,(6,4,6),(0.,
    0.49973875659,1.),.UNSPECIFIED.);
#2340 = CARTESIAN_POINT('',(60.,4.166666666667E-02));
#2341 = CARTESIAN_POINT('',(56.997428004316,4.166666666667E-02));
#2342 = CARTESIAN_POINT('',(53.996382458013,4.166666666667E-02));
#2343 = CARTESIAN_POINT('',(50.996630010436,4.166666666667E-02));
#2344 = CARTESIAN_POINT('',(47.997921439469,4.166666666667E-02));
#2345 = CARTESIAN_POINT('',(41.99894417397,4.166666666667E-02));
#2346 = CARTESIAN_POINT('',(38.998677032639,4.166666666667E-02));
#2347 = CARTESIAN_POINT('',(35.998941053348,4.166666666667E-02));
#2348 = CARTESIAN_POINT('',(32.999470499844,4.166666666667E-02));
#2349 = CARTESIAN_POINT('',(30.,4.166666666667E-02));
#2350 = ( GEOMETRIC_REPRESENTATION_CONTEXT(2) 
PARAMETRIC_REPRESENTATION_CONTEXT() REPRESENTATION_CONTEXT('2D SPACE',''
  ) );
#2351 = ADVANCED_FACE('',(#2352),#842,.T.);
#2352 = FACE_BOUND('',#2353,.T.);
#2353 = EDGE_LOOP('',(#2354,#2355));
#2354 = ORIENTED_EDGE('',*,*,#880,.F.);
#2355 = ORIENTED_EDGE('',*,*,#829,.T.);
#2356 = ADVANCED_FACE('',(#2357),#1032,.F.);
#2357 = FACE_BOUND('',#2358,.F.);
#2358 = EDGE_LOOP('',(#2359,#2392,#2418,#2419,#2420,#2421));
#2359 = ORIENTED_EDGE('',*,*,#2360,.T.);
#2360 = EDGE_CURVE('',#1677,#2361,#2363,.T.);
#2361 = VERTEX_POINT('',#2362);
#2362 = CARTESIAN_POINT('',(37.5,0.,120.));
#2363 = SURFACE_CURVE('',#2364,(#2369,#2380),.PCURVE_S1.);
#2364 = CIRCLE('',#2365,37.5);
#2365 = AXIS2_PLACEMENT_3D('',#2366,#2367,#2368);
#2366 = CARTESIAN_POINT('',(0.,0.,120.));
#2367 = DIRECTION('',(0.,0.,-1.));
#2368 = DIRECTION('',(1.,0.,0.));
#2369 = PCURVE('',#1032,#2370);
#2370 = DEFINITIONAL_REPRESENTATION('',(#2371),#2379);
#2371 = ( BOUNDED_CURVE() B_SPLINE_CURVE(2,(#2372,#2373,#2374,#2375,
#2376,#2377,#2378),.UNSPECIFIED.,.T.,.F.) B_SPLINE_CURVE_WITH_KNOTS((1,2
    ,2,2,2,1),(-2.094395102393,0.,2.094395102393,4.188790204786,
6.28318530718,8.377580409573),.UNSPECIFIED.) CURVE() 
GEOMETRIC_REPRESENTATION_ITEM() RATIONAL_B_SPLINE_CURVE((1.,0.5,1.,0.5,
1.,0.5,1.)) REPRESENTATION_ITEM('') );
#2372 = CARTESIAN_POINT('',(37.5,1.361813685832E-16));
#2373 = CARTESIAN_POINT('',(37.5,-64.95190528383));
#2374 = CARTESIAN_POINT('',(-18.75,-32.47595264191));
#2375 = CARTESIAN_POINT('',(-75.,-9.048669625022E-15));
#2376 = CARTESIAN_POINT('',(-18.75,32.475952641916));
#2377 = CARTESIAN_POINT('',(37.5,64.951905283833));
#2378 = CARTESIAN_POINT('',(37.5,1.361813685832E-16));
#2379 = ( GEOMETRIC_REPRESENTATION_CONTEXT(2) 
PARAMETRIC_REPRESENTATION_CONTEXT() REPRESENTATION_CONTEXT('2D SPACE',''
  ) );
#2380 = PCURVE('',#2381,#2386);
#2381 = CYLINDRICAL_SURFACE('',#2382,37.5);
#2382 = AXIS2_PLACEMENT_3D('',#2383,#2384,#2385);
#2383 = CARTESIAN_POINT('',(0.,0.,119.));
#2384 = DIRECTION('',(-0.,-0.,-1.));
#2385 = DIRECTION('',(1.,0.,0.));
#2386 = DEFINITIONAL_REPRESENTATION('',(#2387),#2391);
#2387 = LINE('',#2388,#2389);
#2388 = CARTESIAN_POINT('',(-6.28318530718,-1.));
#2389 = VECTOR('',#2390,1.);
#2390 = DIRECTION('',(1.,-0.));
#2391 = ( GEOMETRIC_REPRESENTATION_CONTEXT(2) 
PARAMETRIC_REPRESENTATION_CONTEXT() REPRESENTATION_CONTEXT('2D SPACE',''
  ) );
#2392 = ORIENTED_EDGE('',*,*,#2393,.T.);
#2393 = EDGE_CURVE('',#2361,#971,#2394,.T.);
#2394 = SURFACE_CURVE('',#2395,(#2400,#2411),.PCURVE_S1.);
#2395 = CIRCLE('',#2396,37.5);
#2396 = AXIS2_PLACEMENT_3D('',#2397,#2398,#2399);
#2397 = CARTESIAN_POINT('',(0.,0.,120.));
#2398 = DIRECTION('',(0.,0.,-1.));
#2399 = DIRECTION('',(1.,0.,0.));
#2400 = PCURVE('',#1032,#2401);
#2401 = DEFINITIONAL_REPRESENTATION('',(#2402),#2410);
#2402 = ( BOUNDED_CURVE() B_SPLINE_CURVE(2,(#2403,#2404,#2405,#2406,
#2407,#2408,#2409),.UNSPECIFIED.,.T.,.F.) B_SPLINE_CURVE_WITH_KNOTS((1,2
    ,2,2,2,1),(-2.094395102393,0.,2.094395102393,4.188790204786,
6.28318530718,8.377580409573),.UNSPECIFIED.) CURVE() 
GEOMETRIC_REPRESENTATION_ITEM() RATIONAL_B_SPLINE_CURVE((1.,0.5,1.,0.5,
1.,0.5,1.)) REPRESENTATION_ITEM('') );
#2403 = CARTESIAN_POINT('',(37.5,1.361813685832E-16));
#2404 = CARTESIAN_POINT('',(37.5,-64.95190528383));
#2405 = CARTESIAN_POINT('',(-18.75,-32.47595264191));
#2406 = CARTESIAN_POINT('',(-75.,-9.048669625022E-15));
#2407 = CARTESIAN_POINT('',(-18.75,32.475952641916));
#2408 = CARTESIAN_POINT('',(37.5,64.951905283833));
#2409 = CARTESIAN_POINT('',(37.5,1.361813685832E-16));
#2410 = ( GEOMETRIC_REPRESENTATION_CONTEXT(2) 
PARAMETRIC_REPRESENTATION_CONTEXT() REPRESENTATION_CONTEXT('2D SPACE',''
  ) );
#2411 = PCURVE('',#2381,#2412);
#2412 = DEFINITIONAL_REPRESENTATION('',(#2413),#2417);
#2413 = LINE('',#2414,#2415);
#2414 = CARTESIAN_POINT('',(-6.28318530718,-1.));
#2415 = VECTOR('',#2416,1.);
#2416 = DIRECTION('',(1.,-0.));
#2417 = ( GEOMETRIC_REPRESENTATION_CONTEXT(2) 
PARAMETRIC_REPRESENTATION_CONTEXT() REPRESENTATION_CONTEXT('2D SPACE',''
  ) );
#2418 = ORIENTED_EDGE('',*,*,#970,.F.);
#2419 = ORIENTED_EDGE('',*,*,#1286,.F.);
#2420 = ORIENTED_EDGE('',*,*,#1379,.F.);
#2421 = ORIENTED_EDGE('',*,*,#1773,.F.);
#2422 = ADVANCED_FACE('',(#2423),#1129,.T.);
#2423 = FACE_BOUND('',#2424,.T.);
#2424 = EDGE_LOOP('',(#2425,#2451));
#2425 = ORIENTED_EDGE('',*,*,#2426,.F.);
#2426 = EDGE_CURVE('',#971,#1068,#2427,.T.);
#2427 = SURFACE_CURVE('',#2428,(#2433,#2444),.PCURVE_S1.);
#2428 = CIRCLE('',#2429,37.5);
#2429 = AXIS2_PLACEMENT_3D('',#2430,#2431,#2432);
#2430 = CARTESIAN_POINT('',(0.,0.,120.));
#2431 = DIRECTION('',(0.,0.,-1.));
#2432 = DIRECTION('',(1.,0.,0.));
#2433 = PCURVE('',#1129,#2434);
#2434 = DEFINITIONAL_REPRESENTATION('',(#2435),#2443);
#2435 = ( BOUNDED_CURVE() B_SPLINE_CURVE(2,(#2436,#2437,#2438,#2439,
#2440,#2441,#2442),.UNSPECIFIED.,.T.,.F.) B_SPLINE_CURVE_WITH_KNOTS((1,2
    ,2,2,2,1),(-2.094395102393,0.,2.094395102393,4.188790204786,
6.28318530718,8.377580409573),.UNSPECIFIED.) CURVE() 
GEOMETRIC_REPRESENTATION_ITEM() RATIONAL_B_SPLINE_CURVE((1.,0.5,1.,0.5,
1.,0.5,1.)) REPRESENTATION_ITEM('') );
#2436 = CARTESIAN_POINT('',(37.5,0.));
#2437 = CARTESIAN_POINT('',(37.5,-64.95190528383));
#2438 = CARTESIAN_POINT('',(-18.75,-32.47595264191));
#2439 = CARTESIAN_POINT('',(-75.,-9.184850993605E-15));
#2440 = CARTESIAN_POINT('',(-18.75,32.475952641916));
#2441 = CARTESIAN_POINT('',(37.5,64.951905283833));
#2442 = CARTESIAN_POINT('',(37.5,0.));
#2443 = ( GEOMETRIC_REPRESENTATION_CONTEXT(2) 
PARAMETRIC_REPRESENTATION_CONTEXT() REPRESENTATION_CONTEXT('2D SPACE',''
  ) );
#2444 = PCURVE('',#2381,#2445);
#2445 = DEFINITIONAL_REPRESENTATION('',(#2446),#2450);
#2446 = LINE('',#2447,#2448);
#2447 = CARTESIAN_POINT('',(-6.28318530718,-1.));
#2448 = VECTOR('',#2449,1.);
#2449 = DIRECTION('',(1.,-0.));
#2450 = ( GEOMETRIC_REPRESENTATION_CONTEXT(2) 
PARAMETRIC_REPRESENTATION_CONTEXT() REPRESENTATION_CONTEXT('2D SPACE',''
  ) );
#2451 = ORIENTED_EDGE('',*,*,#1067,.T.);
#2452 = ADVANCED_FACE('',(#2453),#1224,.F.);
#2453 = FACE_BOUND('',#2454,.F.);
#2454 = EDGE_LOOP('',(#2455,#2456,#2482,#2483));
#2455 = ORIENTED_EDGE('',*,*,#1164,.F.);
#2456 = ORIENTED_EDGE('',*,*,#2457,.T.);
#2457 = EDGE_CURVE('',#1068,#1585,#2458,.T.);
#2458 = SURFACE_CURVE('',#2459,(#2464,#2475),.PCURVE_S1.);
#2459 = CIRCLE('',#2460,37.5);
#2460 = AXIS2_PLACEMENT_3D('',#2461,#2462,#2463);
#2461 = CARTESIAN_POINT('',(0.,0.,120.));
#2462 = DIRECTION('',(0.,0.,-1.));
#2463 = DIRECTION('',(1.,0.,0.));
#2464 = PCURVE('',#1224,#2465);
#2465 = DEFINITIONAL_REPRESENTATION('',(#2466),#2474);
#2466 = ( BOUNDED_CURVE() B_SPLINE_CURVE(2,(#2467,#2468,#2469,#2470,
#2471,#2472,#2473),.UNSPECIFIED.,.T.,.F.) B_SPLINE_CURVE_WITH_KNOTS((1,2
    ,2,2,2,1),(-2.094395102393,0.,2.094395102393,4.188790204786,
6.28318530718,8.377580409573),.UNSPECIFIED.) CURVE() 
GEOMETRIC_REPRESENTATION_ITEM() RATIONAL_B_SPLINE_CURVE((1.,0.5,1.,0.5,
1.,0.5,1.)) REPRESENTATION_ITEM('') );
#2467 = CARTESIAN_POINT('',(37.5,1.361813685832E-16));
#2468 = CARTESIAN_POINT('',(37.5,-64.95190528383));
#2469 = CARTESIAN_POINT('',(-18.75,-32.47595264191));
#2470 = CARTESIAN_POINT('',(-75.,-9.048669625022E-15));
#2471 = CARTESIAN_POINT('',(-18.75,32.475952641916));
#2472 = CARTESIAN_POINT('',(37.5,64.951905283833));
#2473 = CARTESIAN_POINT('',(37.5,1.361813685832E-16));
#2474 = ( GEOMETRIC_REPRESENTATION_CONTEXT(2) 
PARAMETRIC_REPRESENTATION_CONTEXT() REPRESENTATION_CONTEXT('2D SPACE',''
  ) );
#2475 = PCURVE('',#2381,#2476);
#2476 = DEFINITIONAL_REPRESENTATION('',(#2477),#2481);
#2477 = LINE('',#2478,#2479);
#2478 = CARTESIAN_POINT('',(-6.28318530718,-1.));
#2479 = VECTOR('',#2480,1.);
#2480 = DIRECTION('',(1.,-0.));
#2481 = ( GEOMETRIC_REPRESENTATION_CONTEXT(2) 
PARAMETRIC_REPRESENTATION_CONTEXT() REPRESENTATION_CONTEXT('2D SPACE',''
  ) );
#2482 = ORIENTED_EDGE('',*,*,#1584,.F.);
#2483 = ORIENTED_EDGE('',*,*,#1894,.F.);
#2484 = ADVANCED_FACE('',(#2485),#1738,.T.);
#2485 = FACE_BOUND('',#2486,.T.);
#2486 = EDGE_LOOP('',(#2487,#2488));
#2487 = ORIENTED_EDGE('',*,*,#1676,.T.);
#2488 = ORIENTED_EDGE('',*,*,#2489,.F.);
#2489 = EDGE_CURVE('',#1585,#1677,#2490,.T.);
#2490 = SURFACE_CURVE('',#2491,(#2496,#2507),.PCURVE_S1.);
#2491 = CIRCLE('',#2492,37.5);
#2492 = AXIS2_PLACEMENT_3D('',#2493,#2494,#2495);
#2493 = CARTESIAN_POINT('',(0.,0.,120.));
#2494 = DIRECTION('',(0.,0.,-1.));
#2495 = DIRECTION('',(1.,0.,0.));
#2496 = PCURVE('',#1738,#2497);
#2497 = DEFINITIONAL_REPRESENTATION('',(#2498),#2506);
#2498 = ( BOUNDED_CURVE() B_SPLINE_CURVE(2,(#2499,#2500,#2501,#2502,
#2503,#2504,#2505),.UNSPECIFIED.,.T.,.F.) B_SPLINE_CURVE_WITH_KNOTS((1,2
    ,2,2,2,1),(-2.094395102393,0.,2.094395102393,4.188790204786,
6.28318530718,8.377580409573),.UNSPECIFIED.) CURVE() 
GEOMETRIC_REPRESENTATION_ITEM() RATIONAL_B_SPLINE_CURVE((1.,0.5,1.,0.5,
1.,0.5,1.)) REPRESENTATION_ITEM('') );
#2499 = CARTESIAN_POINT('',(37.5,0.));
#2500 = CARTESIAN_POINT('',(37.5,-64.95190528383));
#2501 = CARTESIAN_POINT('',(-18.75,-32.47595264191));
#2502 = CARTESIAN_POINT('',(-75.,-9.184850993605E-15));
#2503 = CARTESIAN_POINT('',(-18.75,32.475952641916));
#2504 = CARTESIAN_POINT('',(37.5,64.951905283833));
#2505 = CARTESIAN_POINT('',(37.5,0.));
#2506 = ( GEOMETRIC_REPRESENTATION_CONTEXT(2) 
PARAMETRIC_REPRESENTATION_CONTEXT() REPRESENTATION_CONTEXT('2D SPACE',''
  ) );
#2507 = PCURVE('',#2381,#2508);
#2508 = DEFINITIONAL_REPRESENTATION('',(#2509),#2513);
#2509 = LINE('',#2510,#2511);
#2510 = CARTESIAN_POINT('',(-6.28318530718,-1.));
#2511 = VECTOR('',#2512,1.);
#2512 = DIRECTION('',(1.,-0.));
#2513 = ( GEOMETRIC_REPRESENTATION_CONTEXT(2) 
PARAMETRIC_REPRESENTATION_CONTEXT() REPRESENTATION_CONTEXT('2D SPACE',''
  ) );
#2514 = ADVANCED_FACE('',(#2515),#1516,.T.);
#2515 = FACE_BOUND('',#2516,.T.);
#2516 = EDGE_LOOP('',(#2517,#2518));
#2517 = ORIENTED_EDGE('',*,*,#1869,.F.);
#2518 = ORIENTED_EDGE('',*,*,#1470,.F.);
#2519 = ADVANCED_FACE('',(#2520),#2001,.T.);
#2520 = FACE_BOUND('',#2521,.T.);
#2521 = EDGE_LOOP('',(#2522,#2544,#2545,#2567));
#2522 = ORIENTED_EDGE('',*,*,#2523,.F.);
#2523 = EDGE_CURVE('',#1972,#2524,#2526,.T.);
#2524 = VERTEX_POINT('',#2525);
#2525 = CARTESIAN_POINT('',(34.299717028502,-20.5798302171,120.));
#2526 = SURFACE_CURVE('',#2527,(#2530,#2537),.PCURVE_S1.);
#2527 = B_SPLINE_CURVE_WITH_KNOTS('',1,(#2528,#2529),.UNSPECIFIED.,.F.,
  .F.,(2,2),(0.,1.),.PIECEWISE_BEZIER_KNOTS.);
#2528 = CARTESIAN_POINT('',(50.,-30.,0.));
#2529 = CARTESIAN_POINT('',(34.299717028502,-20.5798302171,120.));
#2530 = PCURVE('',#2001,#2531);
#2531 = DEFINITIONAL_REPRESENTATION('',(#2532),#2536);
#2532 = LINE('',#2533,#2534);
#2533 = CARTESIAN_POINT('',(0.,0.));
#2534 = VECTOR('',#2535,1.);
#2535 = DIRECTION('',(0.,1.));
#2536 = ( GEOMETRIC_REPRESENTATION_CONTEXT(2) 
PARAMETRIC_REPRESENTATION_CONTEXT() REPRESENTATION_CONTEXT('2D SPACE',''
  ) );
#2537 = PCURVE('',#2076,#2538);
#2538 = DEFINITIONAL_REPRESENTATION('',(#2539),#2543);
#2539 = LINE('',#2540,#2541);
#2540 = CARTESIAN_POINT('',(100.,0.));
#2541 = VECTOR('',#2542,1.);
#2542 = DIRECTION('',(0.,1.));
#2543 = ( GEOMETRIC_REPRESENTATION_CONTEXT(2) 
PARAMETRIC_REPRESENTATION_CONTEXT() REPRESENTATION_CONTEXT('2D SPACE',''
  ) );
#2544 = ORIENTED_EDGE('',*,*,#1969,.F.);
#2545 = ORIENTED_EDGE('',*,*,#2546,.T.);
#2546 = EDGE_CURVE('',#1970,#2547,#2549,.T.);
#2547 = VERTEX_POINT('',#2548);
#2548 = CARTESIAN_POINT('',(40.,0.,120.));
#2549 = SURFACE_CURVE('',#2550,(#2553,#2560),.PCURVE_S1.);
#2550 = B_SPLINE_CURVE_WITH_KNOTS('',1,(#2551,#2552),.UNSPECIFIED.,.F.,
  .F.,(2,2),(0.,1.),.PIECEWISE_BEZIER_KNOTS.);
#2551 = CARTESIAN_POINT('',(50.,0.,0.));
#2552 = CARTESIAN_POINT('',(40.,-1.06581410364E-14,120.));
#2553 = PCURVE('',#2001,#2554);
#2554 = DEFINITIONAL_REPRESENTATION('',(#2555),#2559);
#2555 = LINE('',#2556,#2557);
#2556 = CARTESIAN_POINT('',(30.,0.));
#2557 = VECTOR('',#2558,1.);
#2558 = DIRECTION('',(0.,1.));
#2559 = ( GEOMETRIC_REPRESENTATION_CONTEXT(2) 
PARAMETRIC_REPRESENTATION_CONTEXT() REPRESENTATION_CONTEXT('2D SPACE',''
  ) );
#2560 = PCURVE('',#2323,#2561);
#2561 = DEFINITIONAL_REPRESENTATION('',(#2562),#2566);
#2562 = LINE('',#2563,#2564);
#2563 = CARTESIAN_POINT('',(30.,0.));
#2564 = VECTOR('',#2565,1.);
#2565 = DIRECTION('',(0.,1.));
#2566 = ( GEOMETRIC_REPRESENTATION_CONTEXT(2) 
PARAMETRIC_REPRESENTATION_CONTEXT() REPRESENTATION_CONTEXT('2D SPACE',''
  ) );
#2567 = ORIENTED_EDGE('',*,*,#2568,.F.);
#2568 = EDGE_CURVE('',#2524,#2547,#2569,.T.);
#2569 = SURFACE_CURVE('',#2570,(#2575,#2581),.PCURVE_S1.);
#2570 = CIRCLE('',#2571,40.);
#2571 = AXIS2_PLACEMENT_3D('',#2572,#2573,#2574);
#2572 = CARTESIAN_POINT('',(0.,0.,120.));
#2573 = DIRECTION('',(0.,0.,1.));
#2574 = DIRECTION('',(1.,0.,0.));
#2575 = PCURVE('',#2001,#2576);
#2576 = DEFINITIONAL_REPRESENTATION('',(#2577),#2580);
#2577 = B_SPLINE_CURVE_WITH_KNOTS('',1,(#2578,#2579),.UNSPECIFIED.,.F.,
  .F.,(2,2),(5.742765806909,6.28318530718),.PIECEWISE_BEZIER_KNOTS.);
#2578 = CARTESIAN_POINT('',(0.,1.));
#2579 = CARTESIAN_POINT('',(30.,1.));
#2580 = ( GEOMETRIC_REPRESENTATION_CONTEXT(2) 
PARAMETRIC_REPRESENTATION_CONTEXT() REPRESENTATION_CONTEXT('2D SPACE',''
  ) );
#2581 = PCURVE('',#2582,#2587);
#2582 = PLANE('',#2583);
#2583 = AXIS2_PLACEMENT_3D('',#2584,#2585,#2586);
#2584 = CARTESIAN_POINT('',(-3.646507020105E-15,-1.361813685832E-16,120.
    ));
#2585 = DIRECTION('',(0.,0.,1.));
#2586 = DIRECTION('',(1.,0.,-0.));
#2587 = DEFINITIONAL_REPRESENTATION('',(#2588),#2592);
#2588 = CIRCLE('',#2589,40.);
#2589 = AXIS2_PLACEMENT_2D('',#2590,#2591);
#2590 = CARTESIAN_POINT('',(3.646507020105E-15,1.361813685832E-16));
#2591 = DIRECTION('',(1.,0.));
#2592 = ( GEOMETRIC_REPRESENTATION_CONTEXT(2) 
PARAMETRIC_REPRESENTATION_CONTEXT() REPRESENTATION_CONTEXT('2D SPACE',''
  ) );
#2593 = ADVANCED_FACE('',(#2594),#2323,.T.);
#2594 = FACE_BOUND('',#2595,.T.);
#2595 = EDGE_LOOP('',(#2596,#2597,#2598,#2620));
#2596 = ORIENTED_EDGE('',*,*,#2546,.F.);
#2597 = ORIENTED_EDGE('',*,*,#2295,.F.);
#2598 = ORIENTED_EDGE('',*,*,#2599,.T.);
#2599 = EDGE_CURVE('',#2207,#2600,#2602,.T.);
#2600 = VERTEX_POINT('',#2601);
#2601 = CARTESIAN_POINT('',(34.299717028502,20.579830217101,120.));
#2602 = SURFACE_CURVE('',#2603,(#2606,#2613),.PCURVE_S1.);
#2603 = B_SPLINE_CURVE_WITH_KNOTS('',1,(#2604,#2605),.UNSPECIFIED.,.F.,
  .F.,(2,2),(0.,1.),.PIECEWISE_BEZIER_KNOTS.);
#2604 = CARTESIAN_POINT('',(50.,30.,0.));
#2605 = CARTESIAN_POINT('',(34.299717028502,20.579830217101,120.));
#2606 = PCURVE('',#2323,#2607);
#2607 = DEFINITIONAL_REPRESENTATION('',(#2608),#2612);
#2608 = LINE('',#2609,#2610);
#2609 = CARTESIAN_POINT('',(60.,0.));
#2610 = VECTOR('',#2611,1.);
#2611 = DIRECTION('',(0.,1.));
#2612 = ( GEOMETRIC_REPRESENTATION_CONTEXT(2) 
PARAMETRIC_REPRESENTATION_CONTEXT() REPRESENTATION_CONTEXT('2D SPACE',''
  ) );
#2613 = PCURVE('',#2252,#2614);
#2614 = DEFINITIONAL_REPRESENTATION('',(#2615),#2619);
#2615 = LINE('',#2616,#2617);
#2616 = CARTESIAN_POINT('',(0.,0.));
#2617 = VECTOR('',#2618,1.);
#2618 = DIRECTION('',(0.,1.));
#2619 = ( GEOMETRIC_REPRESENTATION_CONTEXT(2) 
PARAMETRIC_REPRESENTATION_CONTEXT() REPRESENTATION_CONTEXT('2D SPACE',''
  ) );
#2620 = ORIENTED_EDGE('',*,*,#2621,.F.);
#2621 = EDGE_CURVE('',#2547,#2600,#2622,.T.);
#2622 = SURFACE_CURVE('',#2623,(#2628,#2634),.PCURVE_S1.);
#2623 = CIRCLE('',#2624,40.);
#2624 = AXIS2_PLACEMENT_3D('',#2625,#2626,#2627);
#2625 = CARTESIAN_POINT('',(0.,0.,120.));
#2626 = DIRECTION('',(0.,0.,1.));
#2627 = DIRECTION('',(1.,0.,0.));
#2628 = PCURVE('',#2323,#2629);
#2629 = DEFINITIONAL_REPRESENTATION('',(#2630),#2633);
#2630 = B_SPLINE_CURVE_WITH_KNOTS('',1,(#2631,#2632),.UNSPECIFIED.,.F.,
  .F.,(2,2),(0.,0.540419500271),.PIECEWISE_BEZIER_KNOTS.);
#2631 = CARTESIAN_POINT('',(30.,1.));
#2632 = CARTESIAN_POINT('',(60.,1.));
#2633 = ( GEOMETRIC_REPRESENTATION_CONTEXT(2) 
PARAMETRIC_REPRESENTATION_CONTEXT() REPRESENTATION_CONTEXT('2D SPACE',''
  ) );
#2634 = PCURVE('',#2582,#2635);
#2635 = DEFINITIONAL_REPRESENTATION('',(#2636),#2640);
#2636 = CIRCLE('',#2637,40.);
#2637 = AXIS2_PLACEMENT_2D('',#2638,#2639);
#2638 = CARTESIAN_POINT('',(3.646507020105E-15,1.361813685832E-16));
#2639 = DIRECTION('',(1.,0.));
#2640 = ( GEOMETRIC_REPRESENTATION_CONTEXT(2) 
PARAMETRIC_REPRESENTATION_CONTEXT() REPRESENTATION_CONTEXT('2D SPACE',''
  ) );
#2641 = ADVANCED_FACE('',(#2642),#2252,.T.);
#2642 = FACE_BOUND('',#2643,.T.);
#2643 = EDGE_LOOP('',(#2644,#2645,#2646,#2668));
#2644 = ORIENTED_EDGE('',*,*,#2599,.F.);
#2645 = ORIENTED_EDGE('',*,*,#2206,.F.);
#2646 = ORIENTED_EDGE('',*,*,#2647,.T.);
#2647 = EDGE_CURVE('',#2120,#2648,#2650,.T.);
#2648 = VERTEX_POINT('',#2649);
#2649 = CARTESIAN_POINT('',(-34.2997170285,20.579830217101,120.));
#2650 = SURFACE_CURVE('',#2651,(#2654,#2661),.PCURVE_S1.);
#2651 = B_SPLINE_CURVE_WITH_KNOTS('',1,(#2652,#2653),.UNSPECIFIED.,.F.,
  .F.,(2,2),(0.,1.),.PIECEWISE_BEZIER_KNOTS.);
#2652 = CARTESIAN_POINT('',(-50.,30.,0.));
#2653 = CARTESIAN_POINT('',(-34.2997170285,20.579830217101,120.));
#2654 = PCURVE('',#2252,#2655);
#2655 = DEFINITIONAL_REPRESENTATION('',(#2656),#2660);
#2656 = LINE('',#2657,#2658);
#2657 = CARTESIAN_POINT('',(100.,0.));
#2658 = VECTOR('',#2659,1.);
#2659 = DIRECTION('',(0.,1.));
#2660 = ( GEOMETRIC_REPRESENTATION_CONTEXT(2) 
PARAMETRIC_REPRESENTATION_CONTEXT() REPRESENTATION_CONTEXT('2D SPACE',''
  ) );
#2661 = PCURVE('',#2165,#2662);
#2662 = DEFINITIONAL_REPRESENTATION('',(#2663),#2667);
#2663 = LINE('',#2664,#2665);
#2664 = CARTESIAN_POINT('',(0.,0.));
#2665 = VECTOR('',#2666,1.);
#2666 = DIRECTION('',(0.,1.));
#2667 = ( GEOMETRIC_REPRESENTATION_CONTEXT(2) 
PARAMETRIC_REPRESENTATION_CONTEXT() REPRESENTATION_CONTEXT('2D SPACE',''
  ) );
#2668 = ORIENTED_EDGE('',*,*,#2669,.F.);
#2669 = EDGE_CURVE('',#2600,#2648,#2670,.T.);
#2670 = SURFACE_CURVE('',#2671,(#2676,#2682),.PCURVE_S1.);
#2671 = CIRCLE('',#2672,40.);
#2672 = AXIS2_PLACEMENT_3D('',#2673,#2674,#2675);
#2673 = CARTESIAN_POINT('',(0.,0.,120.));
#2674 = DIRECTION('',(0.,0.,1.));
#2675 = DIRECTION('',(1.,0.,0.));
#2676 = PCURVE('',#2252,#2677);
#2677 = DEFINITIONAL_REPRESENTATION('',(#2678),#2681);
#2678 = B_SPLINE_CURVE_WITH_KNOTS('',1,(#2679,#2680),.UNSPECIFIED.,.F.,
  .F.,(2,2),(0.540419500271,2.601173153319),.PIECEWISE_BEZIER_KNOTS.);
#2679 = CARTESIAN_POINT('',(0.,1.));
#2680 = CARTESIAN_POINT('',(100.,1.));
#2681 = ( GEOMETRIC_REPRESENTATION_CONTEXT(2) 
PARAMETRIC_REPRESENTATION_CONTEXT() REPRESENTATION_CONTEXT('2D SPACE',''
  ) );
#2682 = PCURVE('',#2582,#2683);
#2683 = DEFINITIONAL_REPRESENTATION('',(#2684),#2688);
#2684 = CIRCLE('',#2685,40.);
#2685 = AXIS2_PLACEMENT_2D('',#2686,#2687);
#2686 = CARTESIAN_POINT('',(3.646507020105E-15,1.361813685832E-16));
#2687 = DIRECTION('',(1.,0.));
#2688 = ( GEOMETRIC_REPRESENTATION_CONTEXT(2) 
PARAMETRIC_REPRESENTATION_CONTEXT() REPRESENTATION_CONTEXT('2D SPACE',''
  ) );
#2689 = ADVANCED_FACE('',(#2690),#2165,.T.);
#2690 = FACE_BOUND('',#2691,.T.);
#2691 = EDGE_LOOP('',(#2692,#2693,#2694,#2716));
#2692 = ORIENTED_EDGE('',*,*,#2647,.F.);
#2693 = ORIENTED_EDGE('',*,*,#2119,.F.);
#2694 = ORIENTED_EDGE('',*,*,#2695,.T.);
#2695 = EDGE_CURVE('',#2031,#2696,#2698,.T.);
#2696 = VERTEX_POINT('',#2697);
#2697 = CARTESIAN_POINT('',(-34.2997170285,-20.5798302171,120.));
#2698 = SURFACE_CURVE('',#2699,(#2702,#2709),.PCURVE_S1.);
#2699 = B_SPLINE_CURVE_WITH_KNOTS('',1,(#2700,#2701),.UNSPECIFIED.,.F.,
  .F.,(2,2),(0.,1.),.PIECEWISE_BEZIER_KNOTS.);
#2700 = CARTESIAN_POINT('',(-50.,-30.,0.));
#2701 = CARTESIAN_POINT('',(-34.2997170285,-20.5798302171,120.));
#2702 = PCURVE('',#2165,#2703);
#2703 = DEFINITIONAL_REPRESENTATION('',(#2704),#2708);
#2704 = LINE('',#2705,#2706);
#2705 = CARTESIAN_POINT('',(60.,0.));
#2706 = VECTOR('',#2707,1.);
#2707 = DIRECTION('',(0.,1.));
#2708 = ( GEOMETRIC_REPRESENTATION_CONTEXT(2) 
PARAMETRIC_REPRESENTATION_CONTEXT() REPRESENTATION_CONTEXT('2D SPACE',''
  ) );
#2709 = PCURVE('',#2076,#2710);
#2710 = DEFINITIONAL_REPRESENTATION('',(#2711),#2715);
#2711 = LINE('',#2712,#2713);
#2712 = CARTESIAN_POINT('',(0.,0.));
#2713 = VECTOR('',#2714,1.);
#2714 = DIRECTION('',(0.,1.));
#2715 = ( GEOMETRIC_REPRESENTATION_CONTEXT(2) 
PARAMETRIC_REPRESENTATION_CONTEXT() REPRESENTATION_CONTEXT('2D SPACE',''
  ) );
#2716 = ORIENTED_EDGE('',*,*,#2717,.F.);
#2717 = EDGE_CURVE('',#2648,#2696,#2718,.T.);
#2718 = SURFACE_CURVE('',#2719,(#2724,#2730),.PCURVE_S1.);
#2719 = CIRCLE('',#2720,40.);
#2720 = AXIS2_PLACEMENT_3D('',#2721,#2722,#2723);
#2721 = CARTESIAN_POINT('',(0.,0.,120.));
#2722 = DIRECTION('',(0.,0.,1.));
#2723 = DIRECTION('',(1.,0.,0.));
#2724 = PCURVE('',#2165,#2725);
#2725 = DEFINITIONAL_REPRESENTATION('',(#2726),#2729);
#2726 = B_SPLINE_CURVE_WITH_KNOTS('',1,(#2727,#2728),.UNSPECIFIED.,.F.,
  .F.,(2,2),(2.601173153319,3.68201215386),.PIECEWISE_BEZIER_KNOTS.);
#2727 = CARTESIAN_POINT('',(0.,1.));
#2728 = CARTESIAN_POINT('',(60.,1.));
#2729 = ( GEOMETRIC_REPRESENTATION_CONTEXT(2) 
PARAMETRIC_REPRESENTATION_CONTEXT() REPRESENTATION_CONTEXT('2D SPACE',''
  ) );
#2730 = PCURVE('',#2582,#2731);
#2731 = DEFINITIONAL_REPRESENTATION('',(#2732),#2736);
#2732 = CIRCLE('',#2733,40.);
#2733 = AXIS2_PLACEMENT_2D('',#2734,#2735);
#2734 = CARTESIAN_POINT('',(3.646507020105E-15,1.361813685832E-16));
#2735 = DIRECTION('',(1.,0.));
#2736 = ( GEOMETRIC_REPRESENTATION_CONTEXT(2) 
PARAMETRIC_REPRESENTATION_CONTEXT() REPRESENTATION_CONTEXT('2D SPACE',''
  ) );
#2737 = ADVANCED_FACE('',(#2738),#2076,.T.);
#2738 = FACE_BOUND('',#2739,.T.);
#2739 = EDGE_LOOP('',(#2740,#2741,#2742,#2743));
#2740 = ORIENTED_EDGE('',*,*,#2695,.F.);
#2741 = ORIENTED_EDGE('',*,*,#2030,.F.);
#2742 = ORIENTED_EDGE('',*,*,#2523,.T.);
#2743 = ORIENTED_EDGE('',*,*,#2744,.F.);
#2744 = EDGE_CURVE('',#2696,#2524,#2745,.T.);
#2745 = SURFACE_CURVE('',#2746,(#2751,#2757),.PCURVE_S1.);
#2746 = CIRCLE('',#2747,40.);
#2747 = AXIS2_PLACEMENT_3D('',#2748,#2749,#2750);
#2748 = CARTESIAN_POINT('',(0.,0.,120.));
#2749 = DIRECTION('',(0.,0.,1.));
#2750 = DIRECTION('',(1.,0.,0.));
#2751 = PCURVE('',#2076,#2752);
#2752 = DEFINITIONAL_REPRESENTATION('',(#2753),#2756);
#2753 = B_SPLINE_CURVE_WITH_KNOTS('',1,(#2754,#2755),.UNSPECIFIED.,.F.,
  .F.,(2,2),(3.68201215386,5.742765806909),.PIECEWISE_BEZIER_KNOTS.);
#2754 = CARTESIAN_POINT('',(0.,1.));
#2755 = CARTESIAN_POINT('',(100.,1.));
#2756 = ( GEOMETRIC_REPRESENTATION_CONTEXT(2) 
PARAMETRIC_REPRESENTATION_CONTEXT() REPRESENTATION_CONTEXT('2D SPACE',''
  ) );
#2757 = PCURVE('',#2582,#2758);
#2758 = DEFINITIONAL_REPRESENTATION('',(#2759),#2763);
#2759 = CIRCLE('',#2760,40.);
#2760 = AXIS2_PLACEMENT_2D('',#2761,#2762);
#2761 = CARTESIAN_POINT('',(3.646507020105E-15,1.361813685832E-16));
#2762 = DIRECTION('',(1.,0.));
#2763 = ( GEOMETRIC_REPRESENTATION_CONTEXT(2) 
PARAMETRIC_REPRESENTATION_CONTEXT() REPRESENTATION_CONTEXT('2D SPACE',''
  ) );
#2764 = ADVANCED_FACE('',(#2765),#2381,.F.);
#2765 = FACE_BOUND('',#2766,.T.);
#2766 = EDGE_LOOP('',(#2767,#2790,#2791,#2792,#2793,#2794,#2795,#2796));
#2767 = ORIENTED_EDGE('',*,*,#2768,.F.);
#2768 = EDGE_CURVE('',#2361,#2769,#2771,.T.);
#2769 = VERTEX_POINT('',#2770);
#2770 = CARTESIAN_POINT('',(37.5,0.,125.));
#2771 = SEAM_CURVE('',#2772,(#2776,#2783),.PCURVE_S1.);
#2772 = LINE('',#2773,#2774);
#2773 = CARTESIAN_POINT('',(37.5,0.,119.));
#2774 = VECTOR('',#2775,1.);
#2775 = DIRECTION('',(0.,0.,1.));
#2776 = PCURVE('',#2381,#2777);
#2777 = DEFINITIONAL_REPRESENTATION('',(#2778),#2782);
#2778 = LINE('',#2779,#2780);
#2779 = CARTESIAN_POINT('',(-6.28318530718,0.));
#2780 = VECTOR('',#2781,1.);
#2781 = DIRECTION('',(-0.,-1.));
#2782 = ( GEOMETRIC_REPRESENTATION_CONTEXT(2) 
PARAMETRIC_REPRESENTATION_CONTEXT() REPRESENTATION_CONTEXT('2D SPACE',''
  ) );
#2783 = PCURVE('',#2381,#2784);
#2784 = DEFINITIONAL_REPRESENTATION('',(#2785),#2789);
#2785 = LINE('',#2786,#2787);
#2786 = CARTESIAN_POINT('',(-0.,0.));
#2787 = VECTOR('',#2788,1.);
#2788 = DIRECTION('',(-0.,-1.));
#2789 = ( GEOMETRIC_REPRESENTATION_CONTEXT(2) 
PARAMETRIC_REPRESENTATION_CONTEXT() REPRESENTATION_CONTEXT('2D SPACE',''
  ) );
#2790 = ORIENTED_EDGE('',*,*,#2393,.T.);
#2791 = ORIENTED_EDGE('',*,*,#2426,.T.);
#2792 = ORIENTED_EDGE('',*,*,#2457,.T.);
#2793 = ORIENTED_EDGE('',*,*,#2489,.T.);
#2794 = ORIENTED_EDGE('',*,*,#2360,.T.);
#2795 = ORIENTED_EDGE('',*,*,#2768,.T.);
#2796 = ORIENTED_EDGE('',*,*,#2797,.F.);
#2797 = EDGE_CURVE('',#2769,#2769,#2798,.T.);
#2798 = SURFACE_CURVE('',#2799,(#2804,#2811),.PCURVE_S1.);
#2799 = CIRCLE('',#2800,37.5);
#2800 = AXIS2_PLACEMENT_3D('',#2801,#2802,#2803);
#2801 = CARTESIAN_POINT('',(0.,0.,125.));
#2802 = DIRECTION('',(0.,0.,-1.));
#2803 = DIRECTION('',(1.,0.,0.));
#2804 = PCURVE('',#2381,#2805);
#2805 = DEFINITIONAL_REPRESENTATION('',(#2806),#2810);
#2806 = LINE('',#2807,#2808);
#2807 = CARTESIAN_POINT('',(-6.28318530718,-6.));
#2808 = VECTOR('',#2809,1.);
#2809 = DIRECTION('',(1.,-0.));
#2810 = ( GEOMETRIC_REPRESENTATION_CONTEXT(2) 
PARAMETRIC_REPRESENTATION_CONTEXT() REPRESENTATION_CONTEXT('2D SPACE',''
  ) );
#2811 = PCURVE('',#2812,#2817);
#2812 = PLANE('',#2813);
#2813 = AXIS2_PLACEMENT_3D('',#2814,#2815,#2816);
#2814 = CARTESIAN_POINT('',(-3.646507020105E-15,-1.361813685832E-16,125.
    ));
#2815 = DIRECTION('',(0.,0.,1.));
#2816 = DIRECTION('',(1.,0.,-0.));
#2817 = DEFINITIONAL_REPRESENTATION('',(#2818),#2826);
#2818 = ( BOUNDED_CURVE() B_SPLINE_CURVE(2,(#2819,#2820,#2821,#2822,
#2823,#2824,#2825),.UNSPECIFIED.,.T.,.F.) B_SPLINE_CURVE_WITH_KNOTS((1,2
    ,2,2,2,1),(-2.094395102393,0.,2.094395102393,4.188790204786,
6.28318530718,8.377580409573),.UNSPECIFIED.) CURVE() 
GEOMETRIC_REPRESENTATION_ITEM() RATIONAL_B_SPLINE_CURVE((1.,0.5,1.,0.5,
1.,0.5,1.)) REPRESENTATION_ITEM('') );
#2819 = CARTESIAN_POINT('',(37.5,1.361813685832E-16));
#2820 = CARTESIAN_POINT('',(37.5,-64.95190528383));
#2821 = CARTESIAN_POINT('',(-18.75,-32.47595264191));
#2822 = CARTESIAN_POINT('',(-75.,-9.048669625022E-15));
#2823 = CARTESIAN_POINT('',(-18.75,32.475952641916));
#2824 = CARTESIAN_POINT('',(37.5,64.951905283833));
#2825 = CARTESIAN_POINT('',(37.5,1.361813685832E-16));
#2826 = ( GEOMETRIC_REPRESENTATION_CONTEXT(2) 
PARAMETRIC_REPRESENTATION_CONTEXT() REPRESENTATION_CONTEXT('2D SPACE',''
  ) );
#2827 = ADVANCED_FACE('',(#2828,#2859),#2582,.F.);
#2828 = FACE_BOUND('',#2829,.F.);
#2829 = EDGE_LOOP('',(#2830));
#2830 = ORIENTED_EDGE('',*,*,#2831,.T.);
#2831 = EDGE_CURVE('',#2832,#2832,#2834,.T.);
#2832 = VERTEX_POINT('',#2833);
#2833 = CARTESIAN_POINT('',(48.,0.,120.));
#2834 = SURFACE_CURVE('',#2835,(#2840,#2847),.PCURVE_S1.);
#2835 = CIRCLE('',#2836,48.);
#2836 = AXIS2_PLACEMENT_3D('',#2837,#2838,#2839);
#2837 = CARTESIAN_POINT('',(0.,0.,120.));
#2838 = DIRECTION('',(0.,0.,1.));
#2839 = DIRECTION('',(1.,0.,0.));
#2840 = PCURVE('',#2582,#2841);
#2841 = DEFINITIONAL_REPRESENTATION('',(#2842),#2846);
#2842 = CIRCLE('',#2843,48.);
#2843 = AXIS2_PLACEMENT_2D('',#2844,#2845);
#2844 = CARTESIAN_POINT('',(3.646507020105E-15,1.361813685832E-16));
#2845 = DIRECTION('',(1.,0.));
#2846 = ( GEOMETRIC_REPRESENTATION_CONTEXT(2) 
PARAMETRIC_REPRESENTATION_CONTEXT() REPRESENTATION_CONTEXT('2D SPACE',''
  ) );
#2847 = PCURVE('',#2848,#2853);
#2848 = CYLINDRICAL_SURFACE('',#2849,48.);
#2849 = AXIS2_PLACEMENT_3D('',#2850,#2851,#2852);
#2850 = CARTESIAN_POINT('',(0.,0.,120.));
#2851 = DIRECTION('',(-0.,-0.,-1.));
#2852 = DIRECTION('',(1.,0.,0.));
#2853 = DEFINITIONAL_REPRESENTATION('',(#2854),#2858);
#2854 = LINE('',#2855,#2856);
#2855 = CARTESIAN_POINT('',(-0.,0.));
#2856 = VECTOR('',#2857,1.);
#2857 = DIRECTION('',(-1.,0.));
#2858 = ( GEOMETRIC_REPRESENTATION_CONTEXT(2) 
PARAMETRIC_REPRESENTATION_CONTEXT() REPRESENTATION_CONTEXT('2D SPACE',''
  ) );
#2859 = FACE_BOUND('',#2860,.F.);
#2860 = EDGE_LOOP('',(#2861,#2862,#2863,#2864,#2865));
#2861 = ORIENTED_EDGE('',*,*,#2744,.F.);
#2862 = ORIENTED_EDGE('',*,*,#2717,.F.);
#2863 = ORIENTED_EDGE('',*,*,#2669,.F.);
#2864 = ORIENTED_EDGE('',*,*,#2621,.F.);
#2865 = ORIENTED_EDGE('',*,*,#2568,.F.);
#2866 = ADVANCED_FACE('',(#2867,#2893),#2812,.T.);
#2867 = FACE_BOUND('',#2868,.T.);
#2868 = EDGE_LOOP('',(#2869));
#2869 = ORIENTED_EDGE('',*,*,#2870,.T.);
#2870 = EDGE_CURVE('',#2871,#2871,#2873,.T.);
#2871 = VERTEX_POINT('',#2872);
#2872 = CARTESIAN_POINT('',(48.,0.,125.));
#2873 = SURFACE_CURVE('',#2874,(#2879,#2886),.PCURVE_S1.);
#2874 = CIRCLE('',#2875,48.);
#2875 = AXIS2_PLACEMENT_3D('',#2876,#2877,#2878);
#2876 = CARTESIAN_POINT('',(0.,0.,125.));
#2877 = DIRECTION('',(0.,0.,1.));
#2878 = DIRECTION('',(1.,0.,0.));
#2879 = PCURVE('',#2812,#2880);
#2880 = DEFINITIONAL_REPRESENTATION('',(#2881),#2885);
#2881 = CIRCLE('',#2882,48.);
#2882 = AXIS2_PLACEMENT_2D('',#2883,#2884);
#2883 = CARTESIAN_POINT('',(3.646507020105E-15,1.361813685832E-16));
#2884 = DIRECTION('',(1.,0.));
#2885 = ( GEOMETRIC_REPRESENTATION_CONTEXT(2) 
PARAMETRIC_REPRESENTATION_CONTEXT() REPRESENTATION_CONTEXT('2D SPACE',''
  ) );
#2886 = PCURVE('',#2848,#2887);
#2887 = DEFINITIONAL_REPRESENTATION('',(#2888),#2892);
#2888 = LINE('',#2889,#2890);
#2889 = CARTESIAN_POINT('',(-0.,-5.));
#2890 = VECTOR('',#2891,1.);
#2891 = DIRECTION('',(-1.,0.));
#2892 = ( GEOMETRIC_REPRESENTATION_CONTEXT(2) 
PARAMETRIC_REPRESENTATION_CONTEXT() REPRESENTATION_CONTEXT('2D SPACE',''
  ) );
#2893 = FACE_BOUND('',#2894,.T.);
#2894 = EDGE_LOOP('',(#2895));
#2895 = ORIENTED_EDGE('',*,*,#2797,.T.);
#2896 = ADVANCED_FACE('',(#2897),#2848,.T.);
#2897 = FACE_BOUND('',#2898,.F.);
#2898 = EDGE_LOOP('',(#2899,#2920,#2921,#2922));
#2899 = ORIENTED_EDGE('',*,*,#2900,.T.);
#2900 = EDGE_CURVE('',#2832,#2871,#2901,.T.);
#2901 = SEAM_CURVE('',#2902,(#2906,#2913),.PCURVE_S1.);
#2902 = LINE('',#2903,#2904);
#2903 = CARTESIAN_POINT('',(48.,0.,120.));
#2904 = VECTOR('',#2905,1.);
#2905 = DIRECTION('',(0.,0.,1.));
#2906 = PCURVE('',#2848,#2907);
#2907 = DEFINITIONAL_REPRESENTATION('',(#2908),#2912);
#2908 = LINE('',#2909,#2910);
#2909 = CARTESIAN_POINT('',(-0.,0.));
#2910 = VECTOR('',#2911,1.);
#2911 = DIRECTION('',(-0.,-1.));
#2912 = ( GEOMETRIC_REPRESENTATION_CONTEXT(2) 
PARAMETRIC_REPRESENTATION_CONTEXT() REPRESENTATION_CONTEXT('2D SPACE',''
  ) );
#2913 = PCURVE('',#2848,#2914);
#2914 = DEFINITIONAL_REPRESENTATION('',(#2915),#2919);
#2915 = LINE('',#2916,#2917);
#2916 = CARTESIAN_POINT('',(-6.28318530718,0.));
#2917 = VECTOR('',#2918,1.);
#2918 = DIRECTION('',(-0.,-1.));
#2919 = ( GEOMETRIC_REPRESENTATION_CONTEXT(2) 
PARAMETRIC_REPRESENTATION_CONTEXT() REPRESENTATION_CONTEXT('2D SPACE',''
  ) );
#2920 = ORIENTED_EDGE('',*,*,#2870,.T.);
#2921 = ORIENTED_EDGE('',*,*,#2900,.F.);
#2922 = ORIENTED_EDGE('',*,*,#2831,.F.);
#2923 = ( GEOMETRIC_REPRESENTATION_CONTEXT(3) 
GLOBAL_UNCERTAINTY_ASSIGNED_CONTEXT((#2927)) 
GLOBAL_UNIT_ASSIGNED_CONTEXT((#2924,#2925,#2926)) REPRESENTATION_CONTEXT
('Context #1','3D Context with UNIT and UNCERTAINTY') );
#2924 = ( LENGTH_UNIT() NAMED_UNIT(*) SI_UNIT(.MILLI.,.METRE.) );
#2925 = ( NAMED_UNIT(*) PLANE_ANGLE_UNIT() SI_UNIT($,.RADIAN.) );
#2926 = ( NAMED_UNIT(*) SI_UNIT($,.STERADIAN.) SOLID_ANGLE_UNIT() );
#2927 = UNCERTAINTY_MEASURE_WITH_UNIT(LENGTH_MEASURE(2.E-06),#2924,
  'distance_accuracy_value','confusion accuracy');
#2928 = PRODUCT_RELATED_PRODUCT_CATEGORY('part',$,(#7));
ENDSEC;
END-ISO-10303-21;
