ISO-10303-21;
HEADER;
FILE_DESCRIPTION(('Open CASCADE Model'),'2;1');
FILE_NAME('Open CASCADE Shape Model','2026-09-15T14:27:11',('Author'),(
    'Open CASCADE'),'Open CASCADE STEP processor 7.8','Open CASCADE 7.8'
  ,'Unknown');
FILE_SCHEMA(('AUTOMOTIVE_DESIGN { 1 0 10303 214 1 1 1 1 }'));
ENDSEC;
DATA;
#1 = APPLICATION_PROTOCOL_DEFINITION('international standard',
  'automotive_design',2000,#2);
#2 = APPLICATION_CONTEXT(
  'core data for automotive mechanical design processes');
#3 = SHAPE_DEFINITION_REPRESENTATION(#4,#10);
#4 = PRODUCT_DEFINITION_SHAPE('','',#5);
#5 = PRODUCT_DEFINITION('design','',#6,#9);
#6 = PRODUCT_DEFINITION_FORMATION('','',#7);
#7 = PRODUCT('Open CASCADE STEP translator 7.8 1',
  'Open CASCADE STEP translator 7.8 1','',(#8));
#8 = PRODUCT_CONTEXT('',#2,'mechanical');
#9 = PRODUCT_DEFINITION_CONTEXT('part definition',#2,'design');
#10 = ADVANCED_BREP_SHAPE_REPRESENTATION('',(#11,#15),#1995);
#11 = AXIS2_PLACEMENT_3D('',#12,#13,#14);
#12 = CARTESIAN_POINT('',(0.,0.,0.));
#13 = DIRECTION('',(0.,0.,1.));
#14 = DIRECTION('',(1.,0.,-0.));
#15 = MANIFOLD_SOLID_BREP('',#16);
#16 = CLOSED_SHELL('',(#17,#105,#447,#602,#629,#656,#889,#1046,#1093,
    #1226,#1273,#1396,#1421,#1448,#1475,#1731,#1764,#1839,#1844,#1849,
    #1926,#1956,#1989));
#17 = ADVANCED_FACE('',(#18),#32,.T.);
#18 = FACE_BOUND('',#19,.F.);
#19 = EDGE_LOOP('',(#20,#50,#77,#78));
#20 = ORIENTED_EDGE('',*,*,#21,.T.);
#21 = EDGE_CURVE('',#22,#24,#26,.T.);
#22 = VERTEX_POINT('',#23);
#23 = CARTESIAN_POINT('',(40.,0.,0.));
#24 = VERTEX_POINT('',#25);
#25 = CARTESIAN_POINT('',(40.,0.,10.));
#26 = SEAM_CURVE('',#27,(#31,#43),.PCURVE_S1.);
#27 = LINE('',#28,#29);
#28 = CARTESIAN_POINT('',(40.,0.,0.));
#29 = VECTOR('',#30,1.);
#30 = DIRECTION('',(0.,0.,1.));
#31 = PCURVE('',#32,#37);
#32 = CYLINDRICAL_SURFACE('',#33,40.);
#33 = AXIS2_PLACEMENT_3D('',#34,#35,#36);
#34 = CARTESIAN_POINT('',(0.,0.,0.));
#35 = DIRECTION('',(-0.,-0.,-1.));
#36 = DIRECTION('',(1.,0.,0.));
#37 = DEFINITIONAL_REPRESENTATION('',(#38),#42);
#38 = LINE('',#39,#40);
#39 = CARTESIAN_POINT('',(-0.,0.));
#40 = VECTOR('',#41,1.);
#41 = DIRECTION('',(-0.,-1.));
#42 = ( GEOMETRIC_REPRESENTATION_CONTEXT(2) 
PARAMETRIC_REPRESENTATION_CONTEXT() REPRESENTATION_CONTEXT('2D SPACE',''
  ) );
#43 = PCURVE('',#32,#44);
#44 = DEFINITIONAL_REPRESENTATION('',(#45),#49);
#45 = LINE('',#46,#47);
#46 = CARTESIAN_POINT('',(-6.28318530718,0.));
#47 = VECTOR('',#48,1.);
#48 = DIRECTION('',(-0.,-1.));
#49 = ( GEOMETRIC_REPRESENTATION_CONTEXT(2) 
PARAMETRIC_REPRESENTATION_CONTEXT() REPRESENTATION_CONTEXT('2D SPACE',''
  ) );
#50 = ORIENTED_EDGE('',*,*,#51,.T.);
#51 = EDGE_CURVE('',#24,#24,#52,.T.);
#52 = SURFACE_CURVE('',#53,(#58,#65),.PCURVE_S1.);
#53 = CIRCLE('',#54,40.);
#54 = AXIS2_PLACEMENT_3D('',#55,#56,#57);
#55 = CARTESIAN_POINT('',(0.,0.,10.));
#56 = DIRECTION('',(0.,0.,1.));
#57 = DIRECTION('',(1.,0.,0.));
#58 = PCURVE('',#32,#59);
#59 = DEFINITIONAL_REPRESENTATION('',(#60),#64);
#60 = LINE('',#61,#62);
#61 = CARTESIAN_POINT('',(-0.,-10.));
#62 = VECTOR('',#63,1.);
#63 = DIRECTION('',(-1.,0.));
#64 = ( GEOMETRIC_REPRESENTATION_CONTEXT(2) 
PARAMETRIC_REPRESENTATION_CONTEXT() REPRESENTATION_CONTEXT('2D SPACE',''
  ) );
#65 = PCURVE('',#66,#71);
#66 = PLANE('',#67);
#67 = AXIS2_PLACEMENT_3D('',#68,#69,#70);
#68 = CARTESIAN_POINT('',(-2.187904212063E-15,5.550418131999E-16,10.));
#69 = DIRECTION('',(0.,0.,1.));
#70 = DIRECTION('',(1.,0.,-0.));
#71 = DEFINITIONAL_REPRESENTATION('',(#72),#76);
#72 = CIRCLE('',#73,40.);
#73 = AXIS2_PLACEMENT_2D('',#74,#75);
#74 = CARTESIAN_POINT('',(2.187904212063E-15,-5.550418131999E-16));
#75 = DIRECTION('',(1.,0.));
#76 = ( GEOMETRIC_REPRESENTATION_CONTEXT(2) 
PARAMETRIC_REPRESENTATION_CONTEXT() REPRESENTATION_CONTEXT('2D SPACE',''
  ) );
#77 = ORIENTED_EDGE('',*,*,#21,.F.);
#78 = ORIENTED_EDGE('',*,*,#79,.F.);
#79 = EDGE_CURVE('',#22,#22,#80,.T.);
#80 = SURFACE_CURVE('',#81,(#86,#93),.PCURVE_S1.);
#81 = CIRCLE('',#82,40.);
#82 = AXIS2_PLACEMENT_3D('',#83,#84,#85);
#83 = CARTESIAN_POINT('',(0.,0.,0.));
#84 = DIRECTION('',(0.,0.,1.));
#85 = DIRECTION('',(1.,0.,0.));
#86 = PCURVE('',#32,#87);
#87 = DEFINITIONAL_REPRESENTATION('',(#88),#92);
#88 = LINE('',#89,#90);
#89 = CARTESIAN_POINT('',(-0.,0.));
#90 = VECTOR('',#91,1.);
#91 = DIRECTION('',(-1.,0.));
#92 = ( GEOMETRIC_REPRESENTATION_CONTEXT(2) 
PARAMETRIC_REPRESENTATION_CONTEXT() REPRESENTATION_CONTEXT('2D SPACE',''
  ) );
#93 = PCURVE('',#94,#99);
#94 = PLANE('',#95);
#95 = AXIS2_PLACEMENT_3D('',#96,#97,#98);
#96 = CARTESIAN_POINT('',(-2.187904212063E-15,5.550418131999E-16,0.));
#97 = DIRECTION('',(0.,0.,1.));
#98 = DIRECTION('',(1.,0.,-0.));
#99 = DEFINITIONAL_REPRESENTATION('',(#100),#104);
#100 = CIRCLE('',#101,40.);
#101 = AXIS2_PLACEMENT_2D('',#102,#103);
#102 = CARTESIAN_POINT('',(2.187904212063E-15,-5.550418131999E-16));
#103 = DIRECTION('',(1.,0.));
#104 = ( GEOMETRIC_REPRESENTATION_CONTEXT(2) 
PARAMETRIC_REPRESENTATION_CONTEXT() REPRESENTATION_CONTEXT('2D SPACE',''
  ) );
#105 = ADVANCED_FACE('',(#106,#109,#144,#179,#247,#377,#412),#94,.F.);
#106 = FACE_BOUND('',#107,.F.);
#107 = EDGE_LOOP('',(#108));
#108 = ORIENTED_EDGE('',*,*,#79,.T.);
#109 = FACE_BOUND('',#110,.F.);
#110 = EDGE_LOOP('',(#111));
#111 = ORIENTED_EDGE('',*,*,#112,.T.);
#112 = EDGE_CURVE('',#113,#113,#115,.T.);
#113 = VERTEX_POINT('',#114);
#114 = CARTESIAN_POINT('',(-3.3,-30.,0.));
#115 = SURFACE_CURVE('',#116,(#121,#132),.PCURVE_S1.);
#116 = CIRCLE('',#117,3.3);
#117 = AXIS2_PLACEMENT_3D('',#118,#119,#120);
#118 = CARTESIAN_POINT('',(-5.510910596163E-15,-30.,0.));
#119 = DIRECTION('',(0.,0.,-1.));
#120 = DIRECTION('',(-1.,0.,0.));
#121 = PCURVE('',#94,#122);
#122 = DEFINITIONAL_REPRESENTATION('',(#123),#131);
#123 = ( BOUNDED_CURVE() B_SPLINE_CURVE(2,(#124,#125,#126,#127,#128,#129
,#130),.UNSPECIFIED.,.T.,.F.) B_SPLINE_CURVE_WITH_KNOTS((1,2,2,2,2,1),(
    -2.094395102393,0.,2.094395102393,4.188790204786,6.28318530718,
8.377580409573),.UNSPECIFIED.) CURVE() GEOMETRIC_REPRESENTATION_ITEM() 
RATIONAL_B_SPLINE_CURVE((1.,0.5,1.,0.5,1.,0.5,1.)) REPRESENTATION_ITEM(
  '') );
#124 = CARTESIAN_POINT('',(-3.3,-30.));
#125 = CARTESIAN_POINT('',(-3.3,-24.28423233502));
#126 = CARTESIAN_POINT('',(1.65,-27.14211616751));
#127 = CARTESIAN_POINT('',(6.6,-30.));
#128 = CARTESIAN_POINT('',(1.65,-32.85788383248));
#129 = CARTESIAN_POINT('',(-3.3,-35.71576766497));
#130 = CARTESIAN_POINT('',(-3.3,-30.));
#131 = ( GEOMETRIC_REPRESENTATION_CONTEXT(2) 
PARAMETRIC_REPRESENTATION_CONTEXT() REPRESENTATION_CONTEXT('2D SPACE',''
  ) );
#132 = PCURVE('',#133,#138);
#133 = CYLINDRICAL_SURFACE('',#134,3.3);
#134 = AXIS2_PLACEMENT_3D('',#135,#136,#137);
#135 = CARTESIAN_POINT('',(-5.510910596163E-15,-30.,45.));
#136 = DIRECTION('',(0.,0.,-1.));
#137 = DIRECTION('',(-1.,0.,0.));
#138 = DEFINITIONAL_REPRESENTATION('',(#139),#143);
#139 = LINE('',#140,#141);
#140 = CARTESIAN_POINT('',(0.,45.));
#141 = VECTOR('',#142,1.);
#142 = DIRECTION('',(1.,0.));
#143 = ( GEOMETRIC_REPRESENTATION_CONTEXT(2) 
PARAMETRIC_REPRESENTATION_CONTEXT() REPRESENTATION_CONTEXT('2D SPACE',''
  ) );
#144 = FACE_BOUND('',#145,.F.);
#145 = EDGE_LOOP('',(#146));
#146 = ORIENTED_EDGE('',*,*,#147,.T.);
#147 = EDGE_CURVE('',#148,#148,#150,.T.);
#148 = VERTEX_POINT('',#149);
#149 = CARTESIAN_POINT('',(-33.3,2.865673510005E-15,0.));
#150 = SURFACE_CURVE('',#151,(#156,#167),.PCURVE_S1.);
#151 = CIRCLE('',#152,3.3);
#152 = AXIS2_PLACEMENT_3D('',#153,#154,#155);
#153 = CARTESIAN_POINT('',(-30.,3.673940397442E-15,0.));
#154 = DIRECTION('',(0.,0.,-1.));
#155 = DIRECTION('',(-1.,0.,0.));
#156 = PCURVE('',#94,#157);
#157 = DEFINITIONAL_REPRESENTATION('',(#158),#166);
#158 = ( BOUNDED_CURVE() B_SPLINE_CURVE(2,(#159,#160,#161,#162,#163,#164
,#165),.UNSPECIFIED.,.T.,.F.) B_SPLINE_CURVE_WITH_KNOTS((1,2,2,2,2,1),(
    -2.094395102393,0.,2.094395102393,4.188790204786,6.28318530718,
8.377580409573),.UNSPECIFIED.) CURVE() GEOMETRIC_REPRESENTATION_ITEM() 
RATIONAL_B_SPLINE_CURVE((1.,0.5,1.,0.5,1.,0.5,1.)) REPRESENTATION_ITEM(
  '') );
#159 = CARTESIAN_POINT('',(-33.3,3.118898584242E-15));
#160 = CARTESIAN_POINT('',(-33.3,5.715767664977));
#161 = CARTESIAN_POINT('',(-28.35,2.857883832489));
#162 = CARTESIAN_POINT('',(-23.4,3.927165471679E-15));
#163 = CARTESIAN_POINT('',(-28.35,-2.857883832489));
#164 = CARTESIAN_POINT('',(-33.3,-5.715767664977));
#165 = CARTESIAN_POINT('',(-33.3,3.118898584242E-15));
#166 = ( GEOMETRIC_REPRESENTATION_CONTEXT(2) 
PARAMETRIC_REPRESENTATION_CONTEXT() REPRESENTATION_CONTEXT('2D SPACE',''
  ) );
#167 = PCURVE('',#168,#173);
#168 = CYLINDRICAL_SURFACE('',#169,3.3);
#169 = AXIS2_PLACEMENT_3D('',#170,#171,#172);
#170 = CARTESIAN_POINT('',(-30.,3.673940397442E-15,45.));
#171 = DIRECTION('',(0.,0.,-1.));
#172 = DIRECTION('',(-1.,0.,0.));
#173 = DEFINITIONAL_REPRESENTATION('',(#174),#178);
#174 = LINE('',#175,#176);
#175 = CARTESIAN_POINT('',(0.,45.));
#176 = VECTOR('',#177,1.);
#177 = DIRECTION('',(1.,0.));
#178 = ( GEOMETRIC_REPRESENTATION_CONTEXT(2) 
PARAMETRIC_REPRESENTATION_CONTEXT() REPRESENTATION_CONTEXT('2D SPACE',''
  ) );
#179 = FACE_BOUND('',#180,.F.);
#180 = EDGE_LOOP('',(#181,#216));
#181 = ORIENTED_EDGE('',*,*,#182,.T.);
#182 = EDGE_CURVE('',#183,#185,#187,.T.);
#183 = VERTEX_POINT('',#184);
#184 = CARTESIAN_POINT('',(10.,0.,0.));
#185 = VERTEX_POINT('',#186);
#186 = CARTESIAN_POINT('',(-1.836970198721E-15,10.,0.));
#187 = SURFACE_CURVE('',#188,(#193,#204),.PCURVE_S1.);
#188 = CIRCLE('',#189,10.);
#189 = AXIS2_PLACEMENT_3D('',#190,#191,#192);
#190 = CARTESIAN_POINT('',(0.,0.,0.));
#191 = DIRECTION('',(0.,0.,-1.));
#192 = DIRECTION('',(1.,0.,0.));
#193 = PCURVE('',#94,#194);
#194 = DEFINITIONAL_REPRESENTATION('',(#195),#203);
#195 = ( BOUNDED_CURVE() B_SPLINE_CURVE(2,(#196,#197,#198,#199,#200,#201
,#202),.UNSPECIFIED.,.T.,.F.) B_SPLINE_CURVE_WITH_KNOTS((1,2,2,2,2,1),(
    -2.094395102393,0.,2.094395102393,4.188790204786,6.28318530718,
8.377580409573),.UNSPECIFIED.) CURVE() GEOMETRIC_REPRESENTATION_ITEM() 
RATIONAL_B_SPLINE_CURVE((1.,0.5,1.,0.5,1.,0.5,1.)) REPRESENTATION_ITEM(
  '') );
#196 = CARTESIAN_POINT('',(10.,-5.550418131999E-16));
#197 = CARTESIAN_POINT('',(10.,-17.32050807568));
#198 = CARTESIAN_POINT('',(-5.,-8.660254037844));
#199 = CARTESIAN_POINT('',(-20.,-3.004335411495E-15));
#200 = CARTESIAN_POINT('',(-5.,8.660254037844));
#201 = CARTESIAN_POINT('',(10.,17.320508075689));
#202 = CARTESIAN_POINT('',(10.,-5.550418131999E-16));
#203 = ( GEOMETRIC_REPRESENTATION_CONTEXT(2) 
PARAMETRIC_REPRESENTATION_CONTEXT() REPRESENTATION_CONTEXT('2D SPACE',''
  ) );
#204 = PCURVE('',#205,#210);
#205 = CYLINDRICAL_SURFACE('',#206,10.);
#206 = AXIS2_PLACEMENT_3D('',#207,#208,#209);
#207 = CARTESIAN_POINT('',(0.,0.,-1.));
#208 = DIRECTION('',(-0.,-0.,-1.));
#209 = DIRECTION('',(1.,0.,0.));
#210 = DEFINITIONAL_REPRESENTATION('',(#211),#215);
#211 = LINE('',#212,#213);
#212 = CARTESIAN_POINT('',(-6.28318530718,-1.));
#213 = VECTOR('',#214,1.);
#214 = DIRECTION('',(1.,-0.));
#215 = ( GEOMETRIC_REPRESENTATION_CONTEXT(2) 
PARAMETRIC_REPRESENTATION_CONTEXT() REPRESENTATION_CONTEXT('2D SPACE',''
  ) );
#216 = ORIENTED_EDGE('',*,*,#217,.T.);
#217 = EDGE_CURVE('',#185,#183,#218,.T.);
#218 = SURFACE_CURVE('',#219,(#224,#235),.PCURVE_S1.);
#219 = CIRCLE('',#220,10.);
#220 = AXIS2_PLACEMENT_3D('',#221,#222,#223);
#221 = CARTESIAN_POINT('',(0.,0.,0.));
#222 = DIRECTION('',(0.,0.,-1.));
#223 = DIRECTION('',(1.,0.,0.));
#224 = PCURVE('',#94,#225);
#225 = DEFINITIONAL_REPRESENTATION('',(#226),#234);
#226 = ( BOUNDED_CURVE() B_SPLINE_CURVE(2,(#227,#228,#229,#230,#231,#232
,#233),.UNSPECIFIED.,.T.,.F.) B_SPLINE_CURVE_WITH_KNOTS((1,2,2,2,2,1),(
    -2.094395102393,0.,2.094395102393,4.188790204786,6.28318530718,
8.377580409573),.UNSPECIFIED.) CURVE() GEOMETRIC_REPRESENTATION_ITEM() 
RATIONAL_B_SPLINE_CURVE((1.,0.5,1.,0.5,1.,0.5,1.)) REPRESENTATION_ITEM(
  '') );
#227 = CARTESIAN_POINT('',(10.,-5.550418131999E-16));
#228 = CARTESIAN_POINT('',(10.,-17.32050807568));
#229 = CARTESIAN_POINT('',(-5.,-8.660254037844));
#230 = CARTESIAN_POINT('',(-20.,-3.004335411495E-15));
#231 = CARTESIAN_POINT('',(-5.,8.660254037844));
#232 = CARTESIAN_POINT('',(10.,17.320508075689));
#233 = CARTESIAN_POINT('',(10.,-5.550418131999E-16));
#234 = ( GEOMETRIC_REPRESENTATION_CONTEXT(2) 
PARAMETRIC_REPRESENTATION_CONTEXT() REPRESENTATION_CONTEXT('2D SPACE',''
  ) );
#235 = PCURVE('',#236,#241);
#236 = CYLINDRICAL_SURFACE('',#237,10.);
#237 = AXIS2_PLACEMENT_3D('',#238,#239,#240);
#238 = CARTESIAN_POINT('',(0.,0.,-1.));
#239 = DIRECTION('',(-0.,-0.,-1.));
#240 = DIRECTION('',(1.,0.,0.));
#241 = DEFINITIONAL_REPRESENTATION('',(#242),#246);
#242 = LINE('',#243,#244);
#243 = CARTESIAN_POINT('',(-6.28318530718,-1.));
#244 = VECTOR('',#245,1.);
#245 = DIRECTION('',(1.,-0.));
#246 = ( GEOMETRIC_REPRESENTATION_CONTEXT(2) 
PARAMETRIC_REPRESENTATION_CONTEXT() REPRESENTATION_CONTEXT('2D SPACE',''
  ) );
#247 = FACE_BOUND('',#248,.F.);
#248 = EDGE_LOOP('',(#249,#275,#301,#327,#353));
#249 = ORIENTED_EDGE('',*,*,#250,.T.);
#250 = EDGE_CURVE('',#251,#185,#253,.T.);
#251 = VERTEX_POINT('',#252);
#252 = CARTESIAN_POINT('',(3.,10.,0.));
#253 = SURFACE_CURVE('',#254,(#258,#264),.PCURVE_S1.);
#254 = LINE('',#255,#256);
#255 = CARTESIAN_POINT('',(-1.5,10.,0.));
#256 = VECTOR('',#257,1.);
#257 = DIRECTION('',(-1.,0.,0.));
#258 = PCURVE('',#94,#259);
#259 = DEFINITIONAL_REPRESENTATION('',(#260),#263);
#260 = B_SPLINE_CURVE_WITH_KNOTS('',1,(#261,#262),.UNSPECIFIED.,.F.,.F.,
  (2,2),(-4.5,1.5),.PIECEWISE_BEZIER_KNOTS.);
#261 = CARTESIAN_POINT('',(3.,10.));
#262 = CARTESIAN_POINT('',(-3.,10.));
#263 = ( GEOMETRIC_REPRESENTATION_CONTEXT(2) 
PARAMETRIC_REPRESENTATION_CONTEXT() REPRESENTATION_CONTEXT('2D SPACE',''
  ) );
#264 = PCURVE('',#265,#270);
#265 = PLANE('',#266);
#266 = AXIS2_PLACEMENT_3D('',#267,#268,#269);
#267 = CARTESIAN_POINT('',(-3.,10.,-1.));
#268 = DIRECTION('',(0.,1.,0.));
#269 = DIRECTION('',(1.,0.,0.));
#270 = DEFINITIONAL_REPRESENTATION('',(#271),#274);
#271 = B_SPLINE_CURVE_WITH_KNOTS('',1,(#272,#273),.UNSPECIFIED.,.F.,.F.,
  (2,2),(-4.5,1.5),.PIECEWISE_BEZIER_KNOTS.);
#272 = CARTESIAN_POINT('',(6.,-1.));
#273 = CARTESIAN_POINT('',(0.,-1.));
#274 = ( GEOMETRIC_REPRESENTATION_CONTEXT(2) 
PARAMETRIC_REPRESENTATION_CONTEXT() REPRESENTATION_CONTEXT('2D SPACE',''
  ) );
#275 = ORIENTED_EDGE('',*,*,#276,.T.);
#276 = EDGE_CURVE('',#185,#277,#279,.T.);
#277 = VERTEX_POINT('',#278);
#278 = CARTESIAN_POINT('',(-3.,10.,0.));
#279 = SURFACE_CURVE('',#280,(#284,#290),.PCURVE_S1.);
#280 = LINE('',#281,#282);
#281 = CARTESIAN_POINT('',(-1.5,10.,0.));
#282 = VECTOR('',#283,1.);
#283 = DIRECTION('',(-1.,0.,0.));
#284 = PCURVE('',#94,#285);
#285 = DEFINITIONAL_REPRESENTATION('',(#286),#289);
#286 = B_SPLINE_CURVE_WITH_KNOTS('',1,(#287,#288),.UNSPECIFIED.,.F.,.F.,
  (2,2),(-4.5,1.5),.PIECEWISE_BEZIER_KNOTS.);
#287 = CARTESIAN_POINT('',(3.,10.));
#288 = CARTESIAN_POINT('',(-3.,10.));
#289 = ( GEOMETRIC_REPRESENTATION_CONTEXT(2) 
PARAMETRIC_REPRESENTATION_CONTEXT() REPRESENTATION_CONTEXT('2D SPACE',''
  ) );
#290 = PCURVE('',#291,#296);
#291 = PLANE('',#292);
#292 = AXIS2_PLACEMENT_3D('',#293,#294,#295);
#293 = CARTESIAN_POINT('',(-3.,10.,-1.));
#294 = DIRECTION('',(0.,1.,0.));
#295 = DIRECTION('',(1.,0.,0.));
#296 = DEFINITIONAL_REPRESENTATION('',(#297),#300);
#297 = B_SPLINE_CURVE_WITH_KNOTS('',1,(#298,#299),.UNSPECIFIED.,.F.,.F.,
  (2,2),(-4.5,1.5),.PIECEWISE_BEZIER_KNOTS.);
#298 = CARTESIAN_POINT('',(6.,-1.));
#299 = CARTESIAN_POINT('',(0.,-1.));
#300 = ( GEOMETRIC_REPRESENTATION_CONTEXT(2) 
PARAMETRIC_REPRESENTATION_CONTEXT() REPRESENTATION_CONTEXT('2D SPACE',''
  ) );
#301 = ORIENTED_EDGE('',*,*,#302,.T.);
#302 = EDGE_CURVE('',#277,#303,#305,.T.);
#303 = VERTEX_POINT('',#304);
#304 = CARTESIAN_POINT('',(-3.,13.,0.));
#305 = SURFACE_CURVE('',#306,(#310,#316),.PCURVE_S1.);
#306 = LINE('',#307,#308);
#307 = CARTESIAN_POINT('',(-3.,6.5,0.));
#308 = VECTOR('',#309,1.);
#309 = DIRECTION('',(-0.,1.,0.));
#310 = PCURVE('',#94,#311);
#311 = DEFINITIONAL_REPRESENTATION('',(#312),#315);
#312 = B_SPLINE_CURVE_WITH_KNOTS('',1,(#313,#314),.UNSPECIFIED.,.F.,.F.,
  (2,2),(3.5,6.5),.PIECEWISE_BEZIER_KNOTS.);
#313 = CARTESIAN_POINT('',(-3.,10.));
#314 = CARTESIAN_POINT('',(-3.,13.));
#315 = ( GEOMETRIC_REPRESENTATION_CONTEXT(2) 
PARAMETRIC_REPRESENTATION_CONTEXT() REPRESENTATION_CONTEXT('2D SPACE',''
  ) );
#316 = PCURVE('',#317,#322);
#317 = PLANE('',#318);
#318 = AXIS2_PLACEMENT_3D('',#319,#320,#321);
#319 = CARTESIAN_POINT('',(-3.,13.,-1.));
#320 = DIRECTION('',(1.,0.,-0.));
#321 = DIRECTION('',(0.,-1.,0.));
#322 = DEFINITIONAL_REPRESENTATION('',(#323),#326);
#323 = B_SPLINE_CURVE_WITH_KNOTS('',1,(#324,#325),.UNSPECIFIED.,.F.,.F.,
  (2,2),(3.5,6.5),.PIECEWISE_BEZIER_KNOTS.);
#324 = CARTESIAN_POINT('',(3.,-1.));
#325 = CARTESIAN_POINT('',(0.,-1.));
#326 = ( GEOMETRIC_REPRESENTATION_CONTEXT(2) 
PARAMETRIC_REPRESENTATION_CONTEXT() REPRESENTATION_CONTEXT('2D SPACE',''
  ) );
#327 = ORIENTED_EDGE('',*,*,#328,.T.);
#328 = EDGE_CURVE('',#303,#329,#331,.T.);
#329 = VERTEX_POINT('',#330);
#330 = CARTESIAN_POINT('',(3.,13.,0.));
#331 = SURFACE_CURVE('',#332,(#336,#342),.PCURVE_S1.);
#332 = LINE('',#333,#334);
#333 = CARTESIAN_POINT('',(1.5,13.,0.));
#334 = VECTOR('',#335,1.);
#335 = DIRECTION('',(1.,0.,-0.));
#336 = PCURVE('',#94,#337);
#337 = DEFINITIONAL_REPRESENTATION('',(#338),#341);
#338 = B_SPLINE_CURVE_WITH_KNOTS('',1,(#339,#340),.UNSPECIFIED.,.F.,.F.,
  (2,2),(-4.5,1.5),.PIECEWISE_BEZIER_KNOTS.);
#339 = CARTESIAN_POINT('',(-3.,13.));
#340 = CARTESIAN_POINT('',(3.,13.));
#341 = ( GEOMETRIC_REPRESENTATION_CONTEXT(2) 
PARAMETRIC_REPRESENTATION_CONTEXT() REPRESENTATION_CONTEXT('2D SPACE',''
  ) );
#342 = PCURVE('',#343,#348);
#343 = PLANE('',#344);
#344 = AXIS2_PLACEMENT_3D('',#345,#346,#347);
#345 = CARTESIAN_POINT('',(3.,13.,-1.));
#346 = DIRECTION('',(0.,-1.,0.));
#347 = DIRECTION('',(-1.,0.,0.));
#348 = DEFINITIONAL_REPRESENTATION('',(#349),#352);
#349 = B_SPLINE_CURVE_WITH_KNOTS('',1,(#350,#351),.UNSPECIFIED.,.F.,.F.,
  (2,2),(-4.5,1.5),.PIECEWISE_BEZIER_KNOTS.);
#350 = CARTESIAN_POINT('',(6.,-1.));
#351 = CARTESIAN_POINT('',(0.,-1.));
#352 = ( GEOMETRIC_REPRESENTATION_CONTEXT(2) 
PARAMETRIC_REPRESENTATION_CONTEXT() REPRESENTATION_CONTEXT('2D SPACE',''
  ) );
#353 = ORIENTED_EDGE('',*,*,#354,.T.);
#354 = EDGE_CURVE('',#329,#251,#355,.T.);
#355 = SURFACE_CURVE('',#356,(#360,#366),.PCURVE_S1.);
#356 = LINE('',#357,#358);
#357 = CARTESIAN_POINT('',(3.,5.,0.));
#358 = VECTOR('',#359,1.);
#359 = DIRECTION('',(0.,-1.,0.));
#360 = PCURVE('',#94,#361);
#361 = DEFINITIONAL_REPRESENTATION('',(#362),#365);
#362 = B_SPLINE_CURVE_WITH_KNOTS('',1,(#363,#364),.UNSPECIFIED.,.F.,.F.,
  (2,2),(-8.,-5.),.PIECEWISE_BEZIER_KNOTS.);
#363 = CARTESIAN_POINT('',(3.,13.));
#364 = CARTESIAN_POINT('',(3.,10.));
#365 = ( GEOMETRIC_REPRESENTATION_CONTEXT(2) 
PARAMETRIC_REPRESENTATION_CONTEXT() REPRESENTATION_CONTEXT('2D SPACE',''
  ) );
#366 = PCURVE('',#367,#372);
#367 = PLANE('',#368);
#368 = AXIS2_PLACEMENT_3D('',#369,#370,#371);
#369 = CARTESIAN_POINT('',(3.,10.,-1.));
#370 = DIRECTION('',(-1.,0.,0.));
#371 = DIRECTION('',(0.,1.,0.));
#372 = DEFINITIONAL_REPRESENTATION('',(#373),#376);
#373 = B_SPLINE_CURVE_WITH_KNOTS('',1,(#374,#375),.UNSPECIFIED.,.F.,.F.,
  (2,2),(-8.,-5.),.PIECEWISE_BEZIER_KNOTS.);
#374 = CARTESIAN_POINT('',(3.,-1.));
#375 = CARTESIAN_POINT('',(0.,-1.));
#376 = ( GEOMETRIC_REPRESENTATION_CONTEXT(2) 
PARAMETRIC_REPRESENTATION_CONTEXT() REPRESENTATION_CONTEXT('2D SPACE',''
  ) );
#377 = FACE_BOUND('',#378,.F.);
#378 = EDGE_LOOP('',(#379));
#379 = ORIENTED_EDGE('',*,*,#380,.T.);
#380 = EDGE_CURVE('',#381,#381,#383,.T.);
#381 = VERTEX_POINT('',#382);
#382 = CARTESIAN_POINT('',(26.7,-8.082668874373E-16,0.));
#383 = SURFACE_CURVE('',#384,(#389,#400),.PCURVE_S1.);
#384 = CIRCLE('',#385,3.3);
#385 = AXIS2_PLACEMENT_3D('',#386,#387,#388);
#386 = CARTESIAN_POINT('',(30.,0.,0.));
#387 = DIRECTION('',(0.,0.,-1.));
#388 = DIRECTION('',(-1.,0.,0.));
#389 = PCURVE('',#94,#390);
#390 = DEFINITIONAL_REPRESENTATION('',(#391),#399);
#391 = ( BOUNDED_CURVE() B_SPLINE_CURVE(2,(#392,#393,#394,#395,#396,#397
,#398),.UNSPECIFIED.,.T.,.F.) B_SPLINE_CURVE_WITH_KNOTS((1,2,2,2,2,1),(
    -2.094395102393,0.,2.094395102393,4.188790204786,6.28318530718,
8.377580409573),.UNSPECIFIED.) CURVE() GEOMETRIC_REPRESENTATION_ITEM() 
RATIONAL_B_SPLINE_CURVE((1.,0.5,1.,0.5,1.,0.5,1.)) REPRESENTATION_ITEM(
  '') );
#392 = CARTESIAN_POINT('',(26.7,-5.550418131999E-16));
#393 = CARTESIAN_POINT('',(26.7,5.715767664977));
#394 = CARTESIAN_POINT('',(31.65,2.857883832489));
#395 = CARTESIAN_POINT('',(36.6,2.532250742373E-16));
#396 = CARTESIAN_POINT('',(31.65,-2.857883832489));
#397 = CARTESIAN_POINT('',(26.7,-5.715767664977));
#398 = CARTESIAN_POINT('',(26.7,-5.550418131999E-16));
#399 = ( GEOMETRIC_REPRESENTATION_CONTEXT(2) 
PARAMETRIC_REPRESENTATION_CONTEXT() REPRESENTATION_CONTEXT('2D SPACE',''
  ) );
#400 = PCURVE('',#401,#406);
#401 = CYLINDRICAL_SURFACE('',#402,3.3);
#402 = AXIS2_PLACEMENT_3D('',#403,#404,#405);
#403 = CARTESIAN_POINT('',(30.,0.,45.));
#404 = DIRECTION('',(0.,0.,-1.));
#405 = DIRECTION('',(-1.,0.,0.));
#406 = DEFINITIONAL_REPRESENTATION('',(#407),#411);
#407 = LINE('',#408,#409);
#408 = CARTESIAN_POINT('',(0.,45.));
#409 = VECTOR('',#410,1.);
#410 = DIRECTION('',(1.,0.));
#411 = ( GEOMETRIC_REPRESENTATION_CONTEXT(2) 
PARAMETRIC_REPRESENTATION_CONTEXT() REPRESENTATION_CONTEXT('2D SPACE',''
  ) );
#412 = FACE_BOUND('',#413,.F.);
#413 = EDGE_LOOP('',(#414));
#414 = ORIENTED_EDGE('',*,*,#415,.T.);
#415 = EDGE_CURVE('',#416,#416,#418,.T.);
#416 = VERTEX_POINT('',#417);
#417 = CARTESIAN_POINT('',(-3.3,30.,0.));
#418 = SURFACE_CURVE('',#419,(#424,#435),.PCURVE_S1.);
#419 = CIRCLE('',#420,3.3);
#420 = AXIS2_PLACEMENT_3D('',#421,#422,#423);
#421 = CARTESIAN_POINT('',(1.836970198721E-15,30.,0.));
#422 = DIRECTION('',(0.,0.,-1.));
#423 = DIRECTION('',(-1.,0.,0.));
#424 = PCURVE('',#94,#425);
#425 = DEFINITIONAL_REPRESENTATION('',(#426),#434);
#426 = ( BOUNDED_CURVE() B_SPLINE_CURVE(2,(#427,#428,#429,#430,#431,#432
,#433),.UNSPECIFIED.,.T.,.F.) B_SPLINE_CURVE_WITH_KNOTS((1,2,2,2,2,1),(
    -2.094395102393,0.,2.094395102393,4.188790204786,6.28318530718,
8.377580409573),.UNSPECIFIED.) CURVE() GEOMETRIC_REPRESENTATION_ITEM() 
RATIONAL_B_SPLINE_CURVE((1.,0.5,1.,0.5,1.,0.5,1.)) REPRESENTATION_ITEM(
  '') );
#427 = CARTESIAN_POINT('',(-3.3,30.));
#428 = CARTESIAN_POINT('',(-3.3,35.715767664977));
#429 = CARTESIAN_POINT('',(1.65,32.857883832489));
#430 = CARTESIAN_POINT('',(6.6,30.));
#431 = CARTESIAN_POINT('',(1.65,27.142116167511));
#432 = CARTESIAN_POINT('',(-3.3,24.284232335023));
#433 = CARTESIAN_POINT('',(-3.3,30.));
#434 = ( GEOMETRIC_REPRESENTATION_CONTEXT(2) 
PARAMETRIC_REPRESENTATION_CONTEXT() REPRESENTATION_CONTEXT('2D SPACE',''
  ) );
#435 = PCURVE('',#436,#441);
#436 = CYLINDRICAL_SURFACE('',#437,3.3);
#437 = AXIS2_PLACEMENT_3D('',#438,#439,#440);
#438 = CARTESIAN_POINT('',(1.836970198721E-15,30.,45.));
#439 = DIRECTION('',(0.,0.,-1.));
#440 = DIRECTION('',(-1.,0.,0.));
#441 = DEFINITIONAL_REPRESENTATION('',(#442),#446);
#442 = LINE('',#443,#444);
#443 = CARTESIAN_POINT('',(0.,45.));
#444 = VECTOR('',#445,1.);
#445 = DIRECTION('',(1.,0.));
#446 = ( GEOMETRIC_REPRESENTATION_CONTEXT(2) 
PARAMETRIC_REPRESENTATION_CONTEXT() REPRESENTATION_CONTEXT('2D SPACE',''
  ) );
#447 = ADVANCED_FACE('',(#448,#451,#481,#511,#542,#572),#66,.T.);
#448 = FACE_BOUND('',#449,.T.);
#449 = EDGE_LOOP('',(#450));
#450 = ORIENTED_EDGE('',*,*,#51,.T.);
#451 = FACE_BOUND('',#452,.T.);
#452 = EDGE_LOOP('',(#453));
#453 = ORIENTED_EDGE('',*,*,#454,.T.);
#454 = EDGE_CURVE('',#455,#455,#457,.T.);
#455 = VERTEX_POINT('',#456);
#456 = CARTESIAN_POINT('',(-3.3,-30.,10.));
#457 = SURFACE_CURVE('',#458,(#463,#474),.PCURVE_S1.);
#458 = CIRCLE('',#459,3.3);
#459 = AXIS2_PLACEMENT_3D('',#460,#461,#462);
#460 = CARTESIAN_POINT('',(-5.510910596163E-15,-30.,10.));
#461 = DIRECTION('',(0.,0.,-1.));
#462 = DIRECTION('',(-1.,0.,0.));
#463 = PCURVE('',#66,#464);
#464 = DEFINITIONAL_REPRESENTATION('',(#465),#473);
#465 = ( BOUNDED_CURVE() B_SPLINE_CURVE(2,(#466,#467,#468,#469,#470,#471
,#472),.UNSPECIFIED.,.T.,.F.) B_SPLINE_CURVE_WITH_KNOTS((1,2,2,2,2,1),(
    -2.094395102393,0.,2.094395102393,4.188790204786,6.28318530718,
8.377580409573),.UNSPECIFIED.) CURVE() GEOMETRIC_REPRESENTATION_ITEM() 
RATIONAL_B_SPLINE_CURVE((1.,0.5,1.,0.5,1.,0.5,1.)) REPRESENTATION_ITEM(
  '') );
#466 = CARTESIAN_POINT('',(-3.3,-30.));
#467 = CARTESIAN_POINT('',(-3.3,-24.28423233502));
#468 = CARTESIAN_POINT('',(1.65,-27.14211616751));
#469 = CARTESIAN_POINT('',(6.6,-30.));
#470 = CARTESIAN_POINT('',(1.65,-32.85788383248));
#471 = CARTESIAN_POINT('',(-3.3,-35.71576766497));
#472 = CARTESIAN_POINT('',(-3.3,-30.));
#473 = ( GEOMETRIC_REPRESENTATION_CONTEXT(2) 
PARAMETRIC_REPRESENTATION_CONTEXT() REPRESENTATION_CONTEXT('2D SPACE',''
  ) );
#474 = PCURVE('',#133,#475);
#475 = DEFINITIONAL_REPRESENTATION('',(#476),#480);
#476 = LINE('',#477,#478);
#477 = CARTESIAN_POINT('',(0.,35.));
#478 = VECTOR('',#479,1.);
#479 = DIRECTION('',(1.,0.));
#480 = ( GEOMETRIC_REPRESENTATION_CONTEXT(2) 
PARAMETRIC_REPRESENTATION_CONTEXT() REPRESENTATION_CONTEXT('2D SPACE',''
  ) );
#481 = FACE_BOUND('',#482,.T.);
#482 = EDGE_LOOP('',(#483));
#483 = ORIENTED_EDGE('',*,*,#484,.T.);
#484 = EDGE_CURVE('',#485,#485,#487,.T.);
#485 = VERTEX_POINT('',#486);
#486 = CARTESIAN_POINT('',(-33.3,2.865673510005E-15,10.));
#487 = SURFACE_CURVE('',#488,(#493,#504),.PCURVE_S1.);
#488 = CIRCLE('',#489,3.3);
#489 = AXIS2_PLACEMENT_3D('',#490,#491,#492);
#490 = CARTESIAN_POINT('',(-30.,3.673940397442E-15,10.));
#491 = DIRECTION('',(0.,0.,-1.));
#492 = DIRECTION('',(-1.,0.,0.));
#493 = PCURVE('',#66,#494);
#494 = DEFINITIONAL_REPRESENTATION('',(#495),#503);
#495 = ( BOUNDED_CURVE() B_SPLINE_CURVE(2,(#496,#497,#498,#499,#500,#501
,#502),.UNSPECIFIED.,.T.,.F.) B_SPLINE_CURVE_WITH_KNOTS((1,2,2,2,2,1),(
    -2.094395102393,0.,2.094395102393,4.188790204786,6.28318530718,
8.377580409573),.UNSPECIFIED.) CURVE() GEOMETRIC_REPRESENTATION_ITEM() 
RATIONAL_B_SPLINE_CURVE((1.,0.5,1.,0.5,1.,0.5,1.)) REPRESENTATION_ITEM(
  '') );
#496 = CARTESIAN_POINT('',(-33.3,3.118898584242E-15));
#497 = CARTESIAN_POINT('',(-33.3,5.715767664977));
#498 = CARTESIAN_POINT('',(-28.35,2.857883832489));
#499 = CARTESIAN_POINT('',(-23.4,3.927165471679E-15));
#500 = CARTESIAN_POINT('',(-28.35,-2.857883832489));
#501 = CARTESIAN_POINT('',(-33.3,-5.715767664977));
#502 = CARTESIAN_POINT('',(-33.3,3.118898584242E-15));
#503 = ( GEOMETRIC_REPRESENTATION_CONTEXT(2) 
PARAMETRIC_REPRESENTATION_CONTEXT() REPRESENTATION_CONTEXT('2D SPACE',''
  ) );
#504 = PCURVE('',#168,#505);
#505 = DEFINITIONAL_REPRESENTATION('',(#506),#510);
#506 = LINE('',#507,#508);
#507 = CARTESIAN_POINT('',(0.,35.));
#508 = VECTOR('',#509,1.);
#509 = DIRECTION('',(1.,0.));
#510 = ( GEOMETRIC_REPRESENTATION_CONTEXT(2) 
PARAMETRIC_REPRESENTATION_CONTEXT() REPRESENTATION_CONTEXT('2D SPACE',''
  ) );
#511 = FACE_BOUND('',#512,.T.);
#512 = EDGE_LOOP('',(#513));
#513 = ORIENTED_EDGE('',*,*,#514,.F.);
#514 = EDGE_CURVE('',#515,#515,#517,.T.);
#515 = VERTEX_POINT('',#516);
#516 = CARTESIAN_POINT('',(20.,0.,10.));
#517 = SURFACE_CURVE('',#518,(#523,#530),.PCURVE_S1.);
#518 = CIRCLE('',#519,20.);
#519 = AXIS2_PLACEMENT_3D('',#520,#521,#522);
#520 = CARTESIAN_POINT('',(0.,0.,10.));
#521 = DIRECTION('',(0.,0.,1.));
#522 = DIRECTION('',(1.,0.,0.));
#523 = PCURVE('',#66,#524);
#524 = DEFINITIONAL_REPRESENTATION('',(#525),#529);
#525 = CIRCLE('',#526,20.);
#526 = AXIS2_PLACEMENT_2D('',#527,#528);
#527 = CARTESIAN_POINT('',(2.187904212063E-15,-5.550418131999E-16));
#528 = DIRECTION('',(1.,0.));
#529 = ( GEOMETRIC_REPRESENTATION_CONTEXT(2) 
PARAMETRIC_REPRESENTATION_CONTEXT() REPRESENTATION_CONTEXT('2D SPACE',''
  ) );
#530 = PCURVE('',#531,#536);
#531 = CYLINDRICAL_SURFACE('',#532,20.);
#532 = AXIS2_PLACEMENT_3D('',#533,#534,#535);
#533 = CARTESIAN_POINT('',(0.,0.,10.));
#534 = DIRECTION('',(-0.,-0.,-1.));
#535 = DIRECTION('',(1.,0.,0.));
#536 = DEFINITIONAL_REPRESENTATION('',(#537),#541);
#537 = LINE('',#538,#539);
#538 = CARTESIAN_POINT('',(-0.,0.));
#539 = VECTOR('',#540,1.);
#540 = DIRECTION('',(-1.,0.));
#541 = ( GEOMETRIC_REPRESENTATION_CONTEXT(2) 
PARAMETRIC_REPRESENTATION_CONTEXT() REPRESENTATION_CONTEXT('2D SPACE',''
  ) );
#542 = FACE_BOUND('',#543,.T.);
#543 = EDGE_LOOP('',(#544));
#544 = ORIENTED_EDGE('',*,*,#545,.T.);
#545 = EDGE_CURVE('',#546,#546,#548,.T.);
#546 = VERTEX_POINT('',#547);
#547 = CARTESIAN_POINT('',(26.7,-8.082668874373E-16,10.));
#548 = SURFACE_CURVE('',#549,(#554,#565),.PCURVE_S1.);
#549 = CIRCLE('',#550,3.3);
#550 = AXIS2_PLACEMENT_3D('',#551,#552,#553);
#551 = CARTESIAN_POINT('',(30.,0.,10.));
#552 = DIRECTION('',(0.,0.,-1.));
#553 = DIRECTION('',(-1.,0.,0.));
#554 = PCURVE('',#66,#555);
#555 = DEFINITIONAL_REPRESENTATION('',(#556),#564);
#556 = ( BOUNDED_CURVE() B_SPLINE_CURVE(2,(#557,#558,#559,#560,#561,#562
,#563),.UNSPECIFIED.,.T.,.F.) B_SPLINE_CURVE_WITH_KNOTS((1,2,2,2,2,1),(
    -2.094395102393,0.,2.094395102393,4.188790204786,6.28318530718,
8.377580409573),.UNSPECIFIED.) CURVE() GEOMETRIC_REPRESENTATION_ITEM() 
RATIONAL_B_SPLINE_CURVE((1.,0.5,1.,0.5,1.,0.5,1.)) REPRESENTATION_ITEM(
  '') );
#557 = CARTESIAN_POINT('',(26.7,-5.550418131999E-16));
#558 = CARTESIAN_POINT('',(26.7,5.715767664977));
#559 = CARTESIAN_POINT('',(31.65,2.857883832489));
#560 = CARTESIAN_POINT('',(36.6,2.532250742373E-16));
#561 = CARTESIAN_POINT('',(31.65,-2.857883832489));
#562 = CARTESIAN_POINT('',(26.7,-5.715767664977));
#563 = CARTESIAN_POINT('',(26.7,-5.550418131999E-16));
#564 = ( GEOMETRIC_REPRESENTATION_CONTEXT(2) 
PARAMETRIC_REPRESENTATION_CONTEXT() REPRESENTATION_CONTEXT('2D SPACE',''
  ) );
#565 = PCURVE('',#401,#566);
#566 = DEFINITIONAL_REPRESENTATION('',(#567),#571);
#567 = LINE('',#568,#569);
#568 = CARTESIAN_POINT('',(0.,35.));
#569 = VECTOR('',#570,1.);
#570 = DIRECTION('',(1.,0.));
#571 = ( GEOMETRIC_REPRESENTATION_CONTEXT(2) 
PARAMETRIC_REPRESENTATION_CONTEXT() REPRESENTATION_CONTEXT('2D SPACE',''
  ) );
#572 = FACE_BOUND('',#573,.T.);
#573 = EDGE_LOOP('',(#574));
#574 = ORIENTED_EDGE('',*,*,#575,.T.);
#575 = EDGE_CURVE('',#576,#576,#578,.T.);
#576 = VERTEX_POINT('',#577);
#577 = CARTESIAN_POINT('',(-3.3,30.,10.));
#578 = SURFACE_CURVE('',#579,(#584,#595),.PCURVE_S1.);
#579 = CIRCLE('',#580,3.3);
#580 = AXIS2_PLACEMENT_3D('',#581,#582,#583);
#581 = CARTESIAN_POINT('',(1.836970198721E-15,30.,10.));
#582 = DIRECTION('',(0.,0.,-1.));
#583 = DIRECTION('',(-1.,0.,0.));
#584 = PCURVE('',#66,#585);
#585 = DEFINITIONAL_REPRESENTATION('',(#586),#594);
#586 = ( BOUNDED_CURVE() B_SPLINE_CURVE(2,(#587,#588,#589,#590,#591,#592
,#593),.UNSPECIFIED.,.T.,.F.) B_SPLINE_CURVE_WITH_KNOTS((1,2,2,2,2,1),(
    -2.094395102393,0.,2.094395102393,4.188790204786,6.28318530718,
8.377580409573),.UNSPECIFIED.) CURVE() GEOMETRIC_REPRESENTATION_ITEM() 
RATIONAL_B_SPLINE_CURVE((1.,0.5,1.,0.5,1.,0.5,1.)) REPRESENTATION_ITEM(
  '') );
#587 = CARTESIAN_POINT('',(-3.3,30.));
#588 = CARTESIAN_POINT('',(-3.3,35.715767664977));
#589 = CARTESIAN_POINT('',(1.65,32.857883832489));
#590 = CARTESIAN_POINT('',(6.6,30.));
#591 = CARTESIAN_POINT('',(1.65,27.142116167511));
#592 = CARTESIAN_POINT('',(-3.3,24.284232335023));
#593 = CARTESIAN_POINT('',(-3.3,30.));
#594 = ( GEOMETRIC_REPRESENTATION_CONTEXT(2) 
PARAMETRIC_REPRESENTATION_CONTEXT() REPRESENTATION_CONTEXT('2D SPACE',''
  ) );
#595 = PCURVE('',#436,#596);
#596 = DEFINITIONAL_REPRESENTATION('',(#597),#601);
#597 = LINE('',#598,#599);
#598 = CARTESIAN_POINT('',(0.,35.));
#599 = VECTOR('',#600,1.);
#600 = DIRECTION('',(1.,0.));
#601 = ( GEOMETRIC_REPRESENTATION_CONTEXT(2) 
PARAMETRIC_REPRESENTATION_CONTEXT() REPRESENTATION_CONTEXT('2D SPACE',''
  ) );
#602 = ADVANCED_FACE('',(#603),#133,.F.);
#603 = FACE_BOUND('',#604,.F.);
#604 = EDGE_LOOP('',(#605,#606,#627,#628));
#605 = ORIENTED_EDGE('',*,*,#112,.F.);
#606 = ORIENTED_EDGE('',*,*,#607,.F.);
#607 = EDGE_CURVE('',#455,#113,#608,.T.);
#608 = SEAM_CURVE('',#609,(#613,#620),.PCURVE_S1.);
#609 = LINE('',#610,#611);
#610 = CARTESIAN_POINT('',(-3.3,-30.,45.));
#611 = VECTOR('',#612,1.);
#612 = DIRECTION('',(0.,0.,-1.));
#613 = PCURVE('',#133,#614);
#614 = DEFINITIONAL_REPRESENTATION('',(#615),#619);
#615 = LINE('',#616,#617);
#616 = CARTESIAN_POINT('',(6.28318530718,-0.));
#617 = VECTOR('',#618,1.);
#618 = DIRECTION('',(0.,1.));
#619 = ( GEOMETRIC_REPRESENTATION_CONTEXT(2) 
PARAMETRIC_REPRESENTATION_CONTEXT() REPRESENTATION_CONTEXT('2D SPACE',''
  ) );
#620 = PCURVE('',#133,#621);
#621 = DEFINITIONAL_REPRESENTATION('',(#622),#626);
#622 = LINE('',#623,#624);
#623 = CARTESIAN_POINT('',(0.,-0.));
#624 = VECTOR('',#625,1.);
#625 = DIRECTION('',(0.,1.));
#626 = ( GEOMETRIC_REPRESENTATION_CONTEXT(2) 
PARAMETRIC_REPRESENTATION_CONTEXT() REPRESENTATION_CONTEXT('2D SPACE',''
  ) );
#627 = ORIENTED_EDGE('',*,*,#454,.T.);
#628 = ORIENTED_EDGE('',*,*,#607,.T.);
#629 = ADVANCED_FACE('',(#630),#168,.F.);
#630 = FACE_BOUND('',#631,.F.);
#631 = EDGE_LOOP('',(#632,#633,#654,#655));
#632 = ORIENTED_EDGE('',*,*,#147,.F.);
#633 = ORIENTED_EDGE('',*,*,#634,.F.);
#634 = EDGE_CURVE('',#485,#148,#635,.T.);
#635 = SEAM_CURVE('',#636,(#640,#647),.PCURVE_S1.);
#636 = LINE('',#637,#638);
#637 = CARTESIAN_POINT('',(-33.3,2.865673510005E-15,45.));
#638 = VECTOR('',#639,1.);
#639 = DIRECTION('',(0.,0.,-1.));
#640 = PCURVE('',#168,#641);
#641 = DEFINITIONAL_REPRESENTATION('',(#642),#646);
#642 = LINE('',#643,#644);
#643 = CARTESIAN_POINT('',(6.28318530718,-0.));
#644 = VECTOR('',#645,1.);
#645 = DIRECTION('',(0.,1.));
#646 = ( GEOMETRIC_REPRESENTATION_CONTEXT(2) 
PARAMETRIC_REPRESENTATION_CONTEXT() REPRESENTATION_CONTEXT('2D SPACE',''
  ) );
#647 = PCURVE('',#168,#648);
#648 = DEFINITIONAL_REPRESENTATION('',(#649),#653);
#649 = LINE('',#650,#651);
#650 = CARTESIAN_POINT('',(0.,-0.));
#651 = VECTOR('',#652,1.);
#652 = DIRECTION('',(0.,1.));
#653 = ( GEOMETRIC_REPRESENTATION_CONTEXT(2) 
PARAMETRIC_REPRESENTATION_CONTEXT() REPRESENTATION_CONTEXT('2D SPACE',''
  ) );
#654 = ORIENTED_EDGE('',*,*,#484,.T.);
#655 = ORIENTED_EDGE('',*,*,#634,.T.);
#656 = ADVANCED_FACE('',(#657),#205,.F.);
#657 = FACE_BOUND('',#658,.T.);
#658 = EDGE_LOOP('',(#659,#694,#717,#772,#798,#848,#869,#870));
#659 = ORIENTED_EDGE('',*,*,#660,.F.);
#660 = EDGE_CURVE('',#661,#663,#665,.T.);
#661 = VERTEX_POINT('',#662);
#662 = CARTESIAN_POINT('',(10.,0.,44.));
#663 = VERTEX_POINT('',#664);
#664 = CARTESIAN_POINT('',(0.,10.,44.));
#665 = SURFACE_CURVE('',#666,(#671,#678),.PCURVE_S1.);
#666 = CIRCLE('',#667,10.);
#667 = AXIS2_PLACEMENT_3D('',#668,#669,#670);
#668 = CARTESIAN_POINT('',(0.,0.,44.));
#669 = DIRECTION('',(0.,0.,-1.));
#670 = DIRECTION('',(1.,0.,0.));
#671 = PCURVE('',#205,#672);
#672 = DEFINITIONAL_REPRESENTATION('',(#673),#677);
#673 = LINE('',#674,#675);
#674 = CARTESIAN_POINT('',(-6.28318530718,-45.));
#675 = VECTOR('',#676,1.);
#676 = DIRECTION('',(1.,-0.));
#677 = ( GEOMETRIC_REPRESENTATION_CONTEXT(2) 
PARAMETRIC_REPRESENTATION_CONTEXT() REPRESENTATION_CONTEXT('2D SPACE',''
  ) );
#678 = PCURVE('',#679,#684);
#679 = PLANE('',#680);
#680 = AXIS2_PLACEMENT_3D('',#681,#682,#683);
#681 = CARTESIAN_POINT('',(0.,0.,44.));
#682 = DIRECTION('',(0.,0.,1.));
#683 = DIRECTION('',(1.,0.,0.));
#684 = DEFINITIONAL_REPRESENTATION('',(#685),#693);
#685 = ( BOUNDED_CURVE() B_SPLINE_CURVE(2,(#686,#687,#688,#689,#690,#691
,#692),.UNSPECIFIED.,.T.,.F.) B_SPLINE_CURVE_WITH_KNOTS((1,2,2,2,2,1),(
    -2.094395102393,0.,2.094395102393,4.188790204786,6.28318530718,
8.377580409573),.UNSPECIFIED.) CURVE() GEOMETRIC_REPRESENTATION_ITEM() 
RATIONAL_B_SPLINE_CURVE((1.,0.5,1.,0.5,1.,0.5,1.)) REPRESENTATION_ITEM(
  '') );
#686 = CARTESIAN_POINT('',(10.,0.));
#687 = CARTESIAN_POINT('',(10.,-17.32050807568));
#688 = CARTESIAN_POINT('',(-5.,-8.660254037844));
#689 = CARTESIAN_POINT('',(-20.,-2.449293598295E-15));
#690 = CARTESIAN_POINT('',(-5.,8.660254037844));
#691 = CARTESIAN_POINT('',(10.,17.320508075689));
#692 = CARTESIAN_POINT('',(10.,0.));
#693 = ( GEOMETRIC_REPRESENTATION_CONTEXT(2) 
PARAMETRIC_REPRESENTATION_CONTEXT() REPRESENTATION_CONTEXT('2D SPACE',''
  ) );
#694 = ORIENTED_EDGE('',*,*,#695,.F.);
#695 = EDGE_CURVE('',#696,#661,#698,.T.);
#696 = VERTEX_POINT('',#697);
#697 = CARTESIAN_POINT('',(10.,0.,29.6));
#698 = SURFACE_CURVE('',#699,(#703,#710),.PCURVE_S1.);
#699 = LINE('',#700,#701);
#700 = CARTESIAN_POINT('',(10.,0.,-1.));
#701 = VECTOR('',#702,1.);
#702 = DIRECTION('',(0.,0.,1.));
#703 = PCURVE('',#205,#704);
#704 = DEFINITIONAL_REPRESENTATION('',(#705),#709);
#705 = LINE('',#706,#707);
#706 = CARTESIAN_POINT('',(-6.28318530718,0.));
#707 = VECTOR('',#708,1.);
#708 = DIRECTION('',(-0.,-1.));
#709 = ( GEOMETRIC_REPRESENTATION_CONTEXT(2) 
PARAMETRIC_REPRESENTATION_CONTEXT() REPRESENTATION_CONTEXT('2D SPACE',''
  ) );
#710 = PCURVE('',#236,#711);
#711 = DEFINITIONAL_REPRESENTATION('',(#712),#716);
#712 = LINE('',#713,#714);
#713 = CARTESIAN_POINT('',(-0.,0.));
#714 = VECTOR('',#715,1.);
#715 = DIRECTION('',(-0.,-1.));
#716 = ( GEOMETRIC_REPRESENTATION_CONTEXT(2) 
PARAMETRIC_REPRESENTATION_CONTEXT() REPRESENTATION_CONTEXT('2D SPACE',''
  ) );
#717 = ORIENTED_EDGE('',*,*,#718,.F.);
#718 = EDGE_CURVE('',#719,#696,#721,.T.);
#719 = VERTEX_POINT('',#720);
#720 = CARTESIAN_POINT('',(9.9,-1.410673597967,29.05563491861));
#721 = SURFACE_CURVE('',#722,(#735,#751),.PCURVE_S1.);
#722 = B_SPLINE_CURVE_WITH_KNOTS('',6,(#723,#724,#725,#726,#727,#728,
    #729,#730,#731,#732,#733,#734),.UNSPECIFIED.,.F.,.F.,(7,5,7),(0.,
    0.447110640398,1.),.UNSPECIFIED.);
#723 = CARTESIAN_POINT('',(9.8999994,-1.410677808715,29.055631100229));
#724 = CARTESIAN_POINT('',(9.911014909568,-1.333372035959,
    29.125733541672));
#725 = CARTESIAN_POINT('',(9.922089749936,-1.250462249626,
    29.192517179958));
#726 = CARTESIAN_POINT('',(9.93302388712,-1.161971833963,29.255379607039
    ));
#727 = CARTESIAN_POINT('',(9.943586561043,-1.067984799634,29.31368811158
    ));
#728 = CARTESIAN_POINT('',(9.953527753554,-0.96864913428,29.366777327238
    ));
#729 = CARTESIAN_POINT('',(9.973795450381,-0.7349956003,29.472275943094)
  );
#730 = CARTESIAN_POINT('',(9.983698647688,-0.597478441057,
    29.521770893392));
#731 = CARTESIAN_POINT('',(9.99168345633,-0.453206758649,29.560399022512
    ));
#732 = CARTESIAN_POINT('',(9.997216205584,-0.304108043657,
    29.586743426453));
#733 = CARTESIAN_POINT('',(10.,-0.152311797763,29.6));
#734 = CARTESIAN_POINT('',(10.,-8.881784197001E-16,29.6));
#735 = PCURVE('',#205,#736);
#736 = DEFINITIONAL_REPRESENTATION('',(#737),#750);
#737 = B_SPLINE_CURVE_WITH_KNOTS('',6,(#738,#739,#740,#741,#742,#743,
    #744,#745,#746,#747,#748,#749),.UNSPECIFIED.,.F.,.F.,(7,5,7),(0.,
    0.447110640398,1.),.UNSPECIFIED.);
#738 = CARTESIAN_POINT('',(-6.141645408527,-30.05563110022));
#739 = CARTESIAN_POINT('',(-6.149454072915,-30.12573354167));
#740 = CARTESIAN_POINT('',(-6.157818374021,-30.19251717995));
#741 = CARTESIAN_POINT('',(-6.166734020866,-30.25537960703));
#742 = CARTESIAN_POINT('',(-6.176190926931,-30.31368811158));
#743 = CARTESIAN_POINT('',(-6.186173239016,-30.36677732723));
#744 = CARTESIAN_POINT('',(-6.209626331238,-30.47227594309));
#745 = CARTESIAN_POINT('',(-6.223412188038,-30.52177089339));
#746 = CARTESIAN_POINT('',(-6.237858288913,-30.56039902251));
#747 = CARTESIAN_POINT('',(-6.252774498716,-30.58674342645));
#748 = CARTESIAN_POINT('',(-6.267954127403,-30.6));
#749 = CARTESIAN_POINT('',(-6.28318530718,-30.6));
#750 = ( GEOMETRIC_REPRESENTATION_CONTEXT(2) 
PARAMETRIC_REPRESENTATION_CONTEXT() REPRESENTATION_CONTEXT('2D SPACE',''
  ) );
#751 = PCURVE('',#752,#757);
#752 = CYLINDRICAL_SURFACE('',#753,2.1);
#753 = AXIS2_PLACEMENT_3D('',#754,#755,#756);
#754 = CARTESIAN_POINT('',(20.1,0.,27.5));
#755 = DIRECTION('',(-1.,0.,0.));
#756 = DIRECTION('',(0.,0.,-1.));
#757 = DEFINITIONAL_REPRESENTATION('',(#758),#771);
#758 = B_SPLINE_CURVE_WITH_KNOTS('',6,(#759,#760,#761,#762,#763,#764,
    #765,#766,#767,#768,#769,#770),.UNSPECIFIED.,.F.,.F.,(7,5,7),(0.,
    0.447110640398,1.),.UNSPECIFIED.);
#759 = CARTESIAN_POINT('',(2.405022202029,10.2000006));
#760 = CARTESIAN_POINT('',(2.45471635686,10.188985090432));
#761 = CARTESIAN_POINT('',(2.505325584251,10.177910250064));
#762 = CARTESIAN_POINT('',(2.556870402742,10.16697611288));
#763 = CARTESIAN_POINT('',(2.609379359911,10.156413438957));
#764 = CARTESIAN_POINT('',(2.662894635633,10.146472246446));
#765 = CARTESIAN_POINT('',(2.784974060255,10.126204549619));
#766 = CARTESIAN_POINT('',(2.854355676161,10.116301352312));
#767 = CARTESIAN_POINT('',(2.925092998042,10.10831654367));
#768 = CARTESIAN_POINT('',(2.996779328675,10.102783794416));
#769 = CARTESIAN_POINT('',(3.069063226084,10.1));
#770 = CARTESIAN_POINT('',(3.14159265359,10.1));
#771 = ( GEOMETRIC_REPRESENTATION_CONTEXT(2) 
PARAMETRIC_REPRESENTATION_CONTEXT() REPRESENTATION_CONTEXT('2D SPACE',''
  ) );
#772 = ORIENTED_EDGE('',*,*,#773,.T.);
#773 = EDGE_CURVE('',#719,#774,#776,.T.);
#774 = VERTEX_POINT('',#775);
#775 = CARTESIAN_POINT('',(9.9,-1.410673597967,25.94436508139));
#776 = SURFACE_CURVE('',#777,(#781,#787),.PCURVE_S1.);
#777 = LINE('',#778,#779);
#778 = CARTESIAN_POINT('',(9.9,-1.410673597967,-1.));
#779 = VECTOR('',#780,1.);
#780 = DIRECTION('',(-0.,-0.,-1.));
#781 = PCURVE('',#205,#782);
#782 = DEFINITIONAL_REPRESENTATION('',(#783),#786);
#783 = B_SPLINE_CURVE_WITH_KNOTS('',1,(#784,#785),.UNSPECIFIED.,.F.,.F.,
  (2,2),(-31.02,-25.98),.PIECEWISE_BEZIER_KNOTS.);
#784 = CARTESIAN_POINT('',(-6.141645833855,-31.02));
#785 = CARTESIAN_POINT('',(-6.141645833855,-25.98));
#786 = ( GEOMETRIC_REPRESENTATION_CONTEXT(2) 
PARAMETRIC_REPRESENTATION_CONTEXT() REPRESENTATION_CONTEXT('2D SPACE',''
  ) );
#787 = PCURVE('',#788,#793);
#788 = PLANE('',#789);
#789 = AXIS2_PLACEMENT_3D('',#790,#791,#792);
#790 = CARTESIAN_POINT('',(9.9,0.,27.5));
#791 = DIRECTION('',(-1.,0.,0.));
#792 = DIRECTION('',(0.,0.,-1.));
#793 = DEFINITIONAL_REPRESENTATION('',(#794),#797);
#794 = B_SPLINE_CURVE_WITH_KNOTS('',1,(#795,#796),.UNSPECIFIED.,.F.,.F.,
  (2,2),(-31.02,-25.98),.PIECEWISE_BEZIER_KNOTS.);
#795 = CARTESIAN_POINT('',(-2.52,1.410673597967));
#796 = CARTESIAN_POINT('',(2.52,1.410673597967));
#797 = ( GEOMETRIC_REPRESENTATION_CONTEXT(2) 
PARAMETRIC_REPRESENTATION_CONTEXT() REPRESENTATION_CONTEXT('2D SPACE',''
  ) );
#798 = ORIENTED_EDGE('',*,*,#799,.F.);
#799 = EDGE_CURVE('',#800,#774,#802,.T.);
#800 = VERTEX_POINT('',#801);
#801 = CARTESIAN_POINT('',(10.,2.571758278209E-16,25.4));
#802 = SURFACE_CURVE('',#803,(#816,#832),.PCURVE_S1.);
#803 = B_SPLINE_CURVE_WITH_KNOTS('',6,(#804,#805,#806,#807,#808,#809,
    #810,#811,#812,#813,#814,#815),.UNSPECIFIED.,.F.,.F.,(7,5,7),(0.,
    0.552945980025,1.),.UNSPECIFIED.);
#804 = CARTESIAN_POINT('',(10.,-8.881784197001E-16,25.4));
#805 = CARTESIAN_POINT('',(10.,-0.152343143928,25.4));
#806 = CARTESIAN_POINT('',(9.997215066995,-0.304135059129,
    25.413262036358));
#807 = CARTESIAN_POINT('',(9.991682459566,-0.453211462011,
    25.439605660344));
#808 = CARTESIAN_POINT('',(9.983699443613,-0.597461081254,
    25.478225772142));
#809 = CARTESIAN_POINT('',(9.973797446945,-0.734972583168,
    25.527713664273));
#810 = CARTESIAN_POINT('',(9.953528214709,-0.968643817919,
    25.633220272333));
#811 = CARTESIAN_POINT('',(9.943586994988,-1.0679814314,25.686309556302)
  );
#812 = CARTESIAN_POINT('',(9.933023808431,-1.161973275149,
    25.744620587695));
#813 = CARTESIAN_POINT('',(9.922089073402,-1.250467673583,
    25.807486501669));
#814 = CARTESIAN_POINT('',(9.911014104239,-1.333377687677,25.87427158342
    ));
#815 = CARTESIAN_POINT('',(9.8999994,-1.410677808715,25.944368899771));
#816 = PCURVE('',#205,#817);
#817 = DEFINITIONAL_REPRESENTATION('',(#818),#831);
#818 = B_SPLINE_CURVE_WITH_KNOTS('',6,(#819,#820,#821,#822,#823,#824,
    #825,#826,#827,#828,#829,#830),.UNSPECIFIED.,.F.,.F.,(7,5,7),(0.,
    0.552945980025,1.),.UNSPECIFIED.);
#819 = CARTESIAN_POINT('',(-6.28318530718,-26.4));
#820 = CARTESIAN_POINT('',(-6.267950992787,-26.4));
#821 = CARTESIAN_POINT('',(-6.25277179681,-26.41326203635));
#822 = CARTESIAN_POINT('',(-6.237857815217,-26.43960566034));
#823 = CARTESIAN_POINT('',(-6.223413923759,-26.47822577214));
#824 = CARTESIAN_POINT('',(-6.209628641594,-26.52771366427));
#825 = CARTESIAN_POINT('',(-6.186173772649,-26.63322027233));
#826 = CARTESIAN_POINT('',(-6.176191266161,-26.6863095563));
#827 = CARTESIAN_POINT('',(-6.166733876836,-26.74462058769));
#828 = CARTESIAN_POINT('',(-6.157817827852,-26.80748650166));
#829 = CARTESIAN_POINT('',(-6.149453502034,-26.87427158342));
#830 = CARTESIAN_POINT('',(-6.141645408527,-26.94436889977));
#831 = ( GEOMETRIC_REPRESENTATION_CONTEXT(2) 
PARAMETRIC_REPRESENTATION_CONTEXT() REPRESENTATION_CONTEXT('2D SPACE',''
  ) );
#832 = PCURVE('',#752,#833);
#833 = DEFINITIONAL_REPRESENTATION('',(#834),#847);
#834 = B_SPLINE_CURVE_WITH_KNOTS('',6,(#835,#836,#837,#838,#839,#840,
    #841,#842,#843,#844,#845,#846),.UNSPECIFIED.,.F.,.F.,(7,5,7),(0.,
    0.552945980025,1.),.UNSPECIFIED.);
#835 = CARTESIAN_POINT('',(0.,10.1));
#836 = CARTESIAN_POINT('',(7.254435425119E-02,10.1));
#837 = CARTESIAN_POINT('',(0.144826186373,10.102784933005));
#838 = CARTESIAN_POINT('',(0.216502326006,10.108317540434));
#839 = CARTESIAN_POINT('',(0.287228785349,10.116300556387));
#840 = CARTESIAN_POINT('',(0.356606567332,10.126202553055));
#841 = CARTESIAN_POINT('',(0.478695240261,10.146471785291));
#842 = CARTESIAN_POINT('',(0.532211366094,10.156413005012));
#843 = CARTESIAN_POINT('',(0.584722875381,10.166976191569));
#844 = CARTESIAN_POINT('',(0.636270171786,10.177910926598));
#845 = CARTESIAN_POINT('',(0.6868799298,10.188985895761));
#846 = CARTESIAN_POINT('',(0.736570451561,10.2000006));
#847 = ( GEOMETRIC_REPRESENTATION_CONTEXT(2) 
PARAMETRIC_REPRESENTATION_CONTEXT() REPRESENTATION_CONTEXT('2D SPACE',''
  ) );
#848 = ORIENTED_EDGE('',*,*,#849,.F.);
#849 = EDGE_CURVE('',#183,#800,#850,.T.);
#850 = SURFACE_CURVE('',#851,(#855,#862),.PCURVE_S1.);
#851 = LINE('',#852,#853);
#852 = CARTESIAN_POINT('',(10.,0.,-1.));
#853 = VECTOR('',#854,1.);
#854 = DIRECTION('',(0.,0.,1.));
#855 = PCURVE('',#205,#856);
#856 = DEFINITIONAL_REPRESENTATION('',(#857),#861);
#857 = LINE('',#858,#859);
#858 = CARTESIAN_POINT('',(-6.28318530718,0.));
#859 = VECTOR('',#860,1.);
#860 = DIRECTION('',(-0.,-1.));
#861 = ( GEOMETRIC_REPRESENTATION_CONTEXT(2) 
PARAMETRIC_REPRESENTATION_CONTEXT() REPRESENTATION_CONTEXT('2D SPACE',''
  ) );
#862 = PCURVE('',#236,#863);
#863 = DEFINITIONAL_REPRESENTATION('',(#864),#868);
#864 = LINE('',#865,#866);
#865 = CARTESIAN_POINT('',(-0.,0.));
#866 = VECTOR('',#867,1.);
#867 = DIRECTION('',(-0.,-1.));
#868 = ( GEOMETRIC_REPRESENTATION_CONTEXT(2) 
PARAMETRIC_REPRESENTATION_CONTEXT() REPRESENTATION_CONTEXT('2D SPACE',''
  ) );
#869 = ORIENTED_EDGE('',*,*,#182,.T.);
#870 = ORIENTED_EDGE('',*,*,#871,.F.);
#871 = EDGE_CURVE('',#663,#185,#872,.T.);
#872 = SURFACE_CURVE('',#873,(#877,#883),.PCURVE_S1.);
#873 = LINE('',#874,#875);
#874 = CARTESIAN_POINT('',(0.,10.,-1.));
#875 = VECTOR('',#876,1.);
#876 = DIRECTION('',(-0.,-0.,-1.));
#877 = PCURVE('',#205,#878);
#878 = DEFINITIONAL_REPRESENTATION('',(#879),#882);
#879 = B_SPLINE_CURVE_WITH_KNOTS('',1,(#880,#881),.UNSPECIFIED.,.F.,.F.,
  (2,2),(-46.0000006,-0.9999994),.PIECEWISE_BEZIER_KNOTS.);
#880 = CARTESIAN_POINT('',(-1.570796326795,-46.0000006));
#881 = CARTESIAN_POINT('',(-1.570796326795,-0.9999994));
#882 = ( GEOMETRIC_REPRESENTATION_CONTEXT(2) 
PARAMETRIC_REPRESENTATION_CONTEXT() REPRESENTATION_CONTEXT('2D SPACE',''
  ) );
#883 = PCURVE('',#236,#884);
#884 = DEFINITIONAL_REPRESENTATION('',(#885),#888);
#885 = B_SPLINE_CURVE_WITH_KNOTS('',1,(#886,#887),.UNSPECIFIED.,.F.,.F.,
  (2,2),(-46.0000006,-0.9999994),.PIECEWISE_BEZIER_KNOTS.);
#886 = CARTESIAN_POINT('',(-1.570796326795,-46.0000006));
#887 = CARTESIAN_POINT('',(-1.570796326795,-0.9999994));
#888 = ( GEOMETRIC_REPRESENTATION_CONTEXT(2) 
PARAMETRIC_REPRESENTATION_CONTEXT() REPRESENTATION_CONTEXT('2D SPACE',''
  ) );
#889 = ADVANCED_FACE('',(#890),#236,.F.);
#890 = FACE_BOUND('',#891,.T.);
#891 = EDGE_LOOP('',(#892,#918,#919,#920,#921,#971,#997,#1045));
#892 = ORIENTED_EDGE('',*,*,#893,.F.);
#893 = EDGE_CURVE('',#663,#661,#894,.T.);
#894 = SURFACE_CURVE('',#895,(#900,#907),.PCURVE_S1.);
#895 = CIRCLE('',#896,10.);
#896 = AXIS2_PLACEMENT_3D('',#897,#898,#899);
#897 = CARTESIAN_POINT('',(0.,0.,44.));
#898 = DIRECTION('',(0.,0.,-1.));
#899 = DIRECTION('',(1.,0.,0.));
#900 = PCURVE('',#236,#901);
#901 = DEFINITIONAL_REPRESENTATION('',(#902),#906);
#902 = LINE('',#903,#904);
#903 = CARTESIAN_POINT('',(-6.28318530718,-45.));
#904 = VECTOR('',#905,1.);
#905 = DIRECTION('',(1.,-0.));
#906 = ( GEOMETRIC_REPRESENTATION_CONTEXT(2) 
PARAMETRIC_REPRESENTATION_CONTEXT() REPRESENTATION_CONTEXT('2D SPACE',''
  ) );
#907 = PCURVE('',#679,#908);
#908 = DEFINITIONAL_REPRESENTATION('',(#909),#917);
#909 = ( BOUNDED_CURVE() B_SPLINE_CURVE(2,(#910,#911,#912,#913,#914,#915
,#916),.UNSPECIFIED.,.T.,.F.) B_SPLINE_CURVE_WITH_KNOTS((1,2,2,2,2,1),(
    -2.094395102393,0.,2.094395102393,4.188790204786,6.28318530718,
8.377580409573),.UNSPECIFIED.) CURVE() GEOMETRIC_REPRESENTATION_ITEM() 
RATIONAL_B_SPLINE_CURVE((1.,0.5,1.,0.5,1.,0.5,1.)) REPRESENTATION_ITEM(
  '') );
#910 = CARTESIAN_POINT('',(10.,0.));
#911 = CARTESIAN_POINT('',(10.,-17.32050807568));
#912 = CARTESIAN_POINT('',(-5.,-8.660254037844));
#913 = CARTESIAN_POINT('',(-20.,-2.449293598295E-15));
#914 = CARTESIAN_POINT('',(-5.,8.660254037844));
#915 = CARTESIAN_POINT('',(10.,17.320508075689));
#916 = CARTESIAN_POINT('',(10.,0.));
#917 = ( GEOMETRIC_REPRESENTATION_CONTEXT(2) 
PARAMETRIC_REPRESENTATION_CONTEXT() REPRESENTATION_CONTEXT('2D SPACE',''
  ) );
#918 = ORIENTED_EDGE('',*,*,#871,.T.);
#919 = ORIENTED_EDGE('',*,*,#217,.T.);
#920 = ORIENTED_EDGE('',*,*,#849,.T.);
#921 = ORIENTED_EDGE('',*,*,#922,.F.);
#922 = EDGE_CURVE('',#923,#800,#925,.T.);
#923 = VERTEX_POINT('',#924);
#924 = CARTESIAN_POINT('',(9.9,1.410673597967,25.94436508139));
#925 = SURFACE_CURVE('',#926,(#939,#955),.PCURVE_S1.);
#926 = B_SPLINE_CURVE_WITH_KNOTS('',6,(#927,#928,#929,#930,#931,#932,
    #933,#934,#935,#936,#937,#938),.UNSPECIFIED.,.F.,.F.,(7,5,7),(0.,
    0.447110640398,1.),.UNSPECIFIED.);
#927 = CARTESIAN_POINT('',(9.8999994,1.410677808715,25.944368899771));
#928 = CARTESIAN_POINT('',(9.911014909568,1.333372035959,25.874266458328
    ));
#929 = CARTESIAN_POINT('',(9.922089749936,1.250462249626,25.807482820042
    ));
#930 = CARTESIAN_POINT('',(9.93302388712,1.161971833963,25.744620392961)
  );
#931 = CARTESIAN_POINT('',(9.943586561043,1.067984799634,25.68631188842)
  );
#932 = CARTESIAN_POINT('',(9.953527753554,0.96864913428,25.633222672762)
  );
#933 = CARTESIAN_POINT('',(9.973795450381,0.7349956003,25.527724056906)
  );
#934 = CARTESIAN_POINT('',(9.983698647688,0.597478441058,25.478229106608
    ));
#935 = CARTESIAN_POINT('',(9.99168345633,0.453206758649,25.439600977488)
  );
#936 = CARTESIAN_POINT('',(9.997216205584,0.304108043657,25.413256573547
    ));
#937 = CARTESIAN_POINT('',(10.,0.152311797763,25.4));
#938 = CARTESIAN_POINT('',(10.,2.571758278209E-16,25.4));
#939 = PCURVE('',#236,#940);
#940 = DEFINITIONAL_REPRESENTATION('',(#941),#954);
#941 = B_SPLINE_CURVE_WITH_KNOTS('',6,(#942,#943,#944,#945,#946,#947,
    #948,#949,#950,#951,#952,#953),.UNSPECIFIED.,.F.,.F.,(7,5,7),(0.,
    0.447110640398,1.),.UNSPECIFIED.);
#942 = CARTESIAN_POINT('',(-0.141539898653,-26.94436889977));
#943 = CARTESIAN_POINT('',(-0.133731234265,-26.87426645832));
#944 = CARTESIAN_POINT('',(-0.125366933159,-26.80748282004));
#945 = CARTESIAN_POINT('',(-0.116451286314,-26.74462039296));
#946 = CARTESIAN_POINT('',(-0.106994380248,-26.68631188842));
#947 = CARTESIAN_POINT('',(-9.701206816323E-02,-26.63322267276));
#948 = CARTESIAN_POINT('',(-7.355897594148E-02,-26.5277240569));
#949 = CARTESIAN_POINT('',(-5.977311914123E-02,-26.4782291066));
#950 = CARTESIAN_POINT('',(-4.532701826654E-02,-26.43960097748));
#951 = CARTESIAN_POINT('',(-3.041080846377E-02,-26.41325657354));
#952 = CARTESIAN_POINT('',(-1.523117977627E-02,-26.4));
#953 = CARTESIAN_POINT('',(0.,-26.4));
#954 = ( GEOMETRIC_REPRESENTATION_CONTEXT(2) 
PARAMETRIC_REPRESENTATION_CONTEXT() REPRESENTATION_CONTEXT('2D SPACE',''
  ) );
#955 = PCURVE('',#752,#956);
#956 = DEFINITIONAL_REPRESENTATION('',(#957),#970);
#957 = B_SPLINE_CURVE_WITH_KNOTS('',6,(#958,#959,#960,#961,#962,#963,
    #964,#965,#966,#967,#968,#969),.UNSPECIFIED.,.F.,.F.,(7,5,7),(0.,
    0.447110640398,1.),.UNSPECIFIED.);
#958 = CARTESIAN_POINT('',(5.546614855619,10.2000006));
#959 = CARTESIAN_POINT('',(5.59630901045,10.188985090432));
#960 = CARTESIAN_POINT('',(5.64691823784,10.177910250064));
#961 = CARTESIAN_POINT('',(5.698463056332,10.16697611288));
#962 = CARTESIAN_POINT('',(5.750972013501,10.156413438957));
#963 = CARTESIAN_POINT('',(5.804487289223,10.146472246446));
#964 = CARTESIAN_POINT('',(5.926566713844,10.126204549619));
#965 = CARTESIAN_POINT('',(5.99594832975,10.116301352312));
#966 = CARTESIAN_POINT('',(6.066685651632,10.10831654367));
#967 = CARTESIAN_POINT('',(6.138371982265,10.102783794416));
#968 = CARTESIAN_POINT('',(6.210655879674,10.1));
#969 = CARTESIAN_POINT('',(6.28318530718,10.1));
#970 = ( GEOMETRIC_REPRESENTATION_CONTEXT(2) 
PARAMETRIC_REPRESENTATION_CONTEXT() REPRESENTATION_CONTEXT('2D SPACE',''
  ) );
#971 = ORIENTED_EDGE('',*,*,#972,.F.);
#972 = EDGE_CURVE('',#973,#923,#975,.T.);
#973 = VERTEX_POINT('',#974);
#974 = CARTESIAN_POINT('',(9.9,1.410673597967,29.05563491861));
#975 = SURFACE_CURVE('',#976,(#980,#986),.PCURVE_S1.);
#976 = LINE('',#977,#978);
#977 = CARTESIAN_POINT('',(9.9,1.410673597967,-1.));
#978 = VECTOR('',#979,1.);
#979 = DIRECTION('',(-0.,-0.,-1.));
#980 = PCURVE('',#236,#981);
#981 = DEFINITIONAL_REPRESENTATION('',(#982),#985);
#982 = B_SPLINE_CURVE_WITH_KNOTS('',1,(#983,#984),.UNSPECIFIED.,.F.,.F.,
  (2,2),(-31.02,-25.98),.PIECEWISE_BEZIER_KNOTS.);
#983 = CARTESIAN_POINT('',(-0.141539473324,-31.02));
#984 = CARTESIAN_POINT('',(-0.141539473324,-25.98));
#985 = ( GEOMETRIC_REPRESENTATION_CONTEXT(2) 
PARAMETRIC_REPRESENTATION_CONTEXT() REPRESENTATION_CONTEXT('2D SPACE',''
  ) );
#986 = PCURVE('',#987,#992);
#987 = PLANE('',#988);
#988 = AXIS2_PLACEMENT_3D('',#989,#990,#991);
#989 = CARTESIAN_POINT('',(9.9,0.,27.5));
#990 = DIRECTION('',(-1.,0.,0.));
#991 = DIRECTION('',(0.,0.,-1.));
#992 = DEFINITIONAL_REPRESENTATION('',(#993),#996);
#993 = B_SPLINE_CURVE_WITH_KNOTS('',1,(#994,#995),.UNSPECIFIED.,.F.,.F.,
  (2,2),(-31.02,-25.98),.PIECEWISE_BEZIER_KNOTS.);
#994 = CARTESIAN_POINT('',(-2.52,-1.410673597967));
#995 = CARTESIAN_POINT('',(2.52,-1.410673597967));
#996 = ( GEOMETRIC_REPRESENTATION_CONTEXT(2) 
PARAMETRIC_REPRESENTATION_CONTEXT() REPRESENTATION_CONTEXT('2D SPACE',''
  ) );
#997 = ORIENTED_EDGE('',*,*,#998,.F.);
#998 = EDGE_CURVE('',#696,#973,#999,.T.);
#999 = SURFACE_CURVE('',#1000,(#1013,#1029),.PCURVE_S1.);
#1000 = B_SPLINE_CURVE_WITH_KNOTS('',6,(#1001,#1002,#1003,#1004,#1005,
    #1006,#1007,#1008,#1009,#1010,#1011,#1012),.UNSPECIFIED.,.F.,.F.,(7,
    5,7),(0.,0.552945980174,1.),.UNSPECIFIED.);
#1001 = CARTESIAN_POINT('',(10.,8.039994267747E-16,29.6));
#1002 = CARTESIAN_POINT('',(10.,0.152343143842,29.6));
#1003 = CARTESIAN_POINT('',(9.997215066998,0.304135059152,
    29.586737963656));
#1004 = CARTESIAN_POINT('',(9.991682459562,0.453211462094,
    29.560394339639));
#1005 = CARTESIAN_POINT('',(9.983699443609,0.597461081275,
    29.521774227833));
#1006 = CARTESIAN_POINT('',(9.973797446951,0.73497258309,29.472286335763
    ));
#1007 = CARTESIAN_POINT('',(9.953528214709,0.968643817919,
    29.366779727667));
#1008 = CARTESIAN_POINT('',(9.943586994988,1.0679814314,29.313690443698)
  );
#1009 = CARTESIAN_POINT('',(9.933023808431,1.161973275149,
    29.255379412305));
#1010 = CARTESIAN_POINT('',(9.922089073402,1.250467673583,
    29.192513498331));
#1011 = CARTESIAN_POINT('',(9.911014104239,1.333377687677,29.12572841658
    ));
#1012 = CARTESIAN_POINT('',(9.8999994,1.410677808715,29.055631100229));
#1013 = PCURVE('',#236,#1014);
#1014 = DEFINITIONAL_REPRESENTATION('',(#1015),#1028);
#1015 = B_SPLINE_CURVE_WITH_KNOTS('',6,(#1016,#1017,#1018,#1019,#1020,
    #1021,#1022,#1023,#1024,#1025,#1026,#1027),.UNSPECIFIED.,.F.,.F.,(7,
    5,7),(0.,0.552945980174,1.),.UNSPECIFIED.);
#1016 = CARTESIAN_POINT('',(0.,-30.6));
#1017 = CARTESIAN_POINT('',(-1.523431438421E-02,-30.6));
#1018 = CARTESIAN_POINT('',(-3.041351037195E-02,-30.58673796365));
#1019 = CARTESIAN_POINT('',(-4.532749197042E-02,-30.56039433963));
#1020 = CARTESIAN_POINT('',(-5.977138342287E-02,-30.52177422783));
#1021 = CARTESIAN_POINT('',(-7.355666557735E-02,-30.47228633576));
#1022 = CARTESIAN_POINT('',(-9.701153453075E-02,-30.36677972766));
#1023 = CARTESIAN_POINT('',(-0.106994041018,-30.31369044369));
#1024 = CARTESIAN_POINT('',(-0.116451430343,-30.2553794123));
#1025 = CARTESIAN_POINT('',(-0.125367479328,-30.19251349833));
#1026 = CARTESIAN_POINT('',(-0.133731805145,-30.12572841658));
#1027 = CARTESIAN_POINT('',(-0.141539898653,-30.05563110022));
#1028 = ( GEOMETRIC_REPRESENTATION_CONTEXT(2) 
PARAMETRIC_REPRESENTATION_CONTEXT() REPRESENTATION_CONTEXT('2D SPACE',''
  ) );
#1029 = PCURVE('',#752,#1030);
#1030 = DEFINITIONAL_REPRESENTATION('',(#1031),#1044);
#1031 = B_SPLINE_CURVE_WITH_KNOTS('',6,(#1032,#1033,#1034,#1035,#1036,
    #1037,#1038,#1039,#1040,#1041,#1042,#1043),.UNSPECIFIED.,.F.,.F.,(7,
    5,7),(0.,0.552945980174,1.),.UNSPECIFIED.);
#1032 = CARTESIAN_POINT('',(3.14159265359,10.1));
#1033 = CARTESIAN_POINT('',(3.2141370078,10.1));
#1034 = CARTESIAN_POINT('',(3.286418839973,10.102784933002));
#1035 = CARTESIAN_POINT('',(3.358094979634,10.108317540438));
#1036 = CARTESIAN_POINT('',(3.428821438953,10.116300556391));
#1037 = CARTESIAN_POINT('',(3.498199220881,10.126202553049));
#1038 = CARTESIAN_POINT('',(3.620287893851,10.146471785291));
#1039 = CARTESIAN_POINT('',(3.673804019684,10.156413005012));
#1040 = CARTESIAN_POINT('',(3.726315528971,10.166976191569));
#1041 = CARTESIAN_POINT('',(3.777862825376,10.177910926598));
#1042 = CARTESIAN_POINT('',(3.82847258339,10.188985895761));
#1043 = CARTESIAN_POINT('',(3.878163105151,10.2000006));
#1044 = ( GEOMETRIC_REPRESENTATION_CONTEXT(2) 
PARAMETRIC_REPRESENTATION_CONTEXT() REPRESENTATION_CONTEXT('2D SPACE',''
  ) );
#1045 = ORIENTED_EDGE('',*,*,#695,.T.);
#1046 = ADVANCED_FACE('',(#1047),#265,.T.);
#1047 = FACE_BOUND('',#1048,.T.);
#1048 = EDGE_LOOP('',(#1049,#1072,#1073,#1074));
#1049 = ORIENTED_EDGE('',*,*,#1050,.F.);
#1050 = EDGE_CURVE('',#251,#1051,#1053,.T.);
#1051 = VERTEX_POINT('',#1052);
#1052 = CARTESIAN_POINT('',(3.,10.,44.));
#1053 = SURFACE_CURVE('',#1054,(#1058,#1065),.PCURVE_S1.);
#1054 = LINE('',#1055,#1056);
#1055 = CARTESIAN_POINT('',(3.,10.,-1.));
#1056 = VECTOR('',#1057,1.);
#1057 = DIRECTION('',(0.,0.,1.));
#1058 = PCURVE('',#265,#1059);
#1059 = DEFINITIONAL_REPRESENTATION('',(#1060),#1064);
#1060 = LINE('',#1061,#1062);
#1061 = CARTESIAN_POINT('',(6.,0.));
#1062 = VECTOR('',#1063,1.);
#1063 = DIRECTION('',(0.,-1.));
#1064 = ( GEOMETRIC_REPRESENTATION_CONTEXT(2) 
PARAMETRIC_REPRESENTATION_CONTEXT() REPRESENTATION_CONTEXT('2D SPACE',''
  ) );
#1065 = PCURVE('',#367,#1066);
#1066 = DEFINITIONAL_REPRESENTATION('',(#1067),#1071);
#1067 = LINE('',#1068,#1069);
#1068 = CARTESIAN_POINT('',(0.,0.));
#1069 = VECTOR('',#1070,1.);
#1070 = DIRECTION('',(0.,-1.));
#1071 = ( GEOMETRIC_REPRESENTATION_CONTEXT(2) 
PARAMETRIC_REPRESENTATION_CONTEXT() REPRESENTATION_CONTEXT('2D SPACE',''
  ) );
#1072 = ORIENTED_EDGE('',*,*,#250,.T.);
#1073 = ORIENTED_EDGE('',*,*,#871,.F.);
#1074 = ORIENTED_EDGE('',*,*,#1075,.T.);
#1075 = EDGE_CURVE('',#663,#1051,#1076,.T.);
#1076 = SURFACE_CURVE('',#1077,(#1081,#1087),.PCURVE_S1.);
#1077 = LINE('',#1078,#1079);
#1078 = CARTESIAN_POINT('',(-1.5,10.,44.));
#1079 = VECTOR('',#1080,1.);
#1080 = DIRECTION('',(1.,0.,0.));
#1081 = PCURVE('',#265,#1082);
#1082 = DEFINITIONAL_REPRESENTATION('',(#1083),#1086);
#1083 = B_SPLINE_CURVE_WITH_KNOTS('',1,(#1084,#1085),.UNSPECIFIED.,.F.,
  .F.,(2,2),(1.5,4.5),.PIECEWISE_BEZIER_KNOTS.);
#1084 = CARTESIAN_POINT('',(3.,-45.));
#1085 = CARTESIAN_POINT('',(6.,-45.));
#1086 = ( GEOMETRIC_REPRESENTATION_CONTEXT(2) 
PARAMETRIC_REPRESENTATION_CONTEXT() REPRESENTATION_CONTEXT('2D SPACE',''
  ) );
#1087 = PCURVE('',#679,#1088);
#1088 = DEFINITIONAL_REPRESENTATION('',(#1089),#1092);
#1089 = B_SPLINE_CURVE_WITH_KNOTS('',1,(#1090,#1091),.UNSPECIFIED.,.F.,
  .F.,(2,2),(1.5,4.5),.PIECEWISE_BEZIER_KNOTS.);
#1090 = CARTESIAN_POINT('',(-1.7763568394E-15,10.));
#1091 = CARTESIAN_POINT('',(3.,10.));
#1092 = ( GEOMETRIC_REPRESENTATION_CONTEXT(2) 
PARAMETRIC_REPRESENTATION_CONTEXT() REPRESENTATION_CONTEXT('2D SPACE',''
  ) );
#1093 = ADVANCED_FACE('',(#1094),#367,.T.);
#1094 = FACE_BOUND('',#1095,.T.);
#1095 = EDGE_LOOP('',(#1096,#1119,#1120,#1121,#1142,#1174,#1202));
#1096 = ORIENTED_EDGE('',*,*,#1097,.F.);
#1097 = EDGE_CURVE('',#329,#1098,#1100,.T.);
#1098 = VERTEX_POINT('',#1099);
#1099 = CARTESIAN_POINT('',(3.,13.,45.));
#1100 = SURFACE_CURVE('',#1101,(#1105,#1112),.PCURVE_S1.);
#1101 = LINE('',#1102,#1103);
#1102 = CARTESIAN_POINT('',(3.,13.,-1.));
#1103 = VECTOR('',#1104,1.);
#1104 = DIRECTION('',(0.,0.,1.));
#1105 = PCURVE('',#367,#1106);
#1106 = DEFINITIONAL_REPRESENTATION('',(#1107),#1111);
#1107 = LINE('',#1108,#1109);
#1108 = CARTESIAN_POINT('',(3.,0.));
#1109 = VECTOR('',#1110,1.);
#1110 = DIRECTION('',(0.,-1.));
#1111 = ( GEOMETRIC_REPRESENTATION_CONTEXT(2) 
PARAMETRIC_REPRESENTATION_CONTEXT() REPRESENTATION_CONTEXT('2D SPACE',''
  ) );
#1112 = PCURVE('',#343,#1113);
#1113 = DEFINITIONAL_REPRESENTATION('',(#1114),#1118);
#1114 = LINE('',#1115,#1116);
#1115 = CARTESIAN_POINT('',(0.,-0.));
#1116 = VECTOR('',#1117,1.);
#1117 = DIRECTION('',(0.,-1.));
#1118 = ( GEOMETRIC_REPRESENTATION_CONTEXT(2) 
PARAMETRIC_REPRESENTATION_CONTEXT() REPRESENTATION_CONTEXT('2D SPACE',''
  ) );
#1119 = ORIENTED_EDGE('',*,*,#354,.T.);
#1120 = ORIENTED_EDGE('',*,*,#1050,.T.);
#1121 = ORIENTED_EDGE('',*,*,#1122,.T.);
#1122 = EDGE_CURVE('',#1051,#1123,#1125,.T.);
#1123 = VERTEX_POINT('',#1124);
#1124 = CARTESIAN_POINT('',(3.,10.583005244258,44.));
#1125 = SURFACE_CURVE('',#1126,(#1130,#1136),.PCURVE_S1.);
#1126 = LINE('',#1127,#1128);
#1127 = CARTESIAN_POINT('',(3.,5.,44.));
#1128 = VECTOR('',#1129,1.);
#1129 = DIRECTION('',(0.,1.,-0.));
#1130 = PCURVE('',#367,#1131);
#1131 = DEFINITIONAL_REPRESENTATION('',(#1132),#1135);
#1132 = B_SPLINE_CURVE_WITH_KNOTS('',1,(#1133,#1134),.UNSPECIFIED.,.F.,
  .F.,(2,2),(5.,6.),.PIECEWISE_BEZIER_KNOTS.);
#1133 = CARTESIAN_POINT('',(0.,-45.));
#1134 = CARTESIAN_POINT('',(1.,-45.));
#1135 = ( GEOMETRIC_REPRESENTATION_CONTEXT(2) 
PARAMETRIC_REPRESENTATION_CONTEXT() REPRESENTATION_CONTEXT('2D SPACE',''
  ) );
#1136 = PCURVE('',#679,#1137);
#1137 = DEFINITIONAL_REPRESENTATION('',(#1138),#1141);
#1138 = B_SPLINE_CURVE_WITH_KNOTS('',1,(#1139,#1140),.UNSPECIFIED.,.F.,
  .F.,(2,2),(5.,6.),.PIECEWISE_BEZIER_KNOTS.);
#1139 = CARTESIAN_POINT('',(3.,10.));
#1140 = CARTESIAN_POINT('',(3.,11.));
#1141 = ( GEOMETRIC_REPRESENTATION_CONTEXT(2) 
PARAMETRIC_REPRESENTATION_CONTEXT() REPRESENTATION_CONTEXT('2D SPACE',''
  ) );
#1142 = ORIENTED_EDGE('',*,*,#1143,.T.);
#1143 = EDGE_CURVE('',#1123,#1144,#1146,.T.);
#1144 = VERTEX_POINT('',#1145);
#1145 = CARTESIAN_POINT('',(3.,10.,44.615662840198));
#1146 = SURFACE_CURVE('',#1147,(#1152,#1159),.PCURVE_S1.);
#1147 = HYPERBOLA('',#1148,3.3,3.);
#1148 = AXIS2_PLACEMENT_3D('',#1149,#1150,#1151);
#1149 = CARTESIAN_POINT('',(3.,0.,56.1));
#1150 = DIRECTION('',(-1.,0.,0.));
#1151 = DIRECTION('',(-0.,0.,-1.));
#1152 = PCURVE('',#367,#1153);
#1153 = DEFINITIONAL_REPRESENTATION('',(#1154),#1158);
#1154 = ( BOUNDED_CURVE() B_SPLINE_CURVE(2,(#1155,#1156,#1157),
.UNSPECIFIED.,.F.,.F.) B_SPLINE_CURVE_WITH_KNOTS((3,3),(-1.97329392209,
-1.889759189513),.PIECEWISE_BEZIER_KNOTS.) CURVE() 
GEOMETRIC_REPRESENTATION_ITEM() RATIONAL_B_SPLINE_CURVE((1.,
1.000872383256,1.)) REPRESENTATION_ITEM('') );
#1155 = CARTESIAN_POINT('',(0.583005244258,-45.));
#1156 = CARTESIAN_POINT('',(0.12383119572,-45.48594413637));
#1157 = CARTESIAN_POINT('',(-0.3,-45.93134296345));
#1158 = ( GEOMETRIC_REPRESENTATION_CONTEXT(2) 
PARAMETRIC_REPRESENTATION_CONTEXT() REPRESENTATION_CONTEXT('2D SPACE',''
  ) );
#1159 = PCURVE('',#1160,#1165);
#1160 = CONICAL_SURFACE('',#1161,11.,0.73781506012);
#1161 = AXIS2_PLACEMENT_3D('',#1162,#1163,#1164);
#1162 = CARTESIAN_POINT('',(0.,0.,44.));
#1163 = DIRECTION('',(-0.,-0.,-1.));
#1164 = DIRECTION('',(1.,0.,0.));
#1165 = DEFINITIONAL_REPRESENTATION('',(#1166),#1173);
#1166 = B_SPLINE_CURVE_WITH_KNOTS('',5,(#1167,#1168,#1169,#1170,#1171,
    #1172),.UNSPECIFIED.,.F.,.F.,(6,6),(-1.97329392209,-1.918896472099),
  .PIECEWISE_BEZIER_KNOTS.);
#1167 = CARTESIAN_POINT('',(-7.577755003211,0.));
#1168 = CARTESIAN_POINT('',(-7.574787869575,-0.126651469677));
#1169 = CARTESIAN_POINT('',(-7.571781914465,-0.251512694452));
#1170 = CARTESIAN_POINT('',(-7.568736515073,-0.374614905121));
#1171 = CARTESIAN_POINT('',(-7.565651037945,-0.495988450204));
#1172 = CARTESIAN_POINT('',(-7.562524839497,-0.615662840196));
#1173 = ( GEOMETRIC_REPRESENTATION_CONTEXT(2) 
PARAMETRIC_REPRESENTATION_CONTEXT() REPRESENTATION_CONTEXT('2D SPACE',''
  ) );
#1174 = ORIENTED_EDGE('',*,*,#1175,.T.);
#1175 = EDGE_CURVE('',#1144,#1176,#1178,.T.);
#1176 = VERTEX_POINT('',#1177);
#1177 = CARTESIAN_POINT('',(3.,10.,45.));
#1178 = SURFACE_CURVE('',#1179,(#1183,#1190),.PCURVE_S1.);
#1179 = LINE('',#1180,#1181);
#1180 = CARTESIAN_POINT('',(3.,10.,-1.));
#1181 = VECTOR('',#1182,1.);
#1182 = DIRECTION('',(0.,0.,1.));
#1183 = PCURVE('',#367,#1184);
#1184 = DEFINITIONAL_REPRESENTATION('',(#1185),#1189);
#1185 = LINE('',#1186,#1187);
#1186 = CARTESIAN_POINT('',(0.,0.));
#1187 = VECTOR('',#1188,1.);
#1188 = DIRECTION('',(0.,-1.));
#1189 = ( GEOMETRIC_REPRESENTATION_CONTEXT(2) 
PARAMETRIC_REPRESENTATION_CONTEXT() REPRESENTATION_CONTEXT('2D SPACE',''
  ) );
#1190 = PCURVE('',#1191,#1196);
#1191 = PLANE('',#1192);
#1192 = AXIS2_PLACEMENT_3D('',#1193,#1194,#1195);
#1193 = CARTESIAN_POINT('',(-3.,10.,-1.));
#1194 = DIRECTION('',(0.,1.,0.));
#1195 = DIRECTION('',(1.,0.,0.));
#1196 = DEFINITIONAL_REPRESENTATION('',(#1197),#1201);
#1197 = LINE('',#1198,#1199);
#1198 = CARTESIAN_POINT('',(6.,0.));
#1199 = VECTOR('',#1200,1.);
#1200 = DIRECTION('',(0.,-1.));
#1201 = ( GEOMETRIC_REPRESENTATION_CONTEXT(2) 
PARAMETRIC_REPRESENTATION_CONTEXT() REPRESENTATION_CONTEXT('2D SPACE',''
  ) );
#1202 = ORIENTED_EDGE('',*,*,#1203,.F.);
#1203 = EDGE_CURVE('',#1098,#1176,#1204,.T.);
#1204 = SURFACE_CURVE('',#1205,(#1209,#1215),.PCURVE_S1.);
#1205 = LINE('',#1206,#1207);
#1206 = CARTESIAN_POINT('',(3.,5.,45.));
#1207 = VECTOR('',#1208,1.);
#1208 = DIRECTION('',(0.,-1.,0.));
#1209 = PCURVE('',#367,#1210);
#1210 = DEFINITIONAL_REPRESENTATION('',(#1211),#1214);
#1211 = B_SPLINE_CURVE_WITH_KNOTS('',1,(#1212,#1213),.UNSPECIFIED.,.F.,
  .F.,(2,2),(-8.,-5.),.PIECEWISE_BEZIER_KNOTS.);
#1212 = CARTESIAN_POINT('',(3.,-46.));
#1213 = CARTESIAN_POINT('',(0.,-46.));
#1214 = ( GEOMETRIC_REPRESENTATION_CONTEXT(2) 
PARAMETRIC_REPRESENTATION_CONTEXT() REPRESENTATION_CONTEXT('2D SPACE',''
  ) );
#1215 = PCURVE('',#1216,#1221);
#1216 = PLANE('',#1217);
#1217 = AXIS2_PLACEMENT_3D('',#1218,#1219,#1220);
#1218 = CARTESIAN_POINT('',(-1.093952106032E-15,2.775209066E-16,45.));
#1219 = DIRECTION('',(0.,0.,1.));
#1220 = DIRECTION('',(1.,0.,-0.));
#1221 = DEFINITIONAL_REPRESENTATION('',(#1222),#1225);
#1222 = B_SPLINE_CURVE_WITH_KNOTS('',1,(#1223,#1224),.UNSPECIFIED.,.F.,
  .F.,(2,2),(-8.,-5.),.PIECEWISE_BEZIER_KNOTS.);
#1223 = CARTESIAN_POINT('',(3.,13.));
#1224 = CARTESIAN_POINT('',(3.,10.));
#1225 = ( GEOMETRIC_REPRESENTATION_CONTEXT(2) 
PARAMETRIC_REPRESENTATION_CONTEXT() REPRESENTATION_CONTEXT('2D SPACE',''
  ) );
#1226 = ADVANCED_FACE('',(#1227),#343,.T.);
#1227 = FACE_BOUND('',#1228,.T.);
#1228 = EDGE_LOOP('',(#1229,#1230,#1231,#1252));
#1229 = ORIENTED_EDGE('',*,*,#328,.T.);
#1230 = ORIENTED_EDGE('',*,*,#1097,.T.);
#1231 = ORIENTED_EDGE('',*,*,#1232,.F.);
#1232 = EDGE_CURVE('',#1233,#1098,#1235,.T.);
#1233 = VERTEX_POINT('',#1234);
#1234 = CARTESIAN_POINT('',(-3.,13.,45.));
#1235 = SURFACE_CURVE('',#1236,(#1240,#1246),.PCURVE_S1.);
#1236 = LINE('',#1237,#1238);
#1237 = CARTESIAN_POINT('',(1.5,13.,45.));
#1238 = VECTOR('',#1239,1.);
#1239 = DIRECTION('',(1.,0.,-0.));
#1240 = PCURVE('',#343,#1241);
#1241 = DEFINITIONAL_REPRESENTATION('',(#1242),#1245);
#1242 = B_SPLINE_CURVE_WITH_KNOTS('',1,(#1243,#1244),.UNSPECIFIED.,.F.,
  .F.,(2,2),(-4.5,1.5),.PIECEWISE_BEZIER_KNOTS.);
#1243 = CARTESIAN_POINT('',(6.,-46.));
#1244 = CARTESIAN_POINT('',(0.,-46.));
#1245 = ( GEOMETRIC_REPRESENTATION_CONTEXT(2) 
PARAMETRIC_REPRESENTATION_CONTEXT() REPRESENTATION_CONTEXT('2D SPACE',''
  ) );
#1246 = PCURVE('',#1216,#1247);
#1247 = DEFINITIONAL_REPRESENTATION('',(#1248),#1251);
#1248 = B_SPLINE_CURVE_WITH_KNOTS('',1,(#1249,#1250),.UNSPECIFIED.,.F.,
  .F.,(2,2),(-4.5,1.5),.PIECEWISE_BEZIER_KNOTS.);
#1249 = CARTESIAN_POINT('',(-3.,13.));
#1250 = CARTESIAN_POINT('',(3.,13.));
#1251 = ( GEOMETRIC_REPRESENTATION_CONTEXT(2) 
PARAMETRIC_REPRESENTATION_CONTEXT() REPRESENTATION_CONTEXT('2D SPACE',''
  ) );
#1252 = ORIENTED_EDGE('',*,*,#1253,.F.);
#1253 = EDGE_CURVE('',#303,#1233,#1254,.T.);
#1254 = SURFACE_CURVE('',#1255,(#1259,#1266),.PCURVE_S1.);
#1255 = LINE('',#1256,#1257);
#1256 = CARTESIAN_POINT('',(-3.,13.,-1.));
#1257 = VECTOR('',#1258,1.);
#1258 = DIRECTION('',(0.,0.,1.));
#1259 = PCURVE('',#343,#1260);
#1260 = DEFINITIONAL_REPRESENTATION('',(#1261),#1265);
#1261 = LINE('',#1262,#1263);
#1262 = CARTESIAN_POINT('',(6.,0.));
#1263 = VECTOR('',#1264,1.);
#1264 = DIRECTION('',(0.,-1.));
#1265 = ( GEOMETRIC_REPRESENTATION_CONTEXT(2) 
PARAMETRIC_REPRESENTATION_CONTEXT() REPRESENTATION_CONTEXT('2D SPACE',''
  ) );
#1266 = PCURVE('',#317,#1267);
#1267 = DEFINITIONAL_REPRESENTATION('',(#1268),#1272);
#1268 = LINE('',#1269,#1270);
#1269 = CARTESIAN_POINT('',(0.,0.));
#1270 = VECTOR('',#1271,1.);
#1271 = DIRECTION('',(0.,-1.));
#1272 = ( GEOMETRIC_REPRESENTATION_CONTEXT(2) 
PARAMETRIC_REPRESENTATION_CONTEXT() REPRESENTATION_CONTEXT('2D SPACE',''
  ) );
#1273 = ADVANCED_FACE('',(#1274),#317,.T.);
#1274 = FACE_BOUND('',#1275,.T.);
#1275 = EDGE_LOOP('',(#1276,#1299,#1300,#1301,#1322,#1350,#1377));
#1276 = ORIENTED_EDGE('',*,*,#1277,.F.);
#1277 = EDGE_CURVE('',#277,#1278,#1280,.T.);
#1278 = VERTEX_POINT('',#1279);
#1279 = CARTESIAN_POINT('',(-3.,10.,44.));
#1280 = SURFACE_CURVE('',#1281,(#1285,#1292),.PCURVE_S1.);
#1281 = LINE('',#1282,#1283);
#1282 = CARTESIAN_POINT('',(-3.,10.,-1.));
#1283 = VECTOR('',#1284,1.);
#1284 = DIRECTION('',(0.,0.,1.));
#1285 = PCURVE('',#317,#1286);
#1286 = DEFINITIONAL_REPRESENTATION('',(#1287),#1291);
#1287 = LINE('',#1288,#1289);
#1288 = CARTESIAN_POINT('',(3.,0.));
#1289 = VECTOR('',#1290,1.);
#1290 = DIRECTION('',(0.,-1.));
#1291 = ( GEOMETRIC_REPRESENTATION_CONTEXT(2) 
PARAMETRIC_REPRESENTATION_CONTEXT() REPRESENTATION_CONTEXT('2D SPACE',''
  ) );
#1292 = PCURVE('',#291,#1293);
#1293 = DEFINITIONAL_REPRESENTATION('',(#1294),#1298);
#1294 = LINE('',#1295,#1296);
#1295 = CARTESIAN_POINT('',(0.,0.));
#1296 = VECTOR('',#1297,1.);
#1297 = DIRECTION('',(0.,-1.));
#1298 = ( GEOMETRIC_REPRESENTATION_CONTEXT(2) 
PARAMETRIC_REPRESENTATION_CONTEXT() REPRESENTATION_CONTEXT('2D SPACE',''
  ) );
#1299 = ORIENTED_EDGE('',*,*,#302,.T.);
#1300 = ORIENTED_EDGE('',*,*,#1253,.T.);
#1301 = ORIENTED_EDGE('',*,*,#1302,.F.);
#1302 = EDGE_CURVE('',#1303,#1233,#1305,.T.);
#1303 = VERTEX_POINT('',#1304);
#1304 = CARTESIAN_POINT('',(-3.,10.,45.));
#1305 = SURFACE_CURVE('',#1306,(#1310,#1316),.PCURVE_S1.);
#1306 = LINE('',#1307,#1308);
#1307 = CARTESIAN_POINT('',(-3.,6.5,45.));
#1308 = VECTOR('',#1309,1.);
#1309 = DIRECTION('',(-0.,1.,0.));
#1310 = PCURVE('',#317,#1311);
#1311 = DEFINITIONAL_REPRESENTATION('',(#1312),#1315);
#1312 = B_SPLINE_CURVE_WITH_KNOTS('',1,(#1313,#1314),.UNSPECIFIED.,.F.,
  .F.,(2,2),(3.5,6.5),.PIECEWISE_BEZIER_KNOTS.);
#1313 = CARTESIAN_POINT('',(3.,-46.));
#1314 = CARTESIAN_POINT('',(0.,-46.));
#1315 = ( GEOMETRIC_REPRESENTATION_CONTEXT(2) 
PARAMETRIC_REPRESENTATION_CONTEXT() REPRESENTATION_CONTEXT('2D SPACE',''
  ) );
#1316 = PCURVE('',#1216,#1317);
#1317 = DEFINITIONAL_REPRESENTATION('',(#1318),#1321);
#1318 = B_SPLINE_CURVE_WITH_KNOTS('',1,(#1319,#1320),.UNSPECIFIED.,.F.,
  .F.,(2,2),(3.5,6.5),.PIECEWISE_BEZIER_KNOTS.);
#1319 = CARTESIAN_POINT('',(-3.,10.));
#1320 = CARTESIAN_POINT('',(-3.,13.));
#1321 = ( GEOMETRIC_REPRESENTATION_CONTEXT(2) 
PARAMETRIC_REPRESENTATION_CONTEXT() REPRESENTATION_CONTEXT('2D SPACE',''
  ) );
#1322 = ORIENTED_EDGE('',*,*,#1323,.F.);
#1323 = EDGE_CURVE('',#1324,#1303,#1326,.T.);
#1324 = VERTEX_POINT('',#1325);
#1325 = CARTESIAN_POINT('',(-3.,10.,44.615662840198));
#1326 = SURFACE_CURVE('',#1327,(#1331,#1338),.PCURVE_S1.);
#1327 = LINE('',#1328,#1329);
#1328 = CARTESIAN_POINT('',(-3.,10.,-1.));
#1329 = VECTOR('',#1330,1.);
#1330 = DIRECTION('',(0.,0.,1.));
#1331 = PCURVE('',#317,#1332);
#1332 = DEFINITIONAL_REPRESENTATION('',(#1333),#1337);
#1333 = LINE('',#1334,#1335);
#1334 = CARTESIAN_POINT('',(3.,0.));
#1335 = VECTOR('',#1336,1.);
#1336 = DIRECTION('',(0.,-1.));
#1337 = ( GEOMETRIC_REPRESENTATION_CONTEXT(2) 
PARAMETRIC_REPRESENTATION_CONTEXT() REPRESENTATION_CONTEXT('2D SPACE',''
  ) );
#1338 = PCURVE('',#1339,#1344);
#1339 = PLANE('',#1340);
#1340 = AXIS2_PLACEMENT_3D('',#1341,#1342,#1343);
#1341 = CARTESIAN_POINT('',(-3.,10.,-1.));
#1342 = DIRECTION('',(0.,1.,0.));
#1343 = DIRECTION('',(1.,0.,0.));
#1344 = DEFINITIONAL_REPRESENTATION('',(#1345),#1349);
#1345 = LINE('',#1346,#1347);
#1346 = CARTESIAN_POINT('',(0.,0.));
#1347 = VECTOR('',#1348,1.);
#1348 = DIRECTION('',(0.,-1.));
#1349 = ( GEOMETRIC_REPRESENTATION_CONTEXT(2) 
PARAMETRIC_REPRESENTATION_CONTEXT() REPRESENTATION_CONTEXT('2D SPACE',''
  ) );
#1350 = ORIENTED_EDGE('',*,*,#1351,.T.);
#1351 = EDGE_CURVE('',#1324,#1352,#1354,.T.);
#1352 = VERTEX_POINT('',#1353);
#1353 = CARTESIAN_POINT('',(-3.,10.583005244258,44.));
#1354 = SURFACE_CURVE('',#1355,(#1360,#1367),.PCURVE_S1.);
#1355 = HYPERBOLA('',#1356,3.3,3.);
#1356 = AXIS2_PLACEMENT_3D('',#1357,#1358,#1359);
#1357 = CARTESIAN_POINT('',(-3.,0.,56.1));
#1358 = DIRECTION('',(1.,0.,0.));
#1359 = DIRECTION('',(0.,-0.,-1.));
#1360 = PCURVE('',#317,#1361);
#1361 = DEFINITIONAL_REPRESENTATION('',(#1362),#1366);
#1362 = ( BOUNDED_CURVE() B_SPLINE_CURVE(2,(#1363,#1364,#1365),
.UNSPECIFIED.,.F.,.F.) B_SPLINE_CURVE_WITH_KNOTS((3,3),(1.889759189513,
1.97329392209),.PIECEWISE_BEZIER_KNOTS.) CURVE() 
GEOMETRIC_REPRESENTATION_ITEM() RATIONAL_B_SPLINE_CURVE((1.,
1.000872383256,1.)) REPRESENTATION_ITEM('') );
#1363 = CARTESIAN_POINT('',(3.3,-45.93134296345));
#1364 = CARTESIAN_POINT('',(2.87616880428,-45.48594413637));
#1365 = CARTESIAN_POINT('',(2.416994755742,-45.));
#1366 = ( GEOMETRIC_REPRESENTATION_CONTEXT(2) 
PARAMETRIC_REPRESENTATION_CONTEXT() REPRESENTATION_CONTEXT('2D SPACE',''
  ) );
#1367 = PCURVE('',#1160,#1368);
#1368 = DEFINITIONAL_REPRESENTATION('',(#1369),#1376);
#1369 = B_SPLINE_CURVE_WITH_KNOTS('',5,(#1370,#1371,#1372,#1373,#1374,
    #1375),.UNSPECIFIED.,.F.,.F.,(6,6),(1.918896472099,1.97329392209),
  .PIECEWISE_BEZIER_KNOTS.);
#1370 = CARTESIAN_POINT('',(-1.862253121273,-0.615662840196));
#1371 = CARTESIAN_POINT('',(-1.859126922825,-0.495988450204));
#1372 = CARTESIAN_POINT('',(-1.856041445697,-0.374614905121));
#1373 = CARTESIAN_POINT('',(-1.852996046304,-0.251512694452));
#1374 = CARTESIAN_POINT('',(-1.849990091194,-0.126651469677));
#1375 = CARTESIAN_POINT('',(-1.847022957558,0.));
#1376 = ( GEOMETRIC_REPRESENTATION_CONTEXT(2) 
PARAMETRIC_REPRESENTATION_CONTEXT() REPRESENTATION_CONTEXT('2D SPACE',''
  ) );
#1377 = ORIENTED_EDGE('',*,*,#1378,.T.);
#1378 = EDGE_CURVE('',#1352,#1278,#1379,.T.);
#1379 = SURFACE_CURVE('',#1380,(#1384,#1390),.PCURVE_S1.);
#1380 = LINE('',#1381,#1382);
#1381 = CARTESIAN_POINT('',(-3.,6.5,44.));
#1382 = VECTOR('',#1383,1.);
#1383 = DIRECTION('',(0.,-1.,0.));
#1384 = PCURVE('',#317,#1385);
#1385 = DEFINITIONAL_REPRESENTATION('',(#1386),#1389);
#1386 = B_SPLINE_CURVE_WITH_KNOTS('',1,(#1387,#1388),.UNSPECIFIED.,.F.,
  .F.,(2,2),(-4.5,-3.5),.PIECEWISE_BEZIER_KNOTS.);
#1387 = CARTESIAN_POINT('',(2.,-45.));
#1388 = CARTESIAN_POINT('',(3.,-45.));
#1389 = ( GEOMETRIC_REPRESENTATION_CONTEXT(2) 
PARAMETRIC_REPRESENTATION_CONTEXT() REPRESENTATION_CONTEXT('2D SPACE',''
  ) );
#1390 = PCURVE('',#679,#1391);
#1391 = DEFINITIONAL_REPRESENTATION('',(#1392),#1395);
#1392 = B_SPLINE_CURVE_WITH_KNOTS('',1,(#1393,#1394),.UNSPECIFIED.,.F.,
  .F.,(2,2),(-4.5,-3.5),.PIECEWISE_BEZIER_KNOTS.);
#1393 = CARTESIAN_POINT('',(-3.,11.));
#1394 = CARTESIAN_POINT('',(-3.,10.));
#1395 = ( GEOMETRIC_REPRESENTATION_CONTEXT(2) 
PARAMETRIC_REPRESENTATION_CONTEXT() REPRESENTATION_CONTEXT('2D SPACE',''
  ) );
#1396 = ADVANCED_FACE('',(#1397),#291,.T.);
#1397 = FACE_BOUND('',#1398,.T.);
#1398 = EDGE_LOOP('',(#1399,#1400,#1401,#1402));
#1399 = ORIENTED_EDGE('',*,*,#871,.T.);
#1400 = ORIENTED_EDGE('',*,*,#276,.T.);
#1401 = ORIENTED_EDGE('',*,*,#1277,.T.);
#1402 = ORIENTED_EDGE('',*,*,#1403,.T.);
#1403 = EDGE_CURVE('',#1278,#663,#1404,.T.);
#1404 = SURFACE_CURVE('',#1405,(#1409,#1415),.PCURVE_S1.);
#1405 = LINE('',#1406,#1407);
#1406 = CARTESIAN_POINT('',(-1.5,10.,44.));
#1407 = VECTOR('',#1408,1.);
#1408 = DIRECTION('',(1.,0.,0.));
#1409 = PCURVE('',#291,#1410);
#1410 = DEFINITIONAL_REPRESENTATION('',(#1411),#1414);
#1411 = B_SPLINE_CURVE_WITH_KNOTS('',1,(#1412,#1413),.UNSPECIFIED.,.F.,
  .F.,(2,2),(-1.5,1.5),.PIECEWISE_BEZIER_KNOTS.);
#1412 = CARTESIAN_POINT('',(0.,-45.));
#1413 = CARTESIAN_POINT('',(3.,-45.));
#1414 = ( GEOMETRIC_REPRESENTATION_CONTEXT(2) 
PARAMETRIC_REPRESENTATION_CONTEXT() REPRESENTATION_CONTEXT('2D SPACE',''
  ) );
#1415 = PCURVE('',#679,#1416);
#1416 = DEFINITIONAL_REPRESENTATION('',(#1417),#1420);
#1417 = B_SPLINE_CURVE_WITH_KNOTS('',1,(#1418,#1419),.UNSPECIFIED.,.F.,
  .F.,(2,2),(-1.5,1.5),.PIECEWISE_BEZIER_KNOTS.);
#1418 = CARTESIAN_POINT('',(-3.,10.));
#1419 = CARTESIAN_POINT('',(0.,10.));
#1420 = ( GEOMETRIC_REPRESENTATION_CONTEXT(2) 
PARAMETRIC_REPRESENTATION_CONTEXT() REPRESENTATION_CONTEXT('2D SPACE',''
  ) );
#1421 = ADVANCED_FACE('',(#1422),#401,.F.);
#1422 = FACE_BOUND('',#1423,.F.);
#1423 = EDGE_LOOP('',(#1424,#1425,#1446,#1447));
#1424 = ORIENTED_EDGE('',*,*,#380,.F.);
#1425 = ORIENTED_EDGE('',*,*,#1426,.F.);
#1426 = EDGE_CURVE('',#546,#381,#1427,.T.);
#1427 = SEAM_CURVE('',#1428,(#1432,#1439),.PCURVE_S1.);
#1428 = LINE('',#1429,#1430);
#1429 = CARTESIAN_POINT('',(26.7,-8.082668874373E-16,45.));
#1430 = VECTOR('',#1431,1.);
#1431 = DIRECTION('',(0.,0.,-1.));
#1432 = PCURVE('',#401,#1433);
#1433 = DEFINITIONAL_REPRESENTATION('',(#1434),#1438);
#1434 = LINE('',#1435,#1436);
#1435 = CARTESIAN_POINT('',(6.28318530718,-0.));
#1436 = VECTOR('',#1437,1.);
#1437 = DIRECTION('',(0.,1.));
#1438 = ( GEOMETRIC_REPRESENTATION_CONTEXT(2) 
PARAMETRIC_REPRESENTATION_CONTEXT() REPRESENTATION_CONTEXT('2D SPACE',''
  ) );
#1439 = PCURVE('',#401,#1440);
#1440 = DEFINITIONAL_REPRESENTATION('',(#1441),#1445);
#1441 = LINE('',#1442,#1443);
#1442 = CARTESIAN_POINT('',(0.,-0.));
#1443 = VECTOR('',#1444,1.);
#1444 = DIRECTION('',(0.,1.));
#1445 = ( GEOMETRIC_REPRESENTATION_CONTEXT(2) 
PARAMETRIC_REPRESENTATION_CONTEXT() REPRESENTATION_CONTEXT('2D SPACE',''
  ) );
#1446 = ORIENTED_EDGE('',*,*,#545,.T.);
#1447 = ORIENTED_EDGE('',*,*,#1426,.T.);
#1448 = ADVANCED_FACE('',(#1449),#436,.F.);
#1449 = FACE_BOUND('',#1450,.F.);
#1450 = EDGE_LOOP('',(#1451,#1452,#1473,#1474));
#1451 = ORIENTED_EDGE('',*,*,#415,.F.);
#1452 = ORIENTED_EDGE('',*,*,#1453,.F.);
#1453 = EDGE_CURVE('',#576,#416,#1454,.T.);
#1454 = SEAM_CURVE('',#1455,(#1459,#1466),.PCURVE_S1.);
#1455 = LINE('',#1456,#1457);
#1456 = CARTESIAN_POINT('',(-3.3,30.,45.));
#1457 = VECTOR('',#1458,1.);
#1458 = DIRECTION('',(0.,0.,-1.));
#1459 = PCURVE('',#436,#1460);
#1460 = DEFINITIONAL_REPRESENTATION('',(#1461),#1465);
#1461 = LINE('',#1462,#1463);
#1462 = CARTESIAN_POINT('',(6.28318530718,-0.));
#1463 = VECTOR('',#1464,1.);
#1464 = DIRECTION('',(0.,1.));
#1465 = ( GEOMETRIC_REPRESENTATION_CONTEXT(2) 
PARAMETRIC_REPRESENTATION_CONTEXT() REPRESENTATION_CONTEXT('2D SPACE',''
  ) );
#1466 = PCURVE('',#436,#1467);
#1467 = DEFINITIONAL_REPRESENTATION('',(#1468),#1472);
#1468 = LINE('',#1469,#1470);
#1469 = CARTESIAN_POINT('',(0.,-0.));
#1470 = VECTOR('',#1471,1.);
#1471 = DIRECTION('',(0.,1.));
#1472 = ( GEOMETRIC_REPRESENTATION_CONTEXT(2) 
PARAMETRIC_REPRESENTATION_CONTEXT() REPRESENTATION_CONTEXT('2D SPACE',''
  ) );
#1473 = ORIENTED_EDGE('',*,*,#575,.T.);
#1474 = ORIENTED_EDGE('',*,*,#1453,.T.);
#1475 = ADVANCED_FACE('',(#1476),#531,.T.);
#1476 = FACE_BOUND('',#1477,.F.);
#1477 = EDGE_LOOP('',(#1478,#1479,#1502,#1594,#1617,#1639,#1640,#1730));
#1478 = ORIENTED_EDGE('',*,*,#514,.F.);
#1479 = ORIENTED_EDGE('',*,*,#1480,.T.);
#1480 = EDGE_CURVE('',#515,#1481,#1483,.T.);
#1481 = VERTEX_POINT('',#1482);
#1482 = CARTESIAN_POINT('',(20.,2.571758278209E-16,25.4));
#1483 = SEAM_CURVE('',#1484,(#1488,#1495),.PCURVE_S1.);
#1484 = LINE('',#1485,#1486);
#1485 = CARTESIAN_POINT('',(20.,0.,10.));
#1486 = VECTOR('',#1487,1.);
#1487 = DIRECTION('',(0.,0.,1.));
#1488 = PCURVE('',#531,#1489);
#1489 = DEFINITIONAL_REPRESENTATION('',(#1490),#1494);
#1490 = LINE('',#1491,#1492);
#1491 = CARTESIAN_POINT('',(-6.28318530718,0.));
#1492 = VECTOR('',#1493,1.);
#1493 = DIRECTION('',(-0.,-1.));
#1494 = ( GEOMETRIC_REPRESENTATION_CONTEXT(2) 
PARAMETRIC_REPRESENTATION_CONTEXT() REPRESENTATION_CONTEXT('2D SPACE',''
  ) );
#1495 = PCURVE('',#531,#1496);
#1496 = DEFINITIONAL_REPRESENTATION('',(#1497),#1501);
#1497 = LINE('',#1498,#1499);
#1498 = CARTESIAN_POINT('',(-0.,0.));
#1499 = VECTOR('',#1500,1.);
#1500 = DIRECTION('',(-0.,-1.));
#1501 = ( GEOMETRIC_REPRESENTATION_CONTEXT(2) 
PARAMETRIC_REPRESENTATION_CONTEXT() REPRESENTATION_CONTEXT('2D SPACE',''
  ) );
#1502 = ORIENTED_EDGE('',*,*,#1503,.F.);
#1503 = EDGE_CURVE('',#1504,#1481,#1506,.T.);
#1504 = VERTEX_POINT('',#1505);
#1505 = CARTESIAN_POINT('',(20.,0.,29.6));
#1506 = SURFACE_CURVE('',#1507,(#1534,#1564),.PCURVE_S1.);
#1507 = B_SPLINE_CURVE_WITH_KNOTS('',7,(#1508,#1509,#1510,#1511,#1512,
    #1513,#1514,#1515,#1516,#1517,#1518,#1519,#1520,#1521,#1522,#1523,
    #1524,#1525,#1526,#1527,#1528,#1529,#1530,#1531,#1532,#1533),
  .UNSPECIFIED.,.F.,.F.,(8,6,6,6,8),(0.,0.245364488454,0.500048619019,
    0.754732749583,1.),.UNSPECIFIED.);
#1508 = CARTESIAN_POINT('',(20.,1.270293097117E-15,29.6));
#1509 = CARTESIAN_POINT('',(20.,0.278886908202,29.6));
#1510 = CARTESIAN_POINT('',(19.995462893909,0.550328053435,
    29.556790480754));
#1511 = CARTESIAN_POINT('',(19.986825227267,0.806514363509,
    29.474521414764));
#1512 = CARTESIAN_POINT('',(19.975259504355,1.040956361677,
    29.358848394393));
#1513 = CARTESIAN_POINT('',(19.962370824079,1.248728105387,
    29.216859327653));
#1514 = CARTESIAN_POINT('',(19.949585911898,1.426937569053,
    29.056963344787));
#1515 = CARTESIAN_POINT('',(19.925708066479,1.729161615584,
    28.714157454407));
#1516 = CARTESIAN_POINT('',(19.914371589646,1.854990022542,
    28.525919941185));
#1517 = CARTESIAN_POINT('',(19.904677933151,1.953929088491,
    28.328541077111));
#1518 = CARTESIAN_POINT('',(19.897132240685,2.027188408406,
    28.125149026538));
#1519 = CARTESIAN_POINT('',(19.892009307416,2.075707482483,
    27.918055838179));
#1520 = CARTESIAN_POINT('',(19.889444436686,2.1,27.709111003951));
#1521 = CARTESIAN_POINT('',(19.889444436686,2.1,27.290888996049));
#1522 = CARTESIAN_POINT('',(19.892009307416,2.075707482483,
    27.081944161822));
#1523 = CARTESIAN_POINT('',(19.897132240685,2.027188408406,
    26.874850973461));
#1524 = CARTESIAN_POINT('',(19.904677933151,1.953929088491,
    26.671458922889));
#1525 = CARTESIAN_POINT('',(19.914371589646,1.854990022542,
    26.474080058815));
#1526 = CARTESIAN_POINT('',(19.925708066479,1.729161615584,
    26.285842545594));
#1527 = CARTESIAN_POINT('',(19.94958126868,1.426996338685,
    25.943103316275));
#1528 = CARTESIAN_POINT('',(19.962367529905,1.248782774941,
    25.783169154493));
#1529 = CARTESIAN_POINT('',(19.975261451268,1.040950384593,
    25.641122507027));
#1530 = CARTESIAN_POINT('',(19.98683118853,0.806424557804,
    25.525421952266));
#1531 = CARTESIAN_POINT('',(19.995467067569,0.550180261226,
    25.443169744115));
#1532 = CARTESIAN_POINT('',(20.,0.278758536598,25.4));
#1533 = CARTESIAN_POINT('',(20.,1.189763168506E-15,25.4));
#1534 = PCURVE('',#531,#1535);
#1535 = DEFINITIONAL_REPRESENTATION('',(#1536),#1563);
#1536 = B_SPLINE_CURVE_WITH_KNOTS('',7,(#1537,#1538,#1539,#1540,#1541,
    #1542,#1543,#1544,#1545,#1546,#1547,#1548,#1549,#1550,#1551,#1552,
    #1553,#1554,#1555,#1556,#1557,#1558,#1559,#1560,#1561,#1562),
  .UNSPECIFIED.,.F.,.F.,(8,6,6,6,8),(0.,0.245364488454,0.500048619019,
    0.754732749583,1.),.UNSPECIFIED.);
#1537 = CARTESIAN_POINT('',(0.,-19.6));
#1538 = CARTESIAN_POINT('',(-1.394434541009E-02,-19.6));
#1539 = CARTESIAN_POINT('',(-2.751640771327E-02,-19.55679048075));
#1540 = CARTESIAN_POINT('',(-4.033012353705E-02,-19.47452141476));
#1541 = CARTESIAN_POINT('',(-5.206453028584E-02,-19.35884839439));
#1542 = CARTESIAN_POINT('',(-6.247229596926E-02,-19.21685932765));
#1543 = CARTESIAN_POINT('',(-7.140543229941E-02,-19.05696334478));
#1544 = CARTESIAN_POINT('',(-8.656372423843E-02,-18.7141574544));
#1545 = CARTESIAN_POINT('',(-9.288024427722E-02,-18.52591994118));
#1546 = CARTESIAN_POINT('',(-9.785075503441E-02,-18.32854107711));
#1547 = CARTESIAN_POINT('',(-0.101533083752,-18.12514902653));
#1548 = CARTESIAN_POINT('',(-0.103972523994,-17.91805583817));
#1549 = CARTESIAN_POINT('',(-0.10519390104,-17.70911100395));
#1550 = CARTESIAN_POINT('',(-0.10519390104,-17.29088899604));
#1551 = CARTESIAN_POINT('',(-0.103972523994,-17.08194416182));
#1552 = CARTESIAN_POINT('',(-0.101533083752,-16.87485097346));
#1553 = CARTESIAN_POINT('',(-9.785075503442E-02,-16.67145892288));
#1554 = CARTESIAN_POINT('',(-9.288024427721E-02,-16.47408005881));
#1555 = CARTESIAN_POINT('',(-8.656372423844E-02,-16.28584254559));
#1556 = CARTESIAN_POINT('',(-7.14083799379E-02,-15.94310331627));
#1557 = CARTESIAN_POINT('',(-6.24750340635E-02,-15.78316915449));
#1558 = CARTESIAN_POINT('',(-5.206422492197E-02,-15.64112250702));
#1559 = CARTESIAN_POINT('',(-4.032562661927E-02,-15.52542195226));
#1560 = CARTESIAN_POINT('',(-2.750901819339E-02,-15.44316974411));
#1561 = CARTESIAN_POINT('',(-1.39379268299E-02,-15.4));
#1562 = CARTESIAN_POINT('',(0.,-15.4));
#1563 = ( GEOMETRIC_REPRESENTATION_CONTEXT(2) 
PARAMETRIC_REPRESENTATION_CONTEXT() REPRESENTATION_CONTEXT('2D SPACE',''
  ) );
#1564 = PCURVE('',#752,#1565);
#1565 = DEFINITIONAL_REPRESENTATION('',(#1566),#1593);
#1566 = B_SPLINE_CURVE_WITH_KNOTS('',7,(#1567,#1568,#1569,#1570,#1571,
    #1572,#1573,#1574,#1575,#1576,#1577,#1578,#1579,#1580,#1581,#1582,
    #1583,#1584,#1585,#1586,#1587,#1588,#1589,#1590,#1591,#1592),
  .UNSPECIFIED.,.F.,.F.,(8,6,6,6,8),(0.,0.245364488454,0.500048619019,
    0.754732749583,1.),.UNSPECIFIED.);
#1567 = CARTESIAN_POINT('',(3.14159265359,0.1));
#1568 = CARTESIAN_POINT('',(3.27439594321,0.1));
#1569 = CARTESIAN_POINT('',(3.403653535522,0.104537106091));
#1570 = CARTESIAN_POINT('',(3.529472962099,0.113174772733));
#1571 = CARTESIAN_POINT('',(3.651669698392,0.124740495645));
#1572 = CARTESIAN_POINT('',(3.769805227991,0.137629175921));
#1573 = CARTESIAN_POINT('',(3.883039482229,0.150414088102));
#1574 = CARTESIAN_POINT('',(4.100661787499,0.174291933521));
#1575 = CARTESIAN_POINT('',(4.207524224114,0.185628410354));
#1576 = CARTESIAN_POINT('',(4.311407328552,0.195322066849));
#1577 = CARTESIAN_POINT('',(4.413085677559,0.202867759315));
#1578 = CARTESIAN_POINT('',(4.51331494223,0.207990692584));
#1579 = CARTESIAN_POINT('',(4.612812311837,0.210555563314));
#1580 = CARTESIAN_POINT('',(4.811965648933,0.210555563314));
#1581 = CARTESIAN_POINT('',(4.911463018539,0.207990692584));
#1582 = CARTESIAN_POINT('',(5.011692283211,0.202867759315));
#1583 = CARTESIAN_POINT('',(5.113370632217,0.195322066849));
#1584 = CARTESIAN_POINT('',(5.217253736656,0.185628410354));
#1585 = CARTESIAN_POINT('',(5.324116173271,0.174291933521));
#1586 = CARTESIAN_POINT('',(5.541696160324,0.15041873132));
#1587 = CARTESIAN_POINT('',(5.654945356615,0.137632470095));
#1588 = CARTESIAN_POINT('',(5.773118110149,0.124738548732));
#1589 = CARTESIAN_POINT('',(5.895352979048,0.11316881147));
#1590 = CARTESIAN_POINT('',(6.021194815293,0.104532932431));
#1591 = CARTESIAN_POINT('',(6.150443146895,0.1));
#1592 = CARTESIAN_POINT('',(6.28318530718,0.1));
#1593 = ( GEOMETRIC_REPRESENTATION_CONTEXT(2) 
PARAMETRIC_REPRESENTATION_CONTEXT() REPRESENTATION_CONTEXT('2D SPACE',''
  ) );
#1594 = ORIENTED_EDGE('',*,*,#1595,.T.);
#1595 = EDGE_CURVE('',#1504,#1596,#1598,.T.);
#1596 = VERTEX_POINT('',#1597);
#1597 = CARTESIAN_POINT('',(20.,0.,45.));
#1598 = SEAM_CURVE('',#1599,(#1603,#1610),.PCURVE_S1.);
#1599 = LINE('',#1600,#1601);
#1600 = CARTESIAN_POINT('',(20.,0.,10.));
#1601 = VECTOR('',#1602,1.);
#1602 = DIRECTION('',(0.,0.,1.));
#1603 = PCURVE('',#531,#1604);
#1604 = DEFINITIONAL_REPRESENTATION('',(#1605),#1609);
#1605 = LINE('',#1606,#1607);
#1606 = CARTESIAN_POINT('',(-6.28318530718,0.));
#1607 = VECTOR('',#1608,1.);
#1608 = DIRECTION('',(-0.,-1.));
#1609 = ( GEOMETRIC_REPRESENTATION_CONTEXT(2) 
PARAMETRIC_REPRESENTATION_CONTEXT() REPRESENTATION_CONTEXT('2D SPACE',''
  ) );
#1610 = PCURVE('',#531,#1611);
#1611 = DEFINITIONAL_REPRESENTATION('',(#1612),#1616);
#1612 = LINE('',#1613,#1614);
#1613 = CARTESIAN_POINT('',(-0.,0.));
#1614 = VECTOR('',#1615,1.);
#1615 = DIRECTION('',(-0.,-1.));
#1616 = ( GEOMETRIC_REPRESENTATION_CONTEXT(2) 
PARAMETRIC_REPRESENTATION_CONTEXT() REPRESENTATION_CONTEXT('2D SPACE',''
  ) );
#1617 = ORIENTED_EDGE('',*,*,#1618,.T.);
#1618 = EDGE_CURVE('',#1596,#1596,#1619,.T.);
#1619 = SURFACE_CURVE('',#1620,(#1625,#1632),.PCURVE_S1.);
#1620 = CIRCLE('',#1621,20.);
#1621 = AXIS2_PLACEMENT_3D('',#1622,#1623,#1624);
#1622 = CARTESIAN_POINT('',(0.,0.,45.));
#1623 = DIRECTION('',(0.,0.,1.));
#1624 = DIRECTION('',(1.,0.,0.));
#1625 = PCURVE('',#531,#1626);
#1626 = DEFINITIONAL_REPRESENTATION('',(#1627),#1631);
#1627 = LINE('',#1628,#1629);
#1628 = CARTESIAN_POINT('',(-0.,-35.));
#1629 = VECTOR('',#1630,1.);
#1630 = DIRECTION('',(-1.,0.));
#1631 = ( GEOMETRIC_REPRESENTATION_CONTEXT(2) 
PARAMETRIC_REPRESENTATION_CONTEXT() REPRESENTATION_CONTEXT('2D SPACE',''
  ) );
#1632 = PCURVE('',#1216,#1633);
#1633 = DEFINITIONAL_REPRESENTATION('',(#1634),#1638);
#1634 = CIRCLE('',#1635,20.);
#1635 = AXIS2_PLACEMENT_2D('',#1636,#1637);
#1636 = CARTESIAN_POINT('',(1.093952106032E-15,-2.775209066E-16));
#1637 = DIRECTION('',(1.,0.));
#1638 = ( GEOMETRIC_REPRESENTATION_CONTEXT(2) 
PARAMETRIC_REPRESENTATION_CONTEXT() REPRESENTATION_CONTEXT('2D SPACE',''
  ) );
#1639 = ORIENTED_EDGE('',*,*,#1595,.F.);
#1640 = ORIENTED_EDGE('',*,*,#1641,.F.);
#1641 = EDGE_CURVE('',#1481,#1504,#1642,.T.);
#1642 = SURFACE_CURVE('',#1643,(#1670,#1700),.PCURVE_S1.);
#1643 = B_SPLINE_CURVE_WITH_KNOTS('',7,(#1644,#1645,#1646,#1647,#1648,
    #1649,#1650,#1651,#1652,#1653,#1654,#1655,#1656,#1657,#1658,#1659,
    #1660,#1661,#1662,#1663,#1664,#1665,#1666,#1667,#1668,#1669),
  .UNSPECIFIED.,.F.,.F.,(8,6,6,6,8),(0.,0.245360838187,0.500041300897,
    0.754734666473,1.),.UNSPECIFIED.);
#1644 = CARTESIAN_POINT('',(20.,-1.33226762955E-15,25.4));
#1645 = CARTESIAN_POINT('',(20.,-0.278886908202,25.4));
#1646 = CARTESIAN_POINT('',(19.995462893909,-0.550328053435,
    25.443209519246));
#1647 = CARTESIAN_POINT('',(19.986825227267,-0.806514363508,
    25.525478585236));
#1648 = CARTESIAN_POINT('',(19.975259504355,-1.040956361677,
    25.641151605607));
#1649 = CARTESIAN_POINT('',(19.962370824079,-1.248728105387,
    25.783140672347));
#1650 = CARTESIAN_POINT('',(19.949585911898,-1.426937569053,
    25.943036655213));
#1651 = CARTESIAN_POINT('',(19.925708060699,-1.729161688752,
    26.285842628587));
#1652 = CARTESIAN_POINT('',(19.914371706275,-1.85498851681,
    26.474078348684));
#1653 = CARTESIAN_POINT('',(19.904678004295,-1.953928849894,
    26.671457158816));
#1654 = CARTESIAN_POINT('',(19.897132009935,-2.027190531342,
    26.874853260152));
#1655 = CARTESIAN_POINT('',(19.892009054832,-2.075709898254,
    27.081952529256));
#1656 = CARTESIAN_POINT('',(19.889444436686,-2.1,27.290899589695));
#1657 = CARTESIAN_POINT('',(19.889444436686,-2.1,27.709111003951));
#1658 = CARTESIAN_POINT('',(19.892009307416,-2.075707482483,
    27.918055838178));
#1659 = CARTESIAN_POINT('',(19.897132240685,-2.027188408405,
    28.125149026539));
#1660 = CARTESIAN_POINT('',(19.904677933151,-1.953929088492,
    28.32854107711));
#1661 = CARTESIAN_POINT('',(19.914371589646,-1.854990022542,
    28.525919941185));
#1662 = CARTESIAN_POINT('',(19.925708066479,-1.729161615584,
    28.714157454406));
#1663 = CARTESIAN_POINT('',(19.949580752488,-1.427002872162,
    29.05688927295));
#1664 = CARTESIAN_POINT('',(19.962366716656,-1.248794515694,
    29.216821245064));
#1665 = CARTESIAN_POINT('',(19.975260916775,-1.040961419967,
    29.358873340329));
#1666 = CARTESIAN_POINT('',(19.98683150009,-0.806426122969,
    29.474581241512));
#1667 = CARTESIAN_POINT('',(19.995467612711,-0.550168786615,
    29.55683536598));
#1668 = CARTESIAN_POINT('',(20.,-0.278741900973,29.6));
#1669 = CARTESIAN_POINT('',(20.,-1.33226762955E-15,29.6));
#1670 = PCURVE('',#531,#1671);
#1671 = DEFINITIONAL_REPRESENTATION('',(#1672),#1699);
#1672 = B_SPLINE_CURVE_WITH_KNOTS('',7,(#1673,#1674,#1675,#1676,#1677,
    #1678,#1679,#1680,#1681,#1682,#1683,#1684,#1685,#1686,#1687,#1688,
    #1689,#1690,#1691,#1692,#1693,#1694,#1695,#1696,#1697,#1698),
  .UNSPECIFIED.,.F.,.F.,(8,6,6,6,8),(0.,0.245360838187,0.500041300897,
    0.754734666473,1.),.UNSPECIFIED.);
#1673 = CARTESIAN_POINT('',(-6.28318530718,-15.4));
#1674 = CARTESIAN_POINT('',(-6.269240961769,-15.4));
#1675 = CARTESIAN_POINT('',(-6.255668899466,-15.44320951924));
#1676 = CARTESIAN_POINT('',(-6.242855183643,-15.52547858523));
#1677 = CARTESIAN_POINT('',(-6.231120776894,-15.6411516056));
#1678 = CARTESIAN_POINT('',(-6.22071301121,-15.78314067234));
#1679 = CARTESIAN_POINT('',(-6.21177987488,-15.94303665521));
#1680 = CARTESIAN_POINT('',(-6.196621579271,-16.28584262858));
#1681 = CARTESIAN_POINT('',(-6.190305138395,-16.47407834868));
#1682 = CARTESIAN_POINT('',(-6.185334564385,-16.67145715881));
#1683 = CARTESIAN_POINT('',(-6.181652116636,-16.87485326015));
#1684 = CARTESIAN_POINT('',(-6.17921266175,-17.08195252925));
#1685 = CARTESIAN_POINT('',(-6.177991406139,-17.29089958969));
#1686 = CARTESIAN_POINT('',(-6.177991406139,-17.70911100395));
#1687 = CARTESIAN_POINT('',(-6.179212783186,-17.91805583817));
#1688 = CARTESIAN_POINT('',(-6.181652223427,-18.12514902653));
#1689 = CARTESIAN_POINT('',(-6.185334552145,-18.32854107711));
#1690 = CARTESIAN_POINT('',(-6.190305062902,-18.52591994118));
#1691 = CARTESIAN_POINT('',(-6.196621582941,-18.7141574544));
#1692 = CARTESIAN_POINT('',(-6.21177659955,-19.05688927295));
#1693 = CARTESIAN_POINT('',(-6.220709684538,-19.21682124506));
#1694 = CARTESIAN_POINT('',(-6.231120530515,-19.35887334032));
#1695 = CARTESIAN_POINT('',(-6.242859602677,-19.47458124151));
#1696 = CARTESIAN_POINT('',(-6.255676862967,-19.55683536598));
#1697 = CARTESIAN_POINT('',(-6.269248212131,-19.6));
#1698 = CARTESIAN_POINT('',(-6.28318530718,-19.6));
#1699 = ( GEOMETRIC_REPRESENTATION_CONTEXT(2) 
PARAMETRIC_REPRESENTATION_CONTEXT() REPRESENTATION_CONTEXT('2D SPACE',''
  ) );
#1700 = PCURVE('',#752,#1701);
#1701 = DEFINITIONAL_REPRESENTATION('',(#1702),#1729);
#1702 = B_SPLINE_CURVE_WITH_KNOTS('',7,(#1703,#1704,#1705,#1706,#1707,
    #1708,#1709,#1710,#1711,#1712,#1713,#1714,#1715,#1716,#1717,#1718,
    #1719,#1720,#1721,#1722,#1723,#1724,#1725,#1726,#1727,#1728),
  .UNSPECIFIED.,.F.,.F.,(8,6,6,6,8),(0.,0.245360838187,0.500041300897,
    0.754734666473,1.),.UNSPECIFIED.);
#1703 = CARTESIAN_POINT('',(-8.881784197001E-16,0.1));
#1704 = CARTESIAN_POINT('',(0.13280328962,0.1));
#1705 = CARTESIAN_POINT('',(0.262060881933,0.104537106091));
#1706 = CARTESIAN_POINT('',(0.387880308509,0.113174772733));
#1707 = CARTESIAN_POINT('',(0.510077044802,0.124740495645));
#1708 = CARTESIAN_POINT('',(0.628212574401,0.137629175921));
#1709 = CARTESIAN_POINT('',(0.741446828639,0.150414088102));
#1710 = CARTESIAN_POINT('',(0.959069186595,0.174291939301));
#1711 = CARTESIAN_POINT('',(1.065930493201,0.185628293725));
#1712 = CARTESIAN_POINT('',(1.169813941394,0.195321995705));
#1713 = CARTESIAN_POINT('',(1.27149437988,0.202867990065));
#1714 = CARTESIAN_POINT('',(1.371726257774,0.207990945168));
#1715 = CARTESIAN_POINT('',(1.47122470284,0.210555563314));
#1716 = CARTESIAN_POINT('',(1.670372995343,0.210555563314));
#1717 = CARTESIAN_POINT('',(1.769870364949,0.207990692584));
#1718 = CARTESIAN_POINT('',(1.870099629621,0.202867759315));
#1719 = CARTESIAN_POINT('',(1.971777978627,0.195322066849));
#1720 = CARTESIAN_POINT('',(2.075661083066,0.185628410354));
#1721 = CARTESIAN_POINT('',(2.182523519681,0.174291933521));
#1722 = CARTESIAN_POINT('',(2.400098802176,0.150419247512));
#1723 = CARTESIAN_POINT('',(2.513345582736,0.137633283344));
#1724 = CARTESIAN_POINT('',(2.631520210866,0.124739083225));
#1725 = CARTESIAN_POINT('',(2.753760255221,0.11316849991));
#1726 = CARTESIAN_POINT('',(2.879607623029,0.104532387289));
#1727 = CARTESIAN_POINT('',(3.008858415031,0.1));
#1728 = CARTESIAN_POINT('',(3.14159265359,0.1));
#1729 = ( GEOMETRIC_REPRESENTATION_CONTEXT(2) 
PARAMETRIC_REPRESENTATION_CONTEXT() REPRESENTATION_CONTEXT('2D SPACE',''
  ) );
#1730 = ORIENTED_EDGE('',*,*,#1480,.F.);
#1731 = ADVANCED_FACE('',(#1732,#1760),#679,.T.);
#1732 = FACE_BOUND('',#1733,.T.);
#1733 = EDGE_LOOP('',(#1734,#1756,#1757,#1758,#1759));
#1734 = ORIENTED_EDGE('',*,*,#1735,.T.);
#1735 = EDGE_CURVE('',#1352,#1123,#1736,.T.);
#1736 = SURFACE_CURVE('',#1737,(#1742,#1749),.PCURVE_S1.);
#1737 = CIRCLE('',#1738,11.);
#1738 = AXIS2_PLACEMENT_3D('',#1739,#1740,#1741);
#1739 = CARTESIAN_POINT('',(0.,0.,44.));
#1740 = DIRECTION('',(0.,0.,1.));
#1741 = DIRECTION('',(-0.272727272727,0.962091385842,0.));
#1742 = PCURVE('',#679,#1743);
#1743 = DEFINITIONAL_REPRESENTATION('',(#1744),#1748);
#1744 = CIRCLE('',#1745,11.);
#1745 = AXIS2_PLACEMENT_2D('',#1746,#1747);
#1746 = CARTESIAN_POINT('',(0.,0.));
#1747 = DIRECTION('',(-0.272727272727,0.962091385842));
#1748 = ( GEOMETRIC_REPRESENTATION_CONTEXT(2) 
PARAMETRIC_REPRESENTATION_CONTEXT() REPRESENTATION_CONTEXT('2D SPACE',''
  ) );
#1749 = PCURVE('',#1160,#1750);
#1750 = DEFINITIONAL_REPRESENTATION('',(#1751),#1755);
#1751 = LINE('',#1752,#1753);
#1752 = CARTESIAN_POINT('',(-1.847022957558,-0.));
#1753 = VECTOR('',#1754,1.);
#1754 = DIRECTION('',(-1.,-0.));
#1755 = ( GEOMETRIC_REPRESENTATION_CONTEXT(2) 
PARAMETRIC_REPRESENTATION_CONTEXT() REPRESENTATION_CONTEXT('2D SPACE',''
  ) );
#1756 = ORIENTED_EDGE('',*,*,#1122,.F.);
#1757 = ORIENTED_EDGE('',*,*,#1075,.F.);
#1758 = ORIENTED_EDGE('',*,*,#1403,.F.);
#1759 = ORIENTED_EDGE('',*,*,#1378,.F.);
#1760 = FACE_BOUND('',#1761,.T.);
#1761 = EDGE_LOOP('',(#1762,#1763));
#1762 = ORIENTED_EDGE('',*,*,#660,.T.);
#1763 = ORIENTED_EDGE('',*,*,#893,.T.);
#1764 = ADVANCED_FACE('',(#1765),#752,.F.);
#1765 = FACE_BOUND('',#1766,.F.);
#1766 = EDGE_LOOP('',(#1767,#1789,#1790,#1811,#1812,#1813,#1814,#1815,
    #1837,#1838));
#1767 = ORIENTED_EDGE('',*,*,#1768,.F.);
#1768 = EDGE_CURVE('',#774,#719,#1769,.T.);
#1769 = SURFACE_CURVE('',#1770,(#1775,#1782),.PCURVE_S1.);
#1770 = CIRCLE('',#1771,2.1);
#1771 = AXIS2_PLACEMENT_3D('',#1772,#1773,#1774);
#1772 = CARTESIAN_POINT('',(9.9,0.,27.5));
#1773 = DIRECTION('',(-1.,0.,0.));
#1774 = DIRECTION('',(0.,0.,-1.));
#1775 = PCURVE('',#752,#1776);
#1776 = DEFINITIONAL_REPRESENTATION('',(#1777),#1781);
#1777 = LINE('',#1778,#1779);
#1778 = CARTESIAN_POINT('',(0.,10.2));
#1779 = VECTOR('',#1780,1.);
#1780 = DIRECTION('',(1.,0.));
#1781 = ( GEOMETRIC_REPRESENTATION_CONTEXT(2) 
PARAMETRIC_REPRESENTATION_CONTEXT() REPRESENTATION_CONTEXT('2D SPACE',''
  ) );
#1782 = PCURVE('',#788,#1783);
#1783 = DEFINITIONAL_REPRESENTATION('',(#1784),#1788);
#1784 = CIRCLE('',#1785,2.1);
#1785 = AXIS2_PLACEMENT_2D('',#1786,#1787);
#1786 = CARTESIAN_POINT('',(0.,0.));
#1787 = DIRECTION('',(1.,0.));
#1788 = ( GEOMETRIC_REPRESENTATION_CONTEXT(2) 
PARAMETRIC_REPRESENTATION_CONTEXT() REPRESENTATION_CONTEXT('2D SPACE',''
  ) );
#1789 = ORIENTED_EDGE('',*,*,#799,.F.);
#1790 = ORIENTED_EDGE('',*,*,#1791,.F.);
#1791 = EDGE_CURVE('',#1481,#800,#1792,.T.);
#1792 = SEAM_CURVE('',#1793,(#1797,#1804),.PCURVE_S1.);
#1793 = LINE('',#1794,#1795);
#1794 = CARTESIAN_POINT('',(20.1,5.143516556419E-16,25.4));
#1795 = VECTOR('',#1796,1.);
#1796 = DIRECTION('',(-1.,0.,0.));
#1797 = PCURVE('',#752,#1798);
#1798 = DEFINITIONAL_REPRESENTATION('',(#1799),#1803);
#1799 = LINE('',#1800,#1801);
#1800 = CARTESIAN_POINT('',(6.28318530718,-0.));
#1801 = VECTOR('',#1802,1.);
#1802 = DIRECTION('',(0.,1.));
#1803 = ( GEOMETRIC_REPRESENTATION_CONTEXT(2) 
PARAMETRIC_REPRESENTATION_CONTEXT() REPRESENTATION_CONTEXT('2D SPACE',''
  ) );
#1804 = PCURVE('',#752,#1805);
#1805 = DEFINITIONAL_REPRESENTATION('',(#1806),#1810);
#1806 = LINE('',#1807,#1808);
#1807 = CARTESIAN_POINT('',(0.,-0.));
#1808 = VECTOR('',#1809,1.);
#1809 = DIRECTION('',(0.,1.));
#1810 = ( GEOMETRIC_REPRESENTATION_CONTEXT(2) 
PARAMETRIC_REPRESENTATION_CONTEXT() REPRESENTATION_CONTEXT('2D SPACE',''
  ) );
#1811 = ORIENTED_EDGE('',*,*,#1641,.T.);
#1812 = ORIENTED_EDGE('',*,*,#1503,.T.);
#1813 = ORIENTED_EDGE('',*,*,#1791,.T.);
#1814 = ORIENTED_EDGE('',*,*,#922,.F.);
#1815 = ORIENTED_EDGE('',*,*,#1816,.F.);
#1816 = EDGE_CURVE('',#973,#923,#1817,.T.);
#1817 = SURFACE_CURVE('',#1818,(#1823,#1830),.PCURVE_S1.);
#1818 = CIRCLE('',#1819,2.1);
#1819 = AXIS2_PLACEMENT_3D('',#1820,#1821,#1822);
#1820 = CARTESIAN_POINT('',(9.9,0.,27.5));
#1821 = DIRECTION('',(-1.,0.,0.));
#1822 = DIRECTION('',(0.,0.,-1.));
#1823 = PCURVE('',#752,#1824);
#1824 = DEFINITIONAL_REPRESENTATION('',(#1825),#1829);
#1825 = LINE('',#1826,#1827);
#1826 = CARTESIAN_POINT('',(0.,10.2));
#1827 = VECTOR('',#1828,1.);
#1828 = DIRECTION('',(1.,0.));
#1829 = ( GEOMETRIC_REPRESENTATION_CONTEXT(2) 
PARAMETRIC_REPRESENTATION_CONTEXT() REPRESENTATION_CONTEXT('2D SPACE',''
  ) );
#1830 = PCURVE('',#987,#1831);
#1831 = DEFINITIONAL_REPRESENTATION('',(#1832),#1836);
#1832 = CIRCLE('',#1833,2.1);
#1833 = AXIS2_PLACEMENT_2D('',#1834,#1835);
#1834 = CARTESIAN_POINT('',(0.,0.));
#1835 = DIRECTION('',(1.,0.));
#1836 = ( GEOMETRIC_REPRESENTATION_CONTEXT(2) 
PARAMETRIC_REPRESENTATION_CONTEXT() REPRESENTATION_CONTEXT('2D SPACE',''
  ) );
#1837 = ORIENTED_EDGE('',*,*,#998,.F.);
#1838 = ORIENTED_EDGE('',*,*,#718,.F.);
#1839 = ADVANCED_FACE('',(#1840),#788,.F.);
#1840 = FACE_BOUND('',#1841,.F.);
#1841 = EDGE_LOOP('',(#1842,#1843));
#1842 = ORIENTED_EDGE('',*,*,#773,.T.);
#1843 = ORIENTED_EDGE('',*,*,#1768,.T.);
#1844 = ADVANCED_FACE('',(#1845),#987,.F.);
#1845 = FACE_BOUND('',#1846,.F.);
#1846 = EDGE_LOOP('',(#1847,#1848));
#1847 = ORIENTED_EDGE('',*,*,#1816,.T.);
#1848 = ORIENTED_EDGE('',*,*,#972,.F.);
#1849 = ADVANCED_FACE('',(#1850,#1853),#1216,.T.);
#1850 = FACE_BOUND('',#1851,.T.);
#1851 = EDGE_LOOP('',(#1852));
#1852 = ORIENTED_EDGE('',*,*,#1618,.T.);
#1853 = FACE_BOUND('',#1854,.T.);
#1854 = EDGE_LOOP('',(#1855,#1876,#1904,#1923,#1924,#1925));
#1855 = ORIENTED_EDGE('',*,*,#1856,.T.);
#1856 = EDGE_CURVE('',#1176,#1857,#1859,.T.);
#1857 = VERTEX_POINT('',#1858);
#1858 = CARTESIAN_POINT('',(1.351460795211,10.,45.));
#1859 = SURFACE_CURVE('',#1860,(#1864,#1870),.PCURVE_S1.);
#1860 = LINE('',#1861,#1862);
#1861 = CARTESIAN_POINT('',(-1.5,10.,45.));
#1862 = VECTOR('',#1863,1.);
#1863 = DIRECTION('',(-1.,0.,0.));
#1864 = PCURVE('',#1216,#1865);
#1865 = DEFINITIONAL_REPRESENTATION('',(#1866),#1869);
#1866 = B_SPLINE_CURVE_WITH_KNOTS('',1,(#1867,#1868),.UNSPECIFIED.,.F.,
  .F.,(2,2),(-4.5,1.5),.PIECEWISE_BEZIER_KNOTS.);
#1867 = CARTESIAN_POINT('',(3.,10.));
#1868 = CARTESIAN_POINT('',(-3.,10.));
#1869 = ( GEOMETRIC_REPRESENTATION_CONTEXT(2) 
PARAMETRIC_REPRESENTATION_CONTEXT() REPRESENTATION_CONTEXT('2D SPACE',''
  ) );
#1870 = PCURVE('',#1191,#1871);
#1871 = DEFINITIONAL_REPRESENTATION('',(#1872),#1875);
#1872 = B_SPLINE_CURVE_WITH_KNOTS('',1,(#1873,#1874),.UNSPECIFIED.,.F.,
  .F.,(2,2),(-4.5,1.5),.PIECEWISE_BEZIER_KNOTS.);
#1873 = CARTESIAN_POINT('',(6.,-46.));
#1874 = CARTESIAN_POINT('',(0.,-46.));
#1875 = ( GEOMETRIC_REPRESENTATION_CONTEXT(2) 
PARAMETRIC_REPRESENTATION_CONTEXT() REPRESENTATION_CONTEXT('2D SPACE',''
  ) );
#1876 = ORIENTED_EDGE('',*,*,#1877,.T.);
#1877 = EDGE_CURVE('',#1857,#1878,#1880,.T.);
#1878 = VERTEX_POINT('',#1879);
#1879 = CARTESIAN_POINT('',(-1.351460795211,10.,45.));
#1880 = SURFACE_CURVE('',#1881,(#1886,#1897),.PCURVE_S1.);
#1881 = CIRCLE('',#1882,10.090909090909);
#1882 = AXIS2_PLACEMENT_3D('',#1883,#1884,#1885);
#1883 = CARTESIAN_POINT('',(0.,0.,45.));
#1884 = DIRECTION('',(0.,0.,-1.));
#1885 = DIRECTION('',(0.133928547273,0.990990990991,0.));
#1886 = PCURVE('',#1216,#1887);
#1887 = DEFINITIONAL_REPRESENTATION('',(#1888),#1896);
#1888 = ( BOUNDED_CURVE() B_SPLINE_CURVE(2,(#1889,#1890,#1891,#1892,
#1893,#1894,#1895),.UNSPECIFIED.,.T.,.F.) B_SPLINE_CURVE_WITH_KNOTS((1,2
    ,2,2,2,1),(-2.094395102393,0.,2.094395102393,4.188790204786,
6.28318530718,8.377580409573),.UNSPECIFIED.) CURVE() 
GEOMETRIC_REPRESENTATION_ITEM() RATIONAL_B_SPLINE_CURVE((1.,0.5,1.,0.5,
1.,0.5,1.)) REPRESENTATION_ITEM('') );
#1889 = CARTESIAN_POINT('',(1.351460795211,10.));
#1890 = CARTESIAN_POINT('',(18.6719688709,7.659201238257));
#1891 = CARTESIAN_POINT('',(7.984523640239,-6.170399380871));
#1892 = CARTESIAN_POINT('',(-2.702921590422,-20.));
#1893 = CARTESIAN_POINT('',(-9.33598443545,-3.829600619129));
#1894 = CARTESIAN_POINT('',(-15.96904728047,12.340798761742));
#1895 = CARTESIAN_POINT('',(1.351460795211,10.));
#1896 = ( GEOMETRIC_REPRESENTATION_CONTEXT(2) 
PARAMETRIC_REPRESENTATION_CONTEXT() REPRESENTATION_CONTEXT('2D SPACE',''
  ) );
#1897 = PCURVE('',#1160,#1898);
#1898 = DEFINITIONAL_REPRESENTATION('',(#1899),#1903);
#1899 = LINE('',#1900,#1901);
#1900 = CARTESIAN_POINT('',(-7.719649443928,-1.));
#1901 = VECTOR('',#1902,1.);
#1902 = DIRECTION('',(1.,-0.));
#1903 = ( GEOMETRIC_REPRESENTATION_CONTEXT(2) 
PARAMETRIC_REPRESENTATION_CONTEXT() REPRESENTATION_CONTEXT('2D SPACE',''
  ) );
#1904 = ORIENTED_EDGE('',*,*,#1905,.T.);
#1905 = EDGE_CURVE('',#1878,#1303,#1906,.T.);
#1906 = SURFACE_CURVE('',#1907,(#1911,#1917),.PCURVE_S1.);
#1907 = LINE('',#1908,#1909);
#1908 = CARTESIAN_POINT('',(-1.5,10.,45.));
#1909 = VECTOR('',#1910,1.);
#1910 = DIRECTION('',(-1.,0.,0.));
#1911 = PCURVE('',#1216,#1912);
#1912 = DEFINITIONAL_REPRESENTATION('',(#1913),#1916);
#1913 = B_SPLINE_CURVE_WITH_KNOTS('',1,(#1914,#1915),.UNSPECIFIED.,.F.,
  .F.,(2,2),(-4.5,1.5),.PIECEWISE_BEZIER_KNOTS.);
#1914 = CARTESIAN_POINT('',(3.,10.));
#1915 = CARTESIAN_POINT('',(-3.,10.));
#1916 = ( GEOMETRIC_REPRESENTATION_CONTEXT(2) 
PARAMETRIC_REPRESENTATION_CONTEXT() REPRESENTATION_CONTEXT('2D SPACE',''
  ) );
#1917 = PCURVE('',#1339,#1918);
#1918 = DEFINITIONAL_REPRESENTATION('',(#1919),#1922);
#1919 = B_SPLINE_CURVE_WITH_KNOTS('',1,(#1920,#1921),.UNSPECIFIED.,.F.,
  .F.,(2,2),(-4.5,1.5),.PIECEWISE_BEZIER_KNOTS.);
#1920 = CARTESIAN_POINT('',(6.,-46.));
#1921 = CARTESIAN_POINT('',(0.,-46.));
#1922 = ( GEOMETRIC_REPRESENTATION_CONTEXT(2) 
PARAMETRIC_REPRESENTATION_CONTEXT() REPRESENTATION_CONTEXT('2D SPACE',''
  ) );
#1923 = ORIENTED_EDGE('',*,*,#1302,.T.);
#1924 = ORIENTED_EDGE('',*,*,#1232,.T.);
#1925 = ORIENTED_EDGE('',*,*,#1203,.T.);
#1926 = ADVANCED_FACE('',(#1927),#1191,.T.);
#1927 = FACE_BOUND('',#1928,.T.);
#1928 = EDGE_LOOP('',(#1929,#1930,#1955));
#1929 = ORIENTED_EDGE('',*,*,#1175,.F.);
#1930 = ORIENTED_EDGE('',*,*,#1931,.T.);
#1931 = EDGE_CURVE('',#1144,#1857,#1932,.T.);
#1932 = SURFACE_CURVE('',#1933,(#1938,#1945),.PCURVE_S1.);
#1933 = HYPERBOLA('',#1934,11.,10.);
#1934 = AXIS2_PLACEMENT_3D('',#1935,#1936,#1937);
#1935 = CARTESIAN_POINT('',(0.,10.,56.1));
#1936 = DIRECTION('',(0.,1.,0.));
#1937 = DIRECTION('',(0.,0.,-1.));
#1938 = PCURVE('',#1191,#1939);
#1939 = DEFINITIONAL_REPRESENTATION('',(#1940),#1944);
#1940 = ( BOUNDED_CURVE() B_SPLINE_CURVE(2,(#1941,#1942,#1943),
.UNSPECIFIED.,.F.,.F.) B_SPLINE_CURVE_WITH_KNOTS((3,3),(-0.324286295137,
-6.123233995737E-17),.PIECEWISE_BEZIER_KNOTS.) CURVE() 
GEOMETRIC_REPRESENTATION_ITEM() RATIONAL_B_SPLINE_CURVE((1.,
1.013174024783,1.)) REPRESENTATION_ITEM('') );
#1941 = CARTESIAN_POINT('',(6.3,-45.51652470111));
#1942 = CARTESIAN_POINT('',(4.607369969395,-46.1));
#1943 = CARTESIAN_POINT('',(3.,-46.1));
#1944 = ( GEOMETRIC_REPRESENTATION_CONTEXT(2) 
PARAMETRIC_REPRESENTATION_CONTEXT() REPRESENTATION_CONTEXT('2D SPACE',''
  ) );
#1945 = PCURVE('',#1160,#1946);
#1946 = DEFINITIONAL_REPRESENTATION('',(#1947),#1954);
#1947 = B_SPLINE_CURVE_WITH_KNOTS('',5,(#1948,#1949,#1950,#1951,#1952,
    #1953),.UNSPECIFIED.,.F.,.F.,(6,6),(-0.295673047563,-0.134738029381)
  ,.PIECEWISE_BEZIER_KNOTS.);
#1948 = CARTESIAN_POINT('',(-7.562524826097,-0.615662856384));
#1949 = CARTESIAN_POINT('',(-7.593354365286,-0.7218799917));
#1950 = CARTESIAN_POINT('',(-7.624540340549,-0.813224850532));
#1951 = CARTESIAN_POINT('',(-7.656027294606,-0.88992657042));
#1952 = CARTESIAN_POINT('',(-7.687752449783,-0.952150532326));
#1953 = CARTESIAN_POINT('',(-7.719649462728,-0.999999974592));
#1954 = ( GEOMETRIC_REPRESENTATION_CONTEXT(2) 
PARAMETRIC_REPRESENTATION_CONTEXT() REPRESENTATION_CONTEXT('2D SPACE',''
  ) );
#1955 = ORIENTED_EDGE('',*,*,#1856,.F.);
#1956 = ADVANCED_FACE('',(#1957),#1160,.F.);
#1957 = FACE_BOUND('',#1958,.F.);
#1958 = EDGE_LOOP('',(#1959,#1960,#1985,#1986,#1987,#1988));
#1959 = ORIENTED_EDGE('',*,*,#1877,.T.);
#1960 = ORIENTED_EDGE('',*,*,#1961,.T.);
#1961 = EDGE_CURVE('',#1878,#1324,#1962,.T.);
#1962 = SURFACE_CURVE('',#1963,(#1968,#1978),.PCURVE_S1.);
#1963 = HYPERBOLA('',#1964,11.,10.);
#1964 = AXIS2_PLACEMENT_3D('',#1965,#1966,#1967);
#1965 = CARTESIAN_POINT('',(0.,10.,56.1));
#1966 = DIRECTION('',(0.,1.,0.));
#1967 = DIRECTION('',(0.,0.,-1.));
#1968 = PCURVE('',#1160,#1969);
#1969 = DEFINITIONAL_REPRESENTATION('',(#1970),#1977);
#1970 = B_SPLINE_CURVE_WITH_KNOTS('',5,(#1971,#1972,#1973,#1974,#1975,
    #1976),.UNSPECIFIED.,.F.,.F.,(6,6),(0.134738029381,0.295673047563),
  .PIECEWISE_BEZIER_KNOTS.);
#1971 = CARTESIAN_POINT('',(-1.705128498041,-0.999999974592));
#1972 = CARTESIAN_POINT('',(-1.737025510986,-0.952150532326));
#1973 = CARTESIAN_POINT('',(-1.768750666163,-0.88992657042));
#1974 = CARTESIAN_POINT('',(-1.80023762022,-0.813224850532));
#1975 = CARTESIAN_POINT('',(-1.831423595483,-0.7218799917));
#1976 = CARTESIAN_POINT('',(-1.862253134673,-0.615662856384));
#1977 = ( GEOMETRIC_REPRESENTATION_CONTEXT(2) 
PARAMETRIC_REPRESENTATION_CONTEXT() REPRESENTATION_CONTEXT('2D SPACE',''
  ) );
#1978 = PCURVE('',#1339,#1979);
#1979 = DEFINITIONAL_REPRESENTATION('',(#1980),#1984);
#1980 = ( BOUNDED_CURVE() B_SPLINE_CURVE(2,(#1981,#1982,#1983),
.UNSPECIFIED.,.F.,.F.) B_SPLINE_CURVE_WITH_KNOTS((3,3),(
-6.123233995737E-17,0.324286295137),.PIECEWISE_BEZIER_KNOTS.) CURVE() 
GEOMETRIC_REPRESENTATION_ITEM() RATIONAL_B_SPLINE_CURVE((1.,
1.013174024783,1.)) REPRESENTATION_ITEM('') );
#1981 = CARTESIAN_POINT('',(3.,-46.1));
#1982 = CARTESIAN_POINT('',(1.392630030605,-46.1));
#1983 = CARTESIAN_POINT('',(-0.3,-45.51652470111));
#1984 = ( GEOMETRIC_REPRESENTATION_CONTEXT(2) 
PARAMETRIC_REPRESENTATION_CONTEXT() REPRESENTATION_CONTEXT('2D SPACE',''
  ) );
#1985 = ORIENTED_EDGE('',*,*,#1351,.T.);
#1986 = ORIENTED_EDGE('',*,*,#1735,.T.);
#1987 = ORIENTED_EDGE('',*,*,#1143,.T.);
#1988 = ORIENTED_EDGE('',*,*,#1931,.T.);
#1989 = ADVANCED_FACE('',(#1990),#1339,.T.);
#1990 = FACE_BOUND('',#1991,.T.);
#1991 = EDGE_LOOP('',(#1992,#1993,#1994));
#1992 = ORIENTED_EDGE('',*,*,#1961,.T.);
#1993 = ORIENTED_EDGE('',*,*,#1323,.T.);
#1994 = ORIENTED_EDGE('',*,*,#1905,.F.);
#1995 = ( GEOMETRIC_REPRESENTATION_CONTEXT(3) 
GLOBAL_UNCERTAINTY_ASSIGNED_CONTEXT((#1999)) 
GLOBAL_UNIT_ASSIGNED_CONTEXT((#1996,#1997,#1998)) REPRESENTATION_CONTEXT
('Context #1','3D Context with UNIT and UNCERTAINTY') );
#1996 = ( LENGTH_UNIT() NAMED_UNIT(*) SI_UNIT(.MILLI.,.METRE.) );
#1997 = ( NAMED_UNIT(*) PLANE_ANGLE_UNIT() SI_UNIT($,.RADIAN.) );
#1998 = ( NAMED_UNIT(*) SI_UNIT($,.STERADIAN.) SOLID_ANGLE_UNIT() );
#1999 = UNCERTAINTY_MEASURE_WITH_UNIT(LENGTH_MEASURE(1.E-07),#1996,
  'distance_accuracy_value','confusion accuracy');
#2000 = PRODUCT_RELATED_PRODUCT_CATEGORY('part',$,(#7));
ENDSEC;
END-ISO-10303-21;
